cell_id,_ix,_iy,n_incidents,weight,lat,lon,share,cell_km,cell_dlat,cell_dlon,response_s,response_s_current,response_s_delta,assigned_site,drive_s,covered,covered_current
0,-11,6328,307,307.0,51.51022653379869,-0.13694106156319216,0.01535,0.9,0.008139345596614033,0.01298954045791474,143.49416554246585,250.63436585138106,-107.14020030891521,102,83.49416554246585,True,True
1,-11,6329,234,234.0,51.51686257510299,-0.13693715861880343,0.0117,0.9,0.008139345596614033,0.01298954045791474,254.4437012527262,263.324839283362,-8.881138030635782,102,194.4437012527262,True,True
2,-10,6328,197,197.0,51.5107582676264,-0.12378155801878173,0.00985,0.9,0.008139345596614033,0.01298954045791474,266.88194778966675,286.69329300098946,-19.811345211322703,102,206.88194778966675,True,True
3,-12,6329,157,157.0,51.51752864659044,-0.14831086025732484,0.00785,0.9,0.008139345596614033,0.01298954045791474,280.83096644664573,303.4366689263632,-22.60570247971748,102,220.83096644664573,True,True
4,-9,6329,140,140.0,51.51860141576643,-0.10922895521785714,0.007,0.9,0.008139345596614033,0.01298954045791474,143.49416554246585,317.76895726602385,-174.274791723558,106,83.49416554246585,True,True
5,-7,6329,137,137.0,51.517495852174456,-0.08513038700948905,0.00685,0.9,0.008139345596614033,0.01298954045791474,252.55357449436656,252.55357449436656,0.0,77,218.8423350098355,True,True
6,-12,6328,122,122.0,51.51073276987541,-0.1479826452352459,0.0061,0.9,0.008139345596614033,0.01298954045791474,256.5515868589991,301.9900874173733,-45.43850055837419,102,196.5515868589991,True,True
7,-11,6330,117,117.0,51.525218238458116,-0.1356938599803419,0.00585,0.9,0.008139345596614033,0.01298954045791474,193.9151836638154,193.9151836638154,0.0,27,141.9518737208918,True,True
8,-10,6329,117,117.0,51.51716489652222,-0.12337035945470086,0.00585,0.9,0.008139345596614033,0.01298954045791474,272.10046481989576,295.7213257749833,-23.62086095508755,106,212.10046481989576,True,True
9,-7,6328,115,115.0,51.51075236171826,-0.08473095102347826,0.00575,0.9,0.008139345596614033,0.01298954045791474,269.2599608390602,269.2599608390602,0.0,19,194.48577214980196,True,True
10,-8,6329,109,109.0,51.51838531876055,-0.09756287732477063,0.00545,0.9,0.008139345596614033,0.01298954045791474,259.56314862739146,283.672351742384,-24.109203114992567,106,199.56314862739146,True,True
11,-10,6330,107,107.0,51.52580873304486,-0.1230948729130841,0.00535,0.9,0.008139345596614033,0.01298954045791474,255.81231886512245,255.81231886512245,0.0,27,203.84900892219883,True,True
12,-7,6330,105,105.0,51.525730161755234,-0.08427396163238096,0.00525,0.9,0.008139345596614033,0.01298954045791474,172.10090900393473,172.10090900393473,0.0,77,138.38966951940367,True,True
13,-38,6323,89,89.0,51.46947372041124,-0.48889696751011236,0.00445,0.9,0.008139345596614033,0.01298954045791474,420.2718159549032,420.2718159549032,0.0,38,301.42893036411095,True,True
14,-24,6316,86,86.0,51.41110068080116,-0.3043759169883721,0.0043,0.9,0.008139345596614033,0.01298954045791474,265.45869277440175,265.45869277440175,0.0,50,153.00143326016786,True,True
15,-9,6322,81,81.0,51.46167177251112,-0.11308155008765433,0.00405,0.9,0.008139345596614033,0.01298954045791474,189.0852615065501,189.0852615065501,0.0,9,159.0852615065501,True,True
16,-11,6326,76,76.0,51.49443631405789,-0.13674097040657895,0.0038,0.9,0.008139345596614033,0.01298954045791474,253.2654663519583,253.2654663519583,0.0,51,219.29785813434168,True,True
17,-9,6327,76,76.0,51.50128356417237,-0.11147234241842105,0.0038,0.9,0.008139345596614033,0.01298954045791474,263.7066948683653,263.7066948683653,0.0,51,229.73908665074865,True,True
18,-6,6329,74,74.0,51.5169788482,-0.07192161814729729,0.0037,0.9,0.008139345596614033,0.01298954045791474,192.20721343402815,192.20721343402815,0.0,97,140.3234816662074,True,True
19,-9,6330,69,69.0,51.525322945559424,-0.11067048085942029,0.00345,0.9,0.008139345596614033,0.01298954045791474,255.64986509492684,310.1830228715417,-54.53315777661487,106,195.64986509492684,True,True
20,-13,6329,66,66.0,51.51838839415455,-0.16196807638181818,0.0033,0.9,0.008139345596614033,0.01298954045791474,285.46603422991603,285.46603422991603,0.0,66,228.9109307990888,True,True
21,-13,6333,65,65.0,51.552252163826154,-0.16473807085076925,0.00325,0.9,0.008139345596614033,0.01298954045791474,321.5991285587081,321.5991285587081,0.0,49,258.97175573906725,True,True
22,-8,6328,64,64.0,51.510579824925,-0.095586553784375,0.0032,0.9,0.008139345596614033,0.01298954045791474,191.05642735832902,191.05642735832902,0.0,19,116.28223866907072,True,True
23,-8,6330,63,63.0,51.525710977103174,-0.09663760128888889,0.00315,0.9,0.008139345596614033,0.01298954045791474,238.45509261689753,238.45509261689753,0.0,77,204.74385313236647,True,True
24,-2,6327,62,62.0,51.50296496393226,-0.01833095538387097,0.0031,0.9,0.008139345596614033,0.01298954045791474,260.71465616166404,260.71465616166404,0.0,57,187.21339643475991,True,True
25,-8,6327,62,62.0,51.50218563499516,-0.09662519673870967,0.0031,0.9,0.008139345596614033,0.01298954045791474,279.14614479462733,279.14614479462733,0.0,19,204.37195610536907,True,True
26,-8,6311,61,61.0,51.37226355707869,-0.09848813579180328,0.00305,0.9,0.008139345596614033,0.01298954045791474,180.7608399197929,180.7608399197929,0.0,15,128.0289046159561,True,True
27,0,6332,60,60.0,51.542065236934995,0.004557048839999999,0.003,0.9,0.008139345596614033,0.01298954045791474,200.13834335642665,200.13834335642665,0.0,84,170.13834335642665,True,True
28,-14,6329,58,58.0,51.518339578232755,-0.17412227863965518,0.0029,0.9,0.008139345596614033,0.01298954045791474,241.77452796031343,241.77452796031343,0.0,66,185.21942452948622,True,True
29,-5,6329,56,56.0,51.51761552435892,-0.05906929467857143,0.0028,0.9,0.008139345596614033,0.01298954045791474,240.91433967831824,240.91433967831824,0.0,76,187.29428109533973,True,True
30,-18,6326,54,54.0,51.49359284639075,-0.22689052553333333,0.0027,0.9,0.008139345596614033,0.01298954045791474,222.51926925250675,222.51926925250675,0.0,34,175.457836607966,True,True
31,-11,6332,54,54.0,51.54220202972407,-0.13777652784814814,0.0027,0.9,0.008139345596614033,0.01298954045791474,273.3159954903422,273.3159954903422,0.0,49,210.6886226707013,True,True
32,-12,6326,53,53.0,51.49417331626981,-0.1473512062018868,0.00265,0.9,0.008139345596614033,0.01298954045791474,297.45021069695355,297.45021069695355,0.0,11,253.1193592198618,True,True
33,-6,6328,52,52.0,51.511052130817305,-0.07297239809423077,0.0026,0.9,0.008139345596614033,0.01298954045791474,234.19084017180057,234.19084017180057,0.0,97,182.30710840397984,True,True
34,5,6334,52,52.0,51.558701238907695,0.07099992454807692,0.0026,0.9,0.008139345596614033,0.01298954045791474,228.10021911618253,228.10021911618253,0.0,46,198.10021911618253,True,True
35,-11,6331,51,51.0,51.53520032261569,-0.13822934223137257,0.00255,0.9,0.008139345596614033,0.01298954045791474,259.70008541407555,259.70008541407555,0.0,27,207.73677547115193,True,True
36,-14,6326,50,50.0,51.492381478759995,-0.17386562984800003,0.0025,0.9,0.008139345596614033,0.01298954045791474,220.93478905898095,220.93478905898095,0.0,11,176.6039375818892,True,True
37,-7,6327,49,49.0,51.50214280132857,-0.08471072978163265,0.00245,0.9,0.008139345596614033,0.01298954045791474,267.39086632560725,267.39086632560725,0.0,18,209.1245592743564,True,True
38,2,6330,49,49.0,51.524248567079596,0.03384605232857143,0.00245,0.9,0.008139345596614033,0.01298954045791474,220.87100929582323,220.87100929582323,0.0,69,188.39379666117458,True,True
39,-5,6330,49,49.0,51.52650023433265,-0.05827330756938775,0.00245,0.9,0.008139345596614033,0.01298954045791474,241.7075545764434,241.7075545764434,0.0,6,196.75616739860402,True,True
40,1,6315,48,48.0,51.40435416626459,0.01670062170208333,0.0024,0.9,0.008139345596614033,0.01298954045791474,206.1493103574628,206.1493103574628,0.0,10,150.9515937848272,True,True
41,-3,6324,48,48.0,51.47702762626875,-0.03313217415,0.0024,0.9,0.008139345596614033,0.01298954045791474,276.24198844273667,276.24198844273667,0.0,17,219.4172769075635,True,True
42,-24,6322,48,48.0,51.46131516295,-0.30340357814583335,0.0024,0.9,0.008139345596614033,0.01298954045791474,293.3778512712495,293.3778512712495,0.0,73,223.38731175545246,True,True
43,-9,6328,47,47.0,51.51101412292553,-0.10954257270638297,0.00235,0.9,0.008139345596614033,0.01298954045791474,262.149201196639,286.73465829246555,-24.58545709582654,106,202.149201196639,True,True
44,-11,6335,47,47.0,51.56600343475745,-0.13812459506170213,0.00235,0.9,0.008139345596614033,0.01298954045791474,311.1058622918159,311.1058622918159,0.0,42,262.6222262422981,True,True
45,-36,6323,47,47.0,51.47189194622128,-0.4572251203319149,0.00235,0.9,0.008139345596614033,0.01298954045791474,243.58771679122037,243.58771679122037,0.0,38,124.7448312004281,True,True
46,-16,6328,46,46.0,51.50872662804565,-0.20021349227173915,0.0023,0.9,0.008139345596614033,0.01298954045791474,254.10250368315556,254.10250368315556,0.0,48,222.95782634299414,True,True
47,-15,6326,46,46.0,51.49339382596956,-0.1894756117826087,0.0023,0.9,0.008139345596614033,0.01298954045791474,222.33689818435562,222.33689818435562,0.0,48,191.1922208441942,True,True
48,-12,6332,46,46.0,51.54210633609131,-0.14675936744782608,0.0023,0.9,0.008139345596614033,0.01298954045791474,271.9405259679795,271.9405259679795,0.0,49,209.31315314833864,True,True
49,-18,6327,45,45.0,51.50132971192445,-0.22643582118,0.00225,0.9,0.008139345596614033,0.01298954045791474,212.09421817792142,212.09421817792142,0.0,34,165.03278553338066,True,True
50,-10,6327,44,44.0,51.501696358229545,-0.12363749948636364,0.0022,0.9,0.008139345596614033,0.01298954045791474,255.13090256104573,255.13090256104573,0.0,51,221.16329434342907,True,True
51,-6,6330,44,44.0,51.52621912514546,-0.07291879130681818,0.0022,0.9,0.008139345596614033,0.01298954045791474,231.92485953300374,231.92485953300374,0.0,77,198.21362004847268,True,True
52,-5,6333,43,43.0,51.54966960742093,-0.05591435267209303,0.00215,0.9,0.008139345596614033,0.01298954045791474,229.5363801693869,229.5363801693869,0.0,43,182.92949801159557,True,True
53,-24,6328,43,43.0,51.51184061213488,-0.30576557786744185,0.00215,0.9,0.008139345596614033,0.01298954045791474,241.81350184909215,241.81350184909215,0.0,20,211.81350184909215,True,True
54,-35,6323,42,42.0,51.47076751453095,-0.4512981565309524,0.0021,0.9,0.008139345596614033,0.01298954045791474,276.69341009376944,276.69341009376944,0.0,38,157.85052450297715,True,True
55,-10,6326,42,42.0,51.49432133891667,-0.12470781777380953,0.0021,0.9,0.008139345596614033,0.01298954045791474,197.0862232607941,197.0862232607941,0.0,51,163.11861504317744,True,True
56,-17,6326,41,41.0,51.49315907719268,-0.21533355477560975,0.00205,0.9,0.008139345596614033,0.01298954045791474,248.47366117187667,248.47366117187667,0.0,34,201.4122285273359,True,True
57,-15,6327,41,41.0,51.50140727446098,-0.19029456676097561,0.00205,0.9,0.008139345596614033,0.01298954045791474,192.9274426316333,192.9274426316333,0.0,48,161.7827652914719,True,True
58,-8,6324,41,41.0,51.47686538232195,-0.09713191831707317,0.00205,0.9,0.008139345596614033,0.01298954045791474,256.9835016578277,256.9835016578277,0.0,68,226.98350165782765,True,True
59,-16,6329,41,41.0,51.51830667557561,-0.20239868726585364,0.00205,0.9,0.008139345596614033,0.01298954045791474,216.30566732585953,216.30566732585953,0.0,62,183.35797259971636,True,True
60,-7,6324,41,41.0,51.475875245909755,-0.08329334890975611,0.00205,0.9,0.008139345596614033,0.01298954045791474,185.6271430757448,185.6271430757448,0.0,68,155.6271430757448,True,True
61,-8,6312,40,40.0,51.3780658586025,-0.100157934115,0.002,0.9,0.008139345596614033,0.01298954045791474,235.65130220502158,235.65130220502158,0.0,15,182.9193669011848,True,True
62,-4,6326,40,40.0,51.4926777371025,-0.0454324183675,0.002,0.9,0.008139345596614033,0.01298954045791474,268.0927385446373,268.0927385446373,0.0,17,211.26802700946416,True,True
63,-16,6332,40,40.0,51.5421267662325,-0.19961944849,0.002,0.9,0.008139345596614033,0.01298954045791474,272.02628683805153,272.02628683805153,0.0,95,200.00511627680925,True,True
64,-13,6327,39,39.0,51.499514029546155,-0.1622895123051282,0.00195,0.9,0.008139345596614033,0.01298954045791474,259.6890101529623,259.6890101529623,0.0,11,215.3581586758705,True,True
65,-6,6338,39,39.0,51.591034978579486,-0.07012695627179487,0.00195,0.9,0.008139345596614033,0.01298954045791474,226.59671921554065,226.59671921554065,0.0,88,167.84649747236205,True,True
66,-16,6326,39,39.0,51.49305936260256,-0.20126239506410257,0.00195,0.9,0.008139345596614033,0.01298954045791474,232.52456166416698,232.52456166416698,0.0,48,201.37988432400556,True,True
67,-15,6324,39,39.0,51.47748107028718,-0.1885426767051282,0.00195,0.9,0.008139345596614033,0.01298954045791474,233.82953275242627,233.82953275242627,0.0,31,201.82174374885352,True,True
68,-9,6326,38,38.0,51.493004941034215,-0.11008961863421052,0.0019,0.9,0.008139345596614033,0.01298954045791474,233.16926676930768,233.16926676930768,0.0,51,199.20165855169103,True,True
69,-11,6327,38,38.0,51.50177532126579,-0.13541349405526315,0.0019,0.9,0.008139345596614033,0.01298954045791474,269.0960313239758,291.286712446337,-22.190681122361184,102,209.09603132397578,True,True
70,-8,6332,38,38.0,51.5420967482921,-0.09834653147894737,0.0019,0.9,0.008139345596614033,0.01298954045791474,209.91879864165378,209.91879864165378,0.0,47,164.57643230006056,True,True
71,6,6326,38,38.0,51.49314174182895,0.08612251601842105,0.0019,0.9,0.008139345596614033,0.01298954045791474,249.36884283903146,249.36884283903146,0.0,70,181.60367965123118,True,True
72,8,6336,38,38.0,51.57672637525,0.11091831545789474,0.0019,0.9,0.008139345596614033,0.01298954045791474,349.117199635731,349.117199635731,0.0,46,319.117199635731,True,True
73,-8,6323,37,37.0,51.46859795075946,-0.09646394171351351,0.00185,0.9,0.008139345596614033,0.01298954045791474,257.4436396930817,257.4436396930817,0.0,9,227.4436396930817,True,True
74,-2,6328,37,37.0,51.50959820832973,-0.019152034413513513,0.00185,0.9,0.008139345596614033,0.01298954045791474,222.08395853895342,222.08395853895342,0.0,71,171.66826312770263,True,True
75,-10,6325,37,37.0,51.48553379462703,-0.12362553902432434,0.00185,0.9,0.008139345596614033,0.01298954045791474,224.58837154376266,224.58837154376266,0.0,51,190.620763326146,True,True
76,-6,6331,37,37.0,51.53319992567297,-0.07125830861351351,0.00185,0.9,0.008139345596614033,0.01298954045791474,252.977481843229,252.977481843229,0.0,77,219.26624235869792,True,True
77,-10,6331,37,37.0,51.53296447298378,-0.1218716040054054,0.00185,0.9,0.008139345596614033,0.01298954045791474,273.8606540089299,273.8606540089299,0.0,27,221.89734406600627,True,True
78,4,6326,36,36.0,51.49156707200834,0.06273284798055556,0.0018,0.9,0.008139345596614033,0.01298954045791474,342.65197457941673,342.65197457941673,0.0,70,274.88681139161645,True,True
79,-13,6326,36,36.0,51.492328340838895,-0.16188527710277778,0.0018,0.9,0.008139345596614033,0.01298954045791474,209.38575505574553,209.38575505574553,0.0,11,165.05490357865378,True,True
80,-8,6326,36,36.0,51.493518489383334,-0.0976855496611111,0.0018,0.9,0.008139345596614033,0.01298954045791474,264.5449553507497,264.5449553507497,0.0,64,221.37601180695177,True,True
81,-9,6332,36,36.0,51.54420430621389,-0.11290051090555557,0.0018,0.9,0.008139345596614033,0.01298954045791474,260.7732496128553,260.7732496128553,0.0,47,215.43088327126208,True,True
82,-12,6330,36,36.0,51.52391678688333,-0.14784201139722222,0.0018,0.9,0.008139345596614033,0.01298954045791474,259.57162184009724,259.57162184009724,0.0,27,207.60831189717362,True,True
83,-6,6323,35,35.0,51.47006697046286,-0.07002660647142857,0.00175,0.9,0.008139345596614033,0.01298954045791474,230.0011581931176,230.0011581931176,0.0,68,200.0011581931176,True,True
84,-5,6331,35,35.0,51.534008605197144,-0.05819777718285714,0.00175,0.9,0.008139345596614033,0.01298954045791474,254.32816252172424,254.32816252172424,0.0,6,209.37677534388484,True,True
85,-17,6317,35,35.0,51.41992624876286,-0.21064942405714285,0.00175,0.9,0.008139345596614033,0.01298954045791474,246.14876015286188,246.14876015286188,0.0,99,180.0693139543497,True,True
86,-11,6333,35,35.0,51.551293851211426,-0.13741970987714286,0.00175,0.9,0.008139345596614033,0.01298954045791474,227.64551479004191,227.64551479004191,0.0,49,165.01814197040108,True,True
87,-9,6331,35,35.0,51.532785232231426,-0.10860816554571429,0.00175,0.9,0.008139345596614033,0.01298954045791474,249.53733481933529,249.53733481933529,0.0,47,204.19496847774207,True,True
88,-16,6330,35,35.0,51.52528217368571,-0.20088451321428571,0.00175,0.9,0.008139345596614033,0.01298954045791474,238.60893318146086,238.60893318146086,0.0,62,205.6612384553177,True,True
89,-10,6323,34,34.0,51.46955027516765,-0.12293108788823529,0.0017,0.9,0.008139345596614033,0.01298954045791474,232.89566122554265,232.89566122554265,0.0,9,202.89566122554265,True,True
90,-10,6334,34,34.0,51.55863709442059,-0.12105235593235296,0.0017,0.9,0.008139345596614033,0.01298954045791474,213.94285384335828,213.94285384335828,0.0,42,165.45921779384048,True,True
91,-9,6335,34,34.0,51.56601176809412,-0.10827005135000001,0.0017,0.9,0.008139345596614033,0.01298954045791474,247.7479492865135,247.7479492865135,0.0,42,199.2643132369957,True,True
92,-11,6318,33,33.0,51.42827887108485,-0.13310381429090912,0.00165,0.9,0.008139345596614033,0.01298954045791474,329.54757938600306,329.54757938600306,0.0,87,279.7771154048574,True,True
93,-32,6329,33,33.0,51.5168147039303,-0.41007195744545455,0.00165,0.9,0.008139345596614033,0.01298954045791474,362.0359153833813,362.0359153833813,0.0,80,298.48661023322074,True,True
94,-6,6339,33,33.0,51.59891287984242,-0.0717475745030303,0.00165,0.9,0.008139345596614033,0.01298954045791474,246.527879620511,246.527879620511,0.0,88,187.7776578773324,True,True
95,13,6336,33,33.0,51.57700241155151,0.17794610940303032,0.00165,0.9,0.008139345596614033,0.01298954045791474,281.19083745134765,281.19083745134765,0.0,74,206.8477203387992,True,True
96,-14,6332,33,33.0,51.543392499748485,-0.17669635213333335,0.00165,0.9,0.008139345596614033,0.01298954045791474,295.8704280353038,295.8704280353038,0.0,95,223.84925747406155,True,True
97,-14,6323,33,33.0,51.468451546739395,-0.17455096145757576,0.00165,0.9,0.008139345596614033,0.01298954045791474,191.11178453633346,191.11178453633346,0.0,4,161.11178453633346,True,True
98,-2,6330,33,33.0,51.5261671065606,-0.020918489633333332,0.00165,0.9,0.008139345596614033,0.01298954045791474,303.7131508756683,303.7131508756683,0.0,71,253.2974554644175,True,True
99,-4,6329,32,32.0,51.518047991025,-0.046579364425,0.0016,0.9,0.008139345596614033,0.01298954045791474,256.76136009796693,256.76136009796693,0.0,76,203.14130151498844,True,True
100,-15,6333,32,32.0,51.54962240716875,-0.188321510246875,0.0016,0.9,0.008139345596614033,0.01298954045791474,230.3972007406797,230.3972007406797,0.0,95,158.3760301794374,True,True
101,-3,6330,32,32.0,51.52467649375937,-0.032866446321875,0.0016,0.9,0.008139345596614033,0.01298954045791474,264.4790857117052,264.4790857117052,0.0,6,219.5276985338658,True,True
102,-1,6321,32,32.0,51.45287339869063,-0.0047115383875,0.0016,0.9,0.008139345596614033,0.01298954045791474,227.18202557820024,227.18202557820024,0.0,53,197.18202557820024,True,True
103,5,6331,32,32.0,51.53517550160625,0.0728930248375,0.0016,0.9,0.008139345596614033,0.01298954045791474,305.943002973114,305.943002973114,0.0,22,250.10815715663955,True,True
104,-2,6324,32,32.0,51.476508550975,-0.02059477571875,0.0016,0.9,0.008139345596614033,0.01298954045791474,217.14899079588236,217.14899079588236,0.0,32,178.93246067052536,True,True
105,-17,6325,31,31.0,51.485112688812904,-0.2146597374,0.00155,0.9,0.008139345596614033,0.01298954045791474,257.0134079256603,257.0134079256603,0.0,31,225.00561892208754,True,True
106,-15,6310,31,31.0,51.36319528092581,-0.19171940859354838,0.00155,0.9,0.008139345596614033,0.01298954045791474,253.70461825475525,253.70461825475525,0.0,86,180.50565801019084,True,True
107,14,6336,31,31.0,51.57599659210322,0.1845650692483871,0.00155,0.9,0.008139345596614033,0.01298954045791474,293.63138416706965,293.63138416706965,0.0,74,219.2882670545212,True,True
108,-1,6328,31,31.0,51.51054196037742,-0.006925327890322581,0.00155,0.9,0.008139345596614033,0.01298954045791474,249.24913667466186,249.24913667466186,0.0,71,198.83344126341106,True,True
109,-15,6325,31,31.0,51.484652929458065,-0.18807797560645162,0.00155,0.9,0.008139345596614033,0.01298954045791474,248.80126757717647,248.80126757717647,0.0,31,216.79347857360372,True,True
110,4,6331,31,31.0,51.533374378816134,0.05716529646451613,0.00155,0.9,0.008139345596614033,0.01298954045791474,212.82421153440168,212.82421153440168,0.0,22,156.98936571792723,True,True
111,-2,6337,31,31.0,51.58373810973871,-0.02028128682580645,0.00155,0.9,0.008139345596614033,0.01298954045791474,221.69006641769914,221.69006641769914,0.0,91,167.95207966410914,True,True
112,-26,6337,31,31.0,51.58141442924194,-0.3346994501580645,0.00155,0.9,0.008139345596614033,0.01298954045791474,278.71735643520117,278.71735643520117,0.0,36,213.86142242353085,True,True
113,-15,6316,31,31.0,51.41263146697742,-0.18897960252258064,0.00155,0.9,0.008139345596614033,0.01298954045791474,290.29738393785203,290.29738393785203,0.0,99,224.21793773933985,True,True
114,-9,6339,30,30.0,51.598416967789994,-0.11110001098666666,0.0015,0.9,0.008139345596614033,0.01298954045791474,303.35903276621605,303.35903276621605,0.0,45,247.77231555666384,True,True
115,11,6321,30,30.0,51.45572136358,0.14826043898666666,0.0015,0.9,0.008139345596614033,0.01298954045791474,200.1000458455223,200.1000458455223,0.0,7,139.37226393004207,True,True
116,-10,6312,30,30.0,51.37810924236667,-0.12387133127666666,0.0015,0.9,0.008139345596614033,0.01298954045791474,324.52299974451256,324.52299974451256,0.0,15,271.79106444067577,True,True
117,-17,6322,30,30.0,51.462234160663336,-0.21425031791333332,0.0015,0.9,0.008139345596614033,0.01298954045791474,234.5781235369436,234.5781235369436,0.0,92,204.5781235369436,True,True
118,-6,6324,29,29.0,51.47578483263448,-0.07111428210000001,0.00145,0.9,0.008139345596614033,0.01298954045791474,216.76417963546413,216.76417963546413,0.0,68,186.76417963546413,True,True
119,-7,6325,29,29.0,51.4853382725,-0.08526391816551725,0.00145,0.9,0.008139345596614033,0.01298954045791474,205.57615930553462,205.57615930553462,0.0,64,162.40721576173667,True,True
120,-15,6331,29,29.0,51.536254746727586,-0.19197395186551724,0.00145,0.9,0.008139345596614033,0.01298954045791474,301.97257851500956,301.97257851500956,0.0,95,229.9514079537673,True,True
121,-1,6331,28,28.0,51.53432330745714,-0.006333947146428571,0.0014,0.9,0.008139345596614033,0.01298954045791474,289.9211660752685,289.9211660752685,0.0,84,259.9211660752685,True,True
122,-3,6328,28,28.0,51.50914316985715,-0.028671246014285716,0.0014,0.9,0.008139345596614033,0.01298954045791474,258.4989996421261,258.4989996421261,0.0,71,208.08330423087529,True,True
123,-6,6327,28,28.0,51.50164594980714,-0.07360461973571429,0.0014,0.9,0.008139345596614033,0.01298954045791474,211.27462185930762,211.27462185930762,0.0,18,153.00831480805675,True,True
124,-5,6326,28,28.0,51.493192969153576,-0.06084428960714285,0.0014,0.9,0.008139345596614033,0.01298954045791474,272.12831212824096,272.12831212824096,0.0,18,213.86200507699013,True,True
125,-15,6321,28,28.0,51.45411819126071,-0.1921007231214286,0.0014,0.9,0.008139345596614033,0.01298954045791474,286.2242321678554,286.2242321678554,0.0,92,256.2242321678554,True,True
126,-10,6333,28,28.0,51.549489464953574,-0.12467426959285714,0.0014,0.9,0.008139345596614033,0.01298954045791474,291.53494901358897,291.53494901358897,0.0,49,228.9075761939481,True,True
127,-24,6329,28,28.0,51.5155194711,-0.3032192560535715,0.0014,0.9,0.008139345596614033,0.01298954045791474,257.0400104622578,257.0400104622578,0.0,20,227.04001046225775,True,True
128,-17,6329,28,28.0,51.518120385742854,-0.213534292325,0.0014,0.9,0.008139345596614033,0.01298954045791474,185.91005813842466,185.91005813842466,0.0,62,152.9623634122815,True,True
129,-26,6320,28,28.0,51.446002314896425,-0.3301175220892857,0.0014,0.9,0.008139345596614033,0.01298954045791474,305.23659885340896,305.23659885340896,0.0,89,267.63604576191193,True,True
130,-17,6334,28,28.0,51.558448401460716,-0.21450616797142857,0.0014,0.9,0.008139345596614033,0.01298954045791474,317.69683057847465,317.69683057847465,0.0,98,276.7112820274282,True,True
131,-14,6333,28,28.0,51.55097316452857,-0.1772671579964286,0.0014,0.9,0.008139345596614033,0.01298954045791474,290.47848124156513,290.47848124156513,0.0,95,218.45731068032285,True,True
132,-1,6334,27,27.0,51.5582784258963,-0.008308655788888888,0.00135,0.9,0.008139345596614033,0.01298954045791474,252.68312648954785,252.68312648954785,0.0,54,222.68312648954785,True,True
133,-17,6330,27,27.0,51.52498378891482,-0.21286981314814815,0.00135,0.9,0.008139345596614033,0.01298954045791474,214.6383157807999,214.6383157807999,0.0,62,181.69062105465673,True,True
134,-6,6325,27,27.0,51.48534116806296,-0.07036535852222223,0.00135,0.9,0.008139345596614033,0.01298954045791474,253.51582173982686,253.51582173982686,0.0,64,210.3468781960289,True,True
135,-5,6328,27,27.0,51.51071598434074,-0.05863299692962963,0.00135,0.9,0.008139345596614033,0.01298954045791474,209.2850252818502,209.2850252818502,0.0,76,155.6649666988717,True,True
136,-28,6323,27,27.0,51.4696251732963,-0.35770433220370373,0.00135,0.9,0.008139345596614033,0.01298954045791474,210.43294085266632,210.43294085266632,0.0,40,157.0380259029518,True,True
137,-13,6330,27,27.0,51.524867326355555,-0.16337613879629628,0.00135,0.9,0.008139345596614033,0.01298954045791474,273.6334367722931,273.6334367722931,0.0,66,217.07833334146588,True,True
138,-3,6337,27,27.0,51.58215250992222,-0.03119894054814815,0.00135,0.9,0.008139345596614033,0.01298954045791474,264.06667092551885,264.06667092551885,0.0,91,210.32868417192884,True,True
139,-10,6332,27,27.0,51.542967781444446,-0.1227131519037037,0.00135,0.9,0.008139345596614033,0.01298954045791474,308.6141626151618,308.6141626151618,0.0,47,263.27179627356855,True,True
140,-5,6335,27,27.0,51.565595890599994,-0.05822188536666667,0.00135,0.9,0.008139345596614033,0.01298954045791474,284.3144513169061,284.3144513169061,0.0,83,223.3968369244578,True,True
141,-5,6332,26,26.0,51.54224648417308,-0.05744084953076923,0.0013,0.9,0.008139345596614033,0.01298954045791474,249.60509729149712,249.60509729149712,0.0,43,202.9982151337058,True,True
142,-4,6333,26,26.0,51.54933760785384,-0.045368396476923076,0.0013,0.9,0.008139345596614033,0.01298954045791474,200.10918602364669,200.10918602364669,0.0,43,153.50230386585537,True,True
143,-17,6328,26,26.0,51.51138829122692,-0.21657516782307693,0.0013,0.9,0.008139345596614033,0.01298954045791474,248.20197167135547,248.20197167135547,0.0,62,215.2542769452123,True,True
144,-9,6323,26,26.0,51.46835992018846,-0.11215601686538462,0.0013,0.9,0.008139345596614033,0.01298954045791474,196.11679719821205,196.11679719821205,0.0,9,166.11679719821205,True,True
145,0,6333,26,26.0,51.550495447488466,0.0057213701115384616,0.0013,0.9,0.008139345596614033,0.01298954045791474,235.50520784500338,235.50520784500338,0.0,84,205.50520784500338,True,True
146,-1,6322,26,26.0,51.460551945807694,-0.008707653042307693,0.0013,0.9,0.008139345596614033,0.01298954045791474,241.33807154652916,241.33807154652916,0.0,53,211.33807154652916,True,True
147,-12,6320,26,26.0,51.44451001059231,-0.15107936763846153,0.0013,0.9,0.008139345596614033,0.01298954045791474,274.87796028595113,274.87796028595113,0.0,87,225.1074963048055,True,True
148,-14,6325,26,26.0,51.48457195898846,-0.17774720710384617,0.0013,0.9,0.008139345596614033,0.01298954045791474,257.30233913347007,257.30233913347007,0.0,11,212.97148765637832,True,True
149,-6,6341,26,26.0,51.61487180469231,-0.07127995862307693,0.0013,0.9,0.008139345596614033,0.01298954045791474,318.4179020343639,318.4179020343639,0.0,23,220.6355618253999,True,True
150,-11,6322,26,26.0,51.462408378453844,-0.13648234011923077,0.0013,0.9,0.008139345596614033,0.01298954045791474,189.49905102955202,189.49905102955202,0.0,14,158.88582082822384,True,True
151,-9,6334,26,26.0,51.55945308577308,-0.11371979055769231,0.0013,0.9,0.008139345596614033,0.01298954045791474,198.02455795688107,198.02455795688107,0.0,42,149.54092190736327,True,True
152,0,6335,26,26.0,51.567635365238466,0.00814573213076923,0.0013,0.9,0.008139345596614033,0.01298954045791474,227.50260996167844,227.50260996167844,0.0,55,170.637373007174,True,True
153,-6,6332,26,26.0,51.541530947046155,-0.06982157921538462,0.0013,0.9,0.008139345596614033,0.01298954045791474,311.05740335831166,311.05740335831166,0.0,77,277.3461638737806,True,True
154,-4,6330,26,26.0,51.5264879473,-0.04515708783846154,0.0013,0.9,0.008139345596614033,0.01298954045791474,197.50346684971632,197.50346684971632,0.0,6,152.55207967187692,True,True
155,-10,6319,26,26.0,51.43673009131154,-0.1262604283923077,0.0013,0.9,0.008139345596614033,0.01298954045791474,302.3277273625304,302.3277273625304,0.0,96,254.05874213982622,True,True
156,-9,6333,25,25.0,51.550904740107995,-0.111732121324,0.00125,0.9,0.008139345596614033,0.01298954045791474,271.6449552025325,271.6449552025325,0.0,42,223.16131915301472,True,True
157,-8,6335,25,25.0,51.566646872915996,-0.098003523168,0.00125,0.9,0.008139345596614033,0.01298954045791474,302.65160603676543,302.65160603676543,0.0,42,254.1679699872476,True,True
158,-4,6340,25,25.0,51.607366879952,-0.046515223572000004,0.00125,0.9,0.008139345596614033,0.01298954045791474,370.6254819139769,370.6254819139769,0.0,88,311.8752601707983,True,True
159,-6,6334,25,25.0,51.55895191182,-0.07200566270799999,0.00125,0.9,0.008139345596614033,0.01298954045791474,236.62637262231817,236.62637262231817,0.0,83,175.70875822986986,True,True
160,-9,6325,25,25.0,51.486642029484,-0.110715938364,0.00125,0.9,0.008139345596614033,0.01298954045791474,241.5767190570561,241.5767190570561,0.0,51,207.60911083943944,True,True
161,-32,6320,25,25.0,51.444498173496,-0.40824117436400004,0.00125,0.9,0.008139345596614033,0.01298954045791474,270.1022224978899,270.1022224978899,0.0,28,189.38430557530208,True,True
162,0,6334,25,25.0,51.559558487064,0.007198576596,0.00125,0.9,0.008139345596614033,0.01298954045791474,240.58966409234006,240.58966409234006,0.0,55,183.72442713783562,True,True
163,1,6328,25,25.0,51.509271626548,0.020172683756,0.00125,0.9,0.008139345596614033,0.01298954045791474,280.8884116916673,280.8884116916673,0.0,69,248.41119905701862,True,True
164,2,6329,25,25.0,51.519355230008,0.03392837234,0.00125,0.9,0.008139345596614033,0.01298954045791474,210.59757153643147,210.59757153643147,0.0,69,178.12035890178282,True,True
165,-8,6325,24,24.0,51.48437922703334,-0.09629706504166667,0.0012,0.9,0.008139345596614033,0.01298954045791474,256.1718477949539,256.1718477949539,0.0,64,213.002904251156,True,True
166,-15,6330,24,24.0,51.52542986826666,-0.18977371615833336,0.0012,0.9,0.008139345596614033,0.01298954045791474,256.50713108255087,256.50713108255087,0.0,66,199.95202765172365,True,True
167,-16,6324,24,24.0,51.47744653976667,-0.20077633414583332,0.0012,0.9,0.008139345596614033,0.01298954045791474,168.51119456886002,168.51119456886002,0.0,31,136.50340556528727,True,True
168,-37,6333,24,24.0,51.5484698340375,-0.47548331112500003,0.0012,0.9,0.008139345596614033,0.01298954045791474,327.7585928812687,327.7585928812687,0.0,41,276.3189710875807,True,True
169,-10,6310,24,24.0,51.3629665668,-0.11987759888749999,0.0012,0.9,0.008139345596614033,0.01298954045791474,324.2692666310536,324.2692666310536,0.0,15,271.5373313272168,True,True
170,5,6326,24,24.0,51.49164918715834,0.06968594048333333,0.0012,0.9,0.008139345596614033,0.01298954045791474,317.6774442935798,317.6774442935798,0.0,70,249.91228110577953,True,True
171,-22,6328,24,24.0,51.5093257780375,-0.2768826315208333,0.0012,0.9,0.008139345596614033,0.01298954045791474,236.59122587949813,236.59122587949813,0.0,0,180.01271648352403,True,True
172,-7,6326,24,24.0,51.49332059551667,-0.08510973604583333,0.0012,0.9,0.008139345596614033,0.01298954045791474,222.63079135992308,222.63079135992308,0.0,64,179.46184781612513,True,True
173,-21,6340,24,24.0,51.606626941975,-0.2675953639,0.0012,0.9,0.008139345596614033,0.01298954045791474,297.2280063690074,297.2280063690074,0.0,56,211.46845934104402,True,True
174,4,6333,24,24.0,51.5506616007,0.05705689139583334,0.0012,0.9,0.008139345596614033,0.01298954045791474,320.1453511270831,320.1453511270831,0.0,46,290.1453511270831,True,True
175,4,6321,24,24.0,51.45124220942083,0.055764618575,0.0012,0.9,0.008139345596614033,0.01298954045791474,179.71631486063444,179.71631486063444,0.0,24,149.71631486063444,True,True
176,0,6329,24,24.0,51.5172166295375,0.008001822629166667,0.0012,0.9,0.008139345596614033,0.01298954045791474,280.9425312630861,280.9425312630861,0.0,69,248.46531862843744,True,True
177,-5,6324,24,24.0,51.47707312359583,-0.059757653858333336,0.0012,0.9,0.008139345596614033,0.01298954045791474,235.66711262898002,235.66711262898002,0.0,59,189.68024241930843,True,True
178,8,6335,24,24.0,51.56647368010834,0.11066126446666667,0.0012,0.9,0.008139345596614033,0.01298954045791474,326.4651647500947,326.4651647500947,0.0,46,296.4651647500947,True,True
179,-7,6331,23,23.0,51.53320269004348,-0.0835341655652174,0.00115,0.9,0.008139345596614033,0.01298954045791474,221.4901872042878,221.4901872042878,0.0,77,187.77894771975673,True,True
180,-4,6328,23,23.0,51.51138860876522,-0.04411160113913044,0.00115,0.9,0.008139345596614033,0.01298954045791474,249.86630689651258,249.86630689651258,0.0,76,196.24624831353407,True,True
181,-7,6339,23,23.0,51.60037363804782,-0.08228927239565217,0.00115,0.9,0.008139345596614033,0.01298954045791474,266.45132897606476,266.45132897606476,0.0,88,207.70110723288616,True,True
182,-6,6336,23,23.0,51.57444193850435,-0.07116524513913043,0.00115,0.9,0.008139345596614033,0.01298954045791474,290.18562048781274,290.18562048781274,0.0,83,229.26800609536443,True,True
183,-1,6338,23,23.0,51.590774804556524,-0.006712227960869566,0.00115,0.9,0.008139345596614033,0.01298954045791474,266.69439111735437,266.69439111735437,0.0,91,212.9564043637644,True,True
184,-15,6329,23,23.0,51.51736310658261,-0.18910255159565215,0.00115,0.9,0.008139345596614033,0.01298954045791474,267.4267545109071,267.4267545109071,0.0,66,210.87165108007986,True,True
185,-2,6338,23,23.0,51.59044896743912,-0.01938082013478261,0.00115,0.9,0.008139345596614033,0.01298954045791474,210.88062106497952,210.88062106497952,0.0,91,157.14263431138951,True,True
186,-5,6338,23,23.0,51.58962705869565,-0.060696403552173914,0.00115,0.9,0.008139345596614033,0.01298954045791474,276.0063628319749,276.0063628319749,0.0,88,217.25614108879634,True,True
187,-19,6339,23,23.0,51.59865278360869,-0.24070179422608695,0.00115,0.9,0.008139345596614033,0.01298954045791474,341.6656660311052,341.6656660311052,0.0,56,255.90611900314184,True,True
188,-23,6316,23,23.0,51.410471169547826,-0.2896235649652174,0.00115,0.9,0.008139345596614033,0.01298954045791474,314.0535344153362,314.0535344153362,0.0,50,201.59627490110228,True,True
189,-8,6336,23,23.0,51.57472331601305,-0.09752349394347826,0.00115,0.9,0.008139345596614033,0.01298954045791474,334.2131527409168,334.2131527409168,0.0,42,285.729516691399,True,True
190,-19,6328,23,23.0,51.50864519713913,-0.24061492999565215,0.00115,0.9,0.008139345596614033,0.01298954045791474,311.6856028099387,311.6856028099387,0.0,34,264.62417016539797,True,True
191,-1,6336,23,23.0,51.574642698160865,-0.008423221521739131,0.00115,0.9,0.008139345596614033,0.01298954045791474,228.9039319348019,228.9039319348019,0.0,54,198.9039319348019,True,True
192,6,6331,23,23.0,51.535212677695654,0.08247469385652174,0.00115,0.9,0.008139345596614033,0.01298954045791474,279.36408549849057,279.36408549849057,0.0,2,204.8195241957227,True,True
193,-19,6332,23,23.0,51.54256905123478,-0.2404182424826087,0.00115,0.9,0.008139345596614033,0.01298954045791474,245.00051371608555,245.00051371608555,0.0,98,204.0149651650391,True,True
194,-15,6323,23,23.0,51.4689116797913,-0.18883528722608695,0.00115,0.9,0.008139345596614033,0.01298954045791474,279.2034516788562,279.2034516788562,0.0,4,249.2034516788562,True,True
195,-19,6327,23,23.0,51.50192319564783,-0.24097398109130436,0.00115,0.9,0.008139345596614033,0.01298954045791474,272.97828023075965,272.97828023075965,0.0,34,225.91684758621886,True,True
196,-6,6337,23,23.0,51.58382800734348,-0.0717356277,0.00115,0.9,0.008139345596614033,0.01298954045791474,276.9854987243066,276.9854987243066,0.0,88,218.23527698112795,True,True
197,-2,6329,23,23.0,51.51787971379566,-0.02039626954347826,0.00115,0.9,0.008139345596614033,0.01298954045791474,226.86505495197414,226.86505495197414,0.0,71,176.44935954072335,True,True
198,-1,6332,23,23.0,51.541931148613045,-0.005054841217391305,0.00115,0.9,0.008139345596614033,0.01298954045791474,249.38713231923026,249.38713231923026,0.0,84,219.38713231923026,True,True
199,-8,6321,22,22.0,51.453643236113635,-0.10012485562727273,0.0011,0.9,0.008139345596614033,0.01298954045791474,289.7346891738683,289.7346891738683,0.0,9,259.7346891738683,True,True
200,9,6326,22,22.0,51.49242415444546,0.12278113368636365,0.0011,0.9,0.008139345596614033,0.01298954045791474,375.45413596193697,375.45413596193697,0.0,70,307.6889727741367,True,True
201,-22,6335,22,22.0,51.56497136151818,-0.2781031622181818,0.0011,0.9,0.008139345596614033,0.01298954045791474,380.60790739824654,380.60790739824654,0.0,93,263.71216476367164,True,True
202,-18,6329,22,22.0,51.51848700989546,-0.22706841286363638,0.0011,0.9,0.008139345596614033,0.01298954045791474,255.00051190012852,255.00051190012852,0.0,62,222.05281717398535,True,True
203,-12,6327,22,22.0,51.50170025056364,-0.14918609561363635,0.0011,0.9,0.008139345596614033,0.01298954045791474,289.1449915707338,315.1444108538135,-25.999419283079703,102,229.1449915707338,True,True
204,7,6325,22,22.0,51.486150247268185,0.09581697718181817,0.0011,0.9,0.008139345596614033,0.01298954045791474,247.87775667338087,247.87775667338087,0.0,70,180.1125934855806,True,True
205,-30,6327,22,22.0,51.5013894613,-0.3837484318045455,0.0011,0.9,0.008139345596614033,0.01298954045791474,336.174683310672,336.174683310672,0.0,80,272.62537816051145,True,True
206,-9,6313,22,22.0,51.38835715263636,-0.10963988925,0.0011,0.9,0.008139345596614033,0.01298954045791474,304.5470626827264,304.5470626827264,0.0,61,274.5470626827264,True,True
207,-2,6323,22,22.0,51.46932629359546,-0.020670066872727273,0.0011,0.9,0.008139345596614033,0.01298954045791474,229.5539223160246,229.5539223160246,0.0,32,191.3373921906676,True,True
208,-5,6346,22,22.0,51.65707703507728,-0.056976492931818175,0.0011,0.9,0.008139345596614033,0.01298954045791474,258.39287145356826,258.39287145356826,0.0,25,194.46765963181622,True,True
209,-6,6333,22,22.0,51.55047089373182,-0.07481590238181818,0.0011,0.9,0.008139345596614033,0.01298954045791474,314.22597748673456,314.22597748673456,0.0,83,253.30836309428628,True,True
210,2,6331,22,22.0,51.534718126740906,0.03248623275,0.0011,0.9,0.008139345596614033,0.01298954045791474,297.39108080038875,297.39108080038875,0.0,69,264.9138681657401,True,True
211,-2,6322,22,22.0,51.46160628252728,-0.016912439222727272,0.0011,0.9,0.008139345596614033,0.01298954045791474,240.28759727945618,240.28759727945618,0.0,53,210.28759727945618,True,True
212,-16,6325,22,22.0,51.485014784895455,-0.20154950752727271,0.0011,0.9,0.008139345596614033,0.01298954045791474,221.95058897833192,221.95058897833192,0.0,31,189.94279997475917,True,True
213,-11,6325,22,22.0,51.48673175585454,-0.13863266707272726,0.0011,0.9,0.008139345596614033,0.01298954045791474,281.3396641327216,281.3396641327216,0.0,51,247.372055915105,True,True
214,-13,6328,22,22.0,51.512430187518184,-0.16029810563636362,0.0011,0.9,0.008139345596614033,0.01298954045791474,325.07474530236755,327.3241060658201,-2.2493607634525574,102,265.07474530236755,True,True
215,-8,6319,22,22.0,51.434961044981826,-0.09974964113181818,0.0011,0.9,0.008139345596614033,0.01298954045791474,215.81163685850635,215.81163685850635,0.0,96,167.54265163580214,True,True
216,-2,6320,21,21.0,51.44510568716667,-0.02063354456666667,0.00105,0.9,0.008139345596614033,0.01298954045791474,238.2818315823228,238.2818315823228,0.0,53,208.2818315823228,True,True
217,-8,6331,21,21.0,51.534141952714286,-0.10004015887619049,0.00105,0.9,0.008139345596614033,0.01298954045791474,222.14259765010377,222.14259765010377,0.0,47,176.80023130851055,True,True
218,-3,6331,21,21.0,51.53371908218095,-0.030075109485714287,0.00105,0.9,0.008139345596614033,0.01298954045791474,294.45935316945054,294.45935316945054,0.0,6,249.50796599161112,True,True
219,-15,6328,21,21.0,51.511431772152385,-0.18875913460000002,0.00105,0.9,0.008139345596614033,0.01298954045791474,285.09762245145146,285.09762245145146,0.0,48,253.95294511129003,True,True
220,4,6329,21,21.0,51.51634589254286,0.05916862588571429,0.00105,0.9,0.008139345596614033,0.01298954045791474,322.31097137849156,322.31097137849156,0.0,22,266.4761255620171,True,True
221,-17,6327,21,21.0,51.50250905448096,-0.21739831381904762,0.00105,0.9,0.008139345596614033,0.01298954045791474,239.6811613382707,239.6811613382707,0.0,34,192.61972869372994,True,True
222,-3,6329,21,21.0,51.51778829697619,-0.032219521909523804,0.00105,0.9,0.008139345596614033,0.01298954045791474,271.1836089997007,271.1836089997007,0.0,71,220.7679135884499,True,True
223,-7,6340,21,21.0,51.6060486064381,-0.08533771762380953,0.00105,0.9,0.008139345596614033,0.01298954045791474,320.734984735919,320.734984735919,0.0,88,261.9847629927404,True,True
224,-8,6318,21,21.0,51.42842815517143,-0.09890093100476191,0.00105,0.9,0.008139345596614033,0.01298954045791474,251.57815783908342,251.57815783908342,0.0,96,203.30917261637921,True,True
225,9,6335,21,21.0,51.567916540223806,0.12383996943809523,0.00105,0.9,0.008139345596614033,0.01298954045791474,354.0357555457968,354.0357555457968,0.0,16,293.57328063919715,True,True
226,5,6336,21,21.0,51.575802369847615,0.0674537399095238,0.00105,0.9,0.008139345596614033,0.01298954045791474,290.31760819627766,290.31760819627766,0.0,46,260.31760819627766,True,True
227,-10,6320,21,21.0,51.44488776358571,-0.12193947336666666,0.00105,0.9,0.008139345596614033,0.01298954045791474,310.3101686237338,310.3101686237338,0.0,96,262.04118340102957,True,True
228,-15,6319,21,21.0,51.43648252626666,-0.18887411305238094,0.00105,0.9,0.008139345596614033,0.01298954045791474,340.29002930803847,340.29002930803847,0.0,87,290.5195653268928,True,True
229,-21,6328,21,21.0,51.5080605684619,-0.26783053863333334,0.00105,0.9,0.008139345596614033,0.01298954045791474,178.12290294800914,178.12290294800914,0.0,0,121.54439355203505,True,True
230,-15,6345,20,20.0,51.648100924805,-0.18965307955,0.001,0.9,0.008139345596614033,0.01298954045791474,193.7672335223217,193.7672335223217,0.0,3,154.82904794309297,True,True
231,-21,6330,20,20.0,51.526914444135,-0.265426836805,0.001,0.9,0.008139345596614033,0.01298954045791474,316.3245632698048,316.3245632698048,0.0,67,223.6211597263739,True,True
232,13,6324,20,20.0,51.478960234024996,0.17942552248000002,0.001,0.9,0.008139345596614033,0.01298954045791474,268.60485709703335,268.60485709703335,0.0,26,226.03330176999918,True,True
233,-14,6318,20,20.0,51.42678253911,-0.174946248075,0.001,0.9,0.008139345596614033,0.01298954045791474,304.3703633929737,304.3703633929737,0.0,87,254.599899411828,True,True
234,-18,6333,20,20.0,51.548526870394994,-0.22621529485499997,0.001,0.9,0.008139345596614033,0.01298954045791474,241.60509231285567,241.60509231285567,0.0,98,200.6195437618092,True,True
235,-10,6321,20,20.0,51.45333074471,-0.12298013559000001,0.001,0.9,0.008139345596614033,0.01298954045791474,284.381555822456,284.381555822456,0.0,9,254.38155582245597,True,True
236,-10,6322,20,20.0,51.46163855177,-0.12357024727999999,0.001,0.9,0.008139345596614033,0.01298954045791474,228.3867367922852,228.3867367922852,0.0,9,198.3867367922852,True,True
237,-16,6310,20,20.0,51.36410791851999,-0.19811369355,0.001,0.9,0.008139345596614033,0.01298954045791474,230.80487439678558,230.80487439678558,0.0,86,157.60591415222115,True,True
238,7,6327,20,20.0,51.498723140494995,0.096736308445,0.001,0.9,0.008139345596614033,0.01298954045791474,315.34982768885743,315.34982768885743,0.0,70,247.58466450105715,True,True
239,-21,6331,20,20.0,51.53446028477,-0.268243903045,0.001,0.9,0.008139345596614033,0.01298954045791474,278.7216065562699,278.7216065562699,0.0,67,186.01820301283902,True,True
240,-6,6314,20,20.0,51.396585079145,-0.072219078405,0.001,0.9,0.008139345596614033,0.01298954045791474,241.6701946411842,241.6701946411842,0.0,101,167.7637625034635,True,True
241,-18,6328,20,20.0,51.51095104083,-0.22862318404,0.001,0.9,0.008139345596614033,0.01298954045791474,296.1744019783483,296.1744019783483,0.0,62,263.22670725220513,True,True
242,-14,6331,20,20.0,51.534151054045005,-0.17335269759,0.001,0.9,0.008139345596614033,0.01298954045791474,285.79778010119907,285.79778010119907,0.0,66,229.24267667037185,True,True
243,-20,6326,20,20.0,51.49378041282,-0.25538036954,0.001,0.9,0.008139345596614033,0.01298954045791474,264.7410695607768,264.7410695607768,0.0,13,219.84929544971124,True,True
244,-12,6321,19,19.0,51.45290055793684,-0.14805588884210527,0.00095,0.9,0.008139345596614033,0.01298954045791474,290.93010790269136,290.93010790269136,0.0,14,260.3168777013632,True,True
245,-10,6343,19,19.0,51.63263092463158,-0.12403174079473683,0.00095,0.9,0.008139345596614033,0.01298954045791474,253.28431839981658,253.28431839981658,0.0,81,219.28863851676778,True,True
246,-2,6318,19,19.0,51.42871774868421,-0.01817134420526316,0.00095,0.9,0.008139345596614033,0.01298954045791474,334.7083796186911,334.7083796186911,0.0,5,296.08005572014343,True,True
247,-5,6325,19,19.0,51.484875667299995,-0.056688141031578945,0.00095,0.9,0.008139345596614033,0.01298954045791474,294.70420597906707,294.70420597906707,0.0,59,248.71733576939548,True,True
248,-1,6324,19,19.0,51.47865270359474,-0.009729887752631578,0.00095,0.9,0.008139345596614033,0.01298954045791474,221.4681258495594,221.4681258495594,0.0,32,183.25159572420242,True,True
249,1,6333,19,19.0,51.549659239526314,0.019461116557894738,0.00095,0.9,0.008139345596614033,0.01298954045791474,238.70635023073092,238.70635023073092,0.0,84,208.70635023073092,True,True
250,-24,6326,19,19.0,51.49302808999474,-0.3040709132473684,0.00095,0.9,0.008139345596614033,0.01298954045791474,334.061261115633,334.061261115633,0.0,20,304.061261115633,True,True
251,0,6315,19,19.0,51.404752200699996,0.007034953415789473,0.00095,0.9,0.008139345596614033,0.01298954045791474,251.74773529083168,251.74773529083168,0.0,10,196.55001871819607,True,True
252,-16,6346,19,19.0,51.65484351578421,-0.20136881276315788,0.00095,0.9,0.008139345596614033,0.01298954045791474,289.9552677600691,289.9552677600691,0.0,3,251.01708218084036,True,True
253,-35,6324,19,19.0,51.47874407412105,-0.4504297515526316,0.00095,0.9,0.008139345596614033,0.01298954045791474,321.43349847681463,321.43349847681463,0.0,38,202.59061288602237,True,True
254,-7,6332,19,19.0,51.54262304049474,-0.08519784311052632,0.00095,0.9,0.008139345596614033,0.01298954045791474,266.85270073199047,266.85270073199047,0.0,47,221.51033439039725,True,True
255,-24,6333,19,19.0,51.55060990273158,-0.3038984468157895,0.00095,0.9,0.008139345596614033,0.01298954045791474,315.5831189221476,315.5831189221476,0.0,93,198.6873762875727,True,True
256,9,6334,19,19.0,51.55773025013158,0.12689688219473683,0.00095,0.9,0.008139345596614033,0.01298954045791474,315.4143286547528,315.4143286547528,0.0,16,254.95185374815316,True,True
257,-14,6330,19,19.0,51.52479180597895,-0.17317627331052632,0.00095,0.9,0.008139345596614033,0.01298954045791474,223.34376616980865,223.34376616980865,0.0,66,166.78866273898143,True,True
258,-12,6331,19,19.0,51.53677314928947,-0.1487257730631579,0.00095,0.9,0.008139345596614033,0.01298954045791474,305.2937489563084,305.2937489563084,0.0,27,253.33043901338476,True,True
259,-12,6338,19,19.0,51.59015373256316,-0.14773725398947368,0.00095,0.9,0.008139345596614033,0.01298954045791474,338.9324363161957,338.9324363161957,0.0,45,283.3457191066435,True,True
260,-22,6334,19,19.0,51.55785632441579,-0.2802629024526316,0.00095,0.9,0.008139345596614033,0.01298954045791474,332.06714980219465,332.06714980219465,0.0,93,215.17140716761972,True,True
261,2,6324,19,19.0,51.47755671739474,0.03457657827894737,0.00095,0.9,0.008139345596614033,0.01298954045791474,291.7418385927729,291.7418385927729,0.0,21,220.226999130213,True,True
262,9,6331,19,19.0,51.53229174813684,0.12517202655263157,0.00095,0.9,0.008139345596614033,0.01298954045791474,364.4276729815182,364.4276729815182,0.0,2,289.8831116787503,True,True
263,-5,6319,19,19.0,51.43643630098421,-0.05675866118947368,0.00095,0.9,0.008139345596614033,0.01298954045791474,265.56273307069864,265.56273307069864,0.0,30,184.21079058461143,True,True
264,-10,6335,19,19.0,51.56758080136316,-0.12250722632631579,0.00095,0.9,0.008139345596614033,0.01298954045791474,250.37467222313512,250.37467222313512,0.0,42,201.89103617361732,True,True
265,-4,6331,19,19.0,51.532812089594735,-0.04573260643157895,0.00095,0.9,0.008139345596614033,0.01298954045791474,219.17541752326852,219.17541752326852,0.0,6,174.22403034542913,True,True
266,-2,6321,19,19.0,51.45409668495263,-0.01734171613157895,0.00095,0.9,0.008139345596614033,0.01298954045791474,165.35121138504036,165.35121138504036,0.0,53,135.35121138504036,True,True
267,-2,6332,19,19.0,51.54315404680526,-0.022582502289473682,0.00095,0.9,0.008139345596614033,0.01298954045791474,322.25395235292706,322.25395235292706,0.0,43,275.64707019513577,True,True
268,-5,6323,18,18.0,51.468799997072225,-0.05862572713888889,0.0009,0.9,0.008139345596614033,0.01298954045791474,234.87429519686884,234.87429519686884,0.0,59,188.88742498719725,True,True
269,-16,6317,18,18.0,51.42013704283889,-0.2034199113388889,0.0009,0.9,0.008139345596614033,0.01298954045791474,197.21914694105843,197.21914694105843,0.0,99,131.13970074254624,True,True
270,-5,6341,18,18.0,51.61535783048889,-0.060624522283333336,0.0009,0.9,0.008139345596614033,0.01298954045791474,308.22731725640784,308.22731725640784,0.0,23,210.44497704744384,True,True
271,16,6340,18,18.0,51.606281376588896,0.21760334727222222,0.0009,0.9,0.008139345596614033,0.01298954045791474,268.2282030824676,268.2282030824676,0.0,35,178.52473891787434,True,True
272,-23,6328,18,18.0,51.510906994083335,-0.29098048903333334,0.0009,0.9,0.008139345596614033,0.01298954045791474,315.38565029208155,315.38565029208155,0.0,20,285.38565029208155,True,True
273,-3,6347,18,18.0,51.66485400789444,-0.03480996944444445,0.0009,0.9,0.008139345596614033,0.01298954045791474,277.90156544657464,277.90156544657464,0.0,25,213.97635362482256,True,True
274,-15,6322,18,18.0,51.46093725347778,-0.1895153829111111,0.0009,0.9,0.008139345596614033,0.01298954045791474,290.3815863428499,290.3815863428499,0.0,4,260.3815863428499,True,True
275,6,6325,18,18.0,51.48681813817222,0.08649788778333334,0.0009,0.9,0.008139345596614033,0.01298954045791474,208.7717202722913,208.7717202722913,0.0,70,141.00655708449102,True,True
276,-15,6312,18,18.0,51.38116400497778,-0.18579694204444444,0.0009,0.9,0.008139345596614033,0.01298954045791474,344.97333996837165,344.97333996837165,0.0,86,271.7743797238072,True,True
277,8,6322,18,18.0,51.46166389937222,0.10903225483333333,0.0009,0.9,0.008139345596614033,0.01298954045791474,394.9610921322652,394.9610921322652,0.0,7,334.23331021678496,True,True
278,-8,6337,18,18.0,51.583935767616666,-0.09711459701111111,0.0009,0.9,0.008139345596614033,0.01298954045791474,318.7303644040648,318.7303644040648,0.0,45,263.1436471945126,True,True
279,-10,6315,18,18.0,51.404704085199995,-0.12131503884444444,0.0009,0.9,0.008139345596614033,0.01298954045791474,171.64915706081834,171.64915706081834,0.0,61,141.64915706081834,True,True
280,-6,6340,18,18.0,51.60624049586111,-0.07011116188888888,0.0009,0.9,0.008139345596614033,0.01298954045791474,314.76221159978417,314.76221159978417,0.0,88,256.01198985660557,True,True
281,-10,6316,18,18.0,51.411629325616666,-0.12213993270555555,0.0009,0.9,0.008139345596614033,0.01298954045791474,237.63528557705345,237.63528557705345,0.0,61,207.63528557705345,True,True
282,-14,6334,18,18.0,51.55687736548333,-0.17801632099999998,0.0009,0.9,0.008139345596614033,0.01298954045791474,324.83932224133395,324.83932224133395,0.0,95,252.81815168009166,True,True
283,-13,6315,18,18.0,51.405387198983334,-0.1637297211388889,0.0009,0.9,0.008139345596614033,0.01298954045791474,250.05956549032766,250.05956549032766,0.0,58,189.50126689006163,True,True
284,11,6334,18,18.0,51.55954888883889,0.1496030673388889,0.0009,0.9,0.008139345596614033,0.01298954045791474,237.1224894004498,237.1224894004498,0.0,16,176.66001449385016,True,True
285,-9,6338,18,18.0,51.59253431601667,-0.10941119545555555,0.0009,0.9,0.008139345596614033,0.01298954045791474,259.4620481115791,259.4620481115791,0.0,45,203.87533090202692,True,True
286,-20,6328,18,18.0,51.510079141122226,-0.25289616625555555,0.0009,0.9,0.008139345596614033,0.01298954045791474,277.13732631064113,277.13732631064113,0.0,0,220.558816914667,True,True
287,-30,6323,18,18.0,51.47016256385555,-0.38169897240555556,0.0009,0.9,0.008139345596614033,0.01298954045791474,335.33302769806653,335.33302769806653,0.0,40,281.938112748352,True,True
288,-5,6345,18,18.0,51.649297527844446,-0.059326431005555555,0.0009,0.9,0.008139345596614033,0.01298954045791474,321.1027051103586,321.1027051103586,0.0,25,257.17749328860657,True,True
289,-5,6342,18,18.0,51.62334289592778,-0.059134241350000005,0.0009,0.9,0.008139345596614033,0.01298954045791474,254.02440664744023,254.02440664744023,0.0,23,156.24206643847623,True,True
290,-9,6314,18,18.0,51.39612678056111,-0.1134062366,0.0009,0.9,0.008139345596614033,0.01298954045791474,236.94018695462734,236.94018695462734,0.0,61,206.94018695462734,True,True
291,-12,6333,18,18.0,51.55023655046667,-0.14742488255555555,0.0009,0.9,0.008139345596614033,0.01298954045791474,217.91016816956252,217.91016816956252,0.0,49,155.28279534992168,True,True
292,-10,6324,18,18.0,51.47803379813333,-0.12434085428333333,0.0009,0.9,0.008139345596614033,0.01298954045791474,292.78226712731805,292.78226712731805,0.0,51,258.8146589097014,True,True
293,-17,6336,18,18.0,51.57548289436667,-0.21401650713333334,0.0009,0.9,0.008139345596614033,0.01298954045791474,291.4914024371992,291.4914024371992,0.0,39,209.99783540105383,True,True
294,-37,6332,18,18.0,51.54473919465,-0.47696949810555556,0.0009,0.9,0.008139345596614033,0.01298954045791474,308.9912943135268,308.9912943135268,0.0,41,257.55167251983875,True,True
295,-12,6309,18,18.0,51.35676938595556,-0.14993412157777777,0.0009,0.9,0.008139345596614033,0.01298954045791474,252.26854796054988,252.26854796054988,0.0,90,188.2515857423889,True,True
296,-4,6324,18,18.0,51.475857674538894,-0.04603884938333333,0.0009,0.9,0.008139345596614033,0.01298954045791474,222.19284839272981,222.19284839272981,0.0,59,176.20597818305822,True,True
297,-25,6328,17,17.0,51.51087009456471,-0.3192803544705882,0.00085,0.9,0.008139345596614033,0.01298954045791474,157.0815756288167,157.0815756288167,0.0,20,127.0815756288167,True,True
298,-12,6325,17,17.0,51.48423160184706,-0.1489527501352941,0.00085,0.9,0.008139345596614033,0.01298954045791474,298.48548167511495,298.48548167511495,0.0,11,254.1546301980232,True,True
299,-11,6341,17,17.0,51.61583428504118,-0.1381606117764706,0.00085,0.9,0.008139345596614033,0.01298954045791474,250.80969444146885,250.80969444146885,0.0,81,216.81401455842004,True,True
300,-34,6320,17,17.0,51.44271107632942,-0.4348477999352941,0.00085,0.9,0.008139345596614033,0.01298954045791474,370.2740643332622,370.2740643332622,0.0,28,289.5561474106743,True,True
301,-29,6323,17,17.0,51.46848424244118,-0.36960856438235296,0.00085,0.9,0.008139345596614033,0.01298954045791474,275.0488591778203,275.0488591778203,0.0,40,221.65394422810576,True,True
302,6,6333,17,17.0,51.550129398417646,0.08487982726470589,0.00085,0.9,0.008139345596614033,0.01298954045791474,292.11746511518845,292.11746511518845,0.0,46,262.11746511518845,True,True
303,-4,6335,17,17.0,51.56689943720588,-0.04452359580588235,0.00085,0.9,0.008139345596614033,0.01298954045791474,322.5989310394158,322.5989310394158,0.0,54,292.5989310394158,True,True
304,-8,6333,17,17.0,51.550964762829416,-0.09772431315294117,0.00085,0.9,0.008139345596614033,0.01298954045791474,295.84208175235915,295.84208175235915,0.0,47,250.49971541076593,True,True
305,-35,6322,17,17.0,51.45903203018823,-0.44809977472941176,0.00085,0.9,0.008139345596614033,0.01298954045791474,377.8032765942706,377.8032765942706,0.0,38,258.9603910034783,True,True
306,-3,6333,17,17.0,51.548671682905876,-0.033785786229411766,0.00085,0.9,0.008139345596614033,0.01298954045791474,259.6806444558121,259.6806444558121,0.0,43,213.0737622980208,True,True
307,-19,6326,17,17.0,51.494969401088234,-0.23795142746470588,0.00085,0.9,0.008139345596614033,0.01298954045791474,258.3905935534084,258.3905935534084,0.0,34,211.3291609088676,True,True
308,3,6331,17,17.0,51.533634865464705,0.044974189329411766,0.00085,0.9,0.008139345596614033,0.01298954045791474,248.88416453412566,248.88416453412566,0.0,22,193.0493187176512,True,True
309,-23,6333,17,17.0,51.55291083724706,-0.29369231574705884,0.00085,0.9,0.008139345596614033,0.01298954045791474,257.35242943369883,257.35242943369883,0.0,93,140.4566867991239,True,True
310,-11,6334,17,17.0,51.55774577321765,-0.13711301012352942,0.00085,0.9,0.008139345596614033,0.01298954045791474,270.05234189213434,270.05234189213434,0.0,49,207.42496907249347,True,True
311,-1,6329,17,17.0,51.518702846511765,-0.007721029788235294,0.00085,0.9,0.008139345596614033,0.01298954045791474,254.48447015694364,254.48447015694364,0.0,71,204.06877474569285,True,True
312,-18,6336,17,17.0,51.573072471223526,-0.22845092492941177,0.00085,0.9,0.008139345596614033,0.01298954045791474,300.7211027781134,300.7211027781134,0.0,39,219.227535741968,True,True
313,-4,6346,17,17.0,51.65546656207647,-0.046960076994117646,0.00085,0.9,0.008139345596614033,0.01298954045791474,246.14704481898087,246.14704481898087,0.0,25,182.22183299722883,True,True
314,0,6325,17,17.0,51.48594411192353,0.006434029341176471,0.00085,0.9,0.008139345596614033,0.01298954045791474,319.5969229066495,319.5969229066495,0.0,32,281.3803927812925,True,True
315,-22,6326,17,17.0,51.49182668777058,-0.2801504574764706,0.00085,0.9,0.008139345596614033,0.01298954045791474,235.18813600862524,235.18813600862524,0.0,13,190.29636189755968,True,True
316,-1,6325,17,17.0,51.48525019942941,-0.0072604969294117645,0.00085,0.9,0.008139345596614033,0.01298954045791474,287.30034522106416,287.30034522106416,0.0,32,249.08381509570717,True,True
317,-24,6315,17,17.0,51.4062320794647,-0.30596146961176474,0.00085,0.9,0.008139345596614033,0.01298954045791474,311.2549600101983,311.2549600101983,0.0,50,198.79770049596442,True,True
318,-21,6326,17,17.0,51.49264177089412,-0.26585101531764704,0.00085,0.9,0.008139345596614033,0.01298954045791474,210.95960163290025,210.95960163290025,0.0,13,166.0678275218347,True,True
319,-5,6337,17,17.0,51.58457616593529,-0.06156212185294117,0.00085,0.9,0.008139345596614033,0.01298954045791474,308.5223003305052,308.5223003305052,0.0,88,249.77207858732658,True,True
320,-22,6312,17,17.0,51.379025579888236,-0.2788743635647059,0.00085,0.9,0.008139345596614033,0.01298954045791474,318.4959806563262,318.4959806563262,0.0,85,275.09110419727745,True,True
321,-1,6333,17,17.0,51.55082147970588,-0.003865518088235294,0.00085,0.9,0.008139345596614033,0.01298954045791474,278.61061529752783,278.61061529752783,0.0,84,248.61061529752783,True,True
322,-19,6335,17,17.0,51.566173141888235,-0.24214410034117648,0.00085,0.9,0.008139345596614033,0.01298954045791474,314.8616437411935,314.8616437411935,0.0,98,273.87609519014705,True,True
323,-3,6318,17,17.0,51.429057652811764,-0.0346913816,0.00085,0.9,0.008139345596614033,0.01298954045791474,317.5985320627991,317.5985320627991,0.0,5,278.97020816425146,True,True
324,-24,6314,17,17.0,51.39441246654706,-0.3045642541705882,0.00085,0.9,0.008139345596614033,0.01298954045791474,233.74602894479887,233.74602894479887,0.0,85,190.34115248575011,True,True
325,-3,6326,17,17.0,51.49348669205882,-0.03491635640588236,0.00085,0.9,0.008139345596614033,0.01298954045791474,250.5431908814861,250.5431908814861,0.0,17,193.71847934631296,True,True
326,-19,6333,17,17.0,51.54939043632353,-0.2396632236352941,0.00085,0.9,0.008139345596614033,0.01298954045791474,176.06034989543883,176.06034989543883,0.0,98,135.07480134439237,True,True
327,-4,6320,17,17.0,51.44356650411765,-0.04419616744117647,0.00085,0.9,0.008139345596614033,0.01298954045791474,268.57303313926667,268.57303313926667,0.0,30,187.2210906531795,True,True
328,-14,6314,16,16.0,51.3968501194,-0.1759967446875,0.0008,0.9,0.008139345596614033,0.01298954045791474,244.24442029672093,244.24442029672093,0.0,58,183.68612169645488,True,True
329,-1,6318,16,16.0,51.42739007065,-0.00889463120625,0.0008,0.9,0.008139345596614033,0.01298954045791474,351.0659683823849,351.0659683823849,0.0,5,312.4376444838372,True,True
330,-27,6328,16,16.0,51.5094037603,-0.34397806026875,0.0008,0.9,0.008139345596614033,0.01298954045791474,297.41743786035323,297.41743786035323,0.0,20,267.41743786035323,True,True
331,-2,6317,16,16.0,51.42056208633125,-0.0184342007375,0.0008,0.9,0.008139345596614033,0.01298954045791474,297.4454084438247,297.4454084438247,0.0,5,258.817084545277,True,True
332,5,6329,16,16.0,51.5186218189625,0.07098022570625,0.0008,0.9,0.008139345596614033,0.01298954045791474,329.1512481556806,329.1512481556806,0.0,22,273.31640233920615,True,True
333,-37,6328,16,16.0,51.510455977681254,-0.47174460548124997,0.0008,0.9,0.008139345596614033,0.01298954045791474,362.1458452714572,362.1458452714572,0.0,41,310.70622347776913,True,True
334,-7,6334,16,16.0,51.55971264295,-0.0837369079375,0.0008,0.9,0.008139345596614033,0.01298954045791474,254.94854128985114,254.94854128985114,0.0,83,194.03092689740282,True,True
335,1,6336,16,16.0,51.57390492755625,0.0176135973125,0.0008,0.9,0.008139345596614033,0.01298954045791474,279.1428559423738,279.1428559423738,0.0,55,222.27761898786935,True,True
336,-13,6317,16,16.0,51.4206119339375,-0.16254220673125,0.0008,0.9,0.008139345596614033,0.01298954045791474,312.8325149848011,312.8325149848011,0.0,87,263.0620510036554,True,True
337,-2,6339,16,16.0,51.5994045322375,-0.017937222925,0.0008,0.9,0.008139345596614033,0.01298954045791474,302.1335589572823,302.1335589572823,0.0,91,248.3955722036923,True,True
338,13,6330,16,16.0,51.52459247046875,0.17483512721875,0.0008,0.9,0.008139345596614033,0.01298954045791474,381.81485350517727,381.81485350517727,0.0,94,247.6146431351167,True,True
339,5,6325,16,16.0,51.48614905356875,0.0690174022875,0.0008,0.9,0.008139345596614033,0.01298954045791474,318.08354791188134,318.08354791188134,0.0,70,250.31838472408106,True,True
340,-14,6316,16,16.0,51.41388139584375,-0.17832225011875,0.0008,0.9,0.008139345596614033,0.01298954045791474,322.00128016885486,322.00128016885486,0.0,58,261.44298156858883,True,True
341,-15,6320,16,16.0,51.4454621326375,-0.18983341623125,0.0008,0.9,0.008139345596614033,0.01298954045791474,309.548627171866,309.548627171866,0.0,92,279.548627171866,True,True
342,-2,6326,16,16.0,51.49459650219375,-0.01670749185,0.0008,0.9,0.008139345596614033,0.01298954045791474,228.69751779108628,228.69751779108628,0.0,57,155.1962580641822,True,True
343,1,6331,16,16.0,51.5334061441125,0.02130867958125,0.0008,0.9,0.008139345596614033,0.01298954045791474,277.13184481262124,277.13184481262124,0.0,84,247.13184481262124,True,True
344,-11,6324,16,16.0,51.476813393662496,-0.1361749678125,0.0008,0.9,0.008139345596614033,0.01298954045791474,260.48106026774514,260.48106026774514,0.0,14,229.86783006641696,True,True
345,3,6324,16,16.0,51.47688298384375,0.04783799456875,0.0008,0.9,0.008139345596614033,0.01298954045791474,347.5362873581447,347.5362873581447,0.0,21,276.02144789558474,True,True
346,14,6337,16,16.0,51.58317118454375,0.19000099481875,0.0008,0.9,0.008139345596614033,0.01298954045791474,275.17452454134167,275.17452454134167,0.0,74,200.83140742879323,True,True
347,-9,6341,16,16.0,51.61605177415625,-0.10984150410625,0.0008,0.9,0.008139345596614033,0.01298954045791474,289.9159870110546,289.9159870110546,0.0,81,255.9203071280058,True,True
348,-17,6323,16,16.0,51.468344000293754,-0.21277262489375,0.0008,0.9,0.008139345596614033,0.01298954045791474,287.47325763098945,287.47325763098945,0.0,31,255.4654686274167,True,True
349,-5,6334,16,16.0,51.55862643781875,-0.05838526526875,0.0008,0.9,0.008139345596614033,0.01298954045791474,288.28724254284276,288.28724254284276,0.0,83,227.36962815039445,True,True
350,11,6333,16,16.0,51.55044109835,0.1497624259625,0.0008,0.9,0.008139345596614033,0.01298954045791474,238.9786669905596,238.9786669905596,0.0,16,178.51619208395994,True,True
351,-6,6326,16,16.0,51.49325050730625,-0.0713923899875,0.0008,0.9,0.008139345596614033,0.01298954045791474,247.6157522692372,247.6157522692372,0.0,18,189.34944521798633,True,True
352,-21,6329,16,16.0,51.5180534007375,-0.26463986693124997,0.0008,0.9,0.008139345596614033,0.01298954045791474,276.2963041119738,276.2963041119738,0.0,0,219.71779471599973,True,True
353,-9,6337,16,16.0,51.58204653911875,-0.1114212869375,0.0008,0.9,0.008139345596614033,0.01298954045791474,257.7744444059697,257.7744444059697,0.0,45,202.18772719641748,True,True
354,-11,6323,16,16.0,51.4682729071125,-0.13685275618125,0.0008,0.9,0.008139345596614033,0.01298954045791474,189.20049290577464,189.20049290577464,0.0,14,158.58726270444646,True,True
355,2,6326,16,16.0,51.49268519600625,0.03407606215625,0.0008,0.9,0.008139345596614033,0.01298954045791474,280.7502904584552,280.7502904584552,0.0,21,209.23545099589523,True,True
356,-9,6311,16,16.0,51.37170362625625,-0.10835620549375,0.0008,0.9,0.008139345596614033,0.01298954045791474,235.4127596693295,235.4127596693295,0.0,15,182.6808243654927,True,True
357,6,6338,16,16.0,51.590467446175,0.0822021495375,0.0008,0.9,0.008139345596614033,0.01298954045791474,317.70736923344907,317.70736923344907,0.0,33,204.31757583533943,True,True
358,-3,6325,16,16.0,51.48499006639375,-0.0342082536875,0.0008,0.9,0.008139345596614033,0.01298954045791474,200.82777460505284,200.82777460505284,0.0,17,144.0030630698797,True,True
359,3,6321,16,16.0,51.45309385185,0.0479912580625,0.0008,0.9,0.008139345596614033,0.01298954045791474,220.73944883551243,220.73944883551243,0.0,24,190.73944883551243,True,True
360,14,6323,15,15.0,51.46931862000667,0.18871135394,0.00075,0.9,0.008139345596614033,0.01298954045791474,343.5142273469655,343.5142273469655,0.0,26,300.9426720199313,True,True
361,-19,6315,15,15.0,51.40361739227333,-0.23942289901333333,0.00075,0.9,0.008139345596614033,0.01298954045791474,262.92367138112934,262.92367138112934,0.0,60,213.09789914905298,True,True
362,-31,6328,15,15.0,51.511324113626664,-0.39690976714000004,0.00075,0.9,0.008139345596614033,0.01298954045791474,320.296833025724,320.296833025724,0.0,80,256.74752787556355,True,True
363,2,6333,15,15.0,51.549556043500004,0.03245180382,0.00075,0.9,0.008139345596614033,0.01298954045791474,296.2582929795202,296.2582929795202,0.0,84,266.2582929795202,True,True
364,1,6325,15,15.0,51.48718911530667,0.017322258766666664,0.00075,0.9,0.008139345596614033,0.01298954045791474,254.45184368695405,254.45184368695405,0.0,21,182.93700422439412,True,True
365,1,6332,15,15.0,51.54357449334667,0.01966051432,0.00075,0.9,0.008139345596614033,0.01298954045791474,214.55900008241198,214.55900008241198,0.0,84,184.55900008241198,True,True
366,-4,6345,15,15.0,51.64788303286,-0.04698102238,0.00075,0.9,0.008139345596614033,0.01298954045791474,317.7093653516462,317.7093653516462,0.0,25,253.78415352989418,True,True
367,-13,6321,15,15.0,51.454053266593334,-0.16522180904,0.00075,0.9,0.008139345596614033,0.01298954045791474,288.19983454325603,288.19983454325603,0.0,4,258.19983454325603,True,True
368,-5,6318,15,15.0,51.42884018442667,-0.05831475574666667,0.00075,0.9,0.008139345596614033,0.01298954045791474,310.0395108300553,310.0395108300553,0.0,30,228.68756834396808,True,True
369,-16,6336,15,15.0,51.57418138980667,-0.20051191519333333,0.00075,0.9,0.008139345596614033,0.01298954045791474,353.7811933966335,353.7811933966335,0.0,39,272.28762636048816,True,True
370,-31,6322,15,15.0,51.46151664465333,-0.39570869069333336,0.00075,0.9,0.008139345596614033,0.01298954045791474,336.7792799654226,336.7792799654226,0.0,28,256.0613630428347,True,True
371,-7,6333,15,15.0,51.54989624410667,-0.08417472568666667,0.00075,0.9,0.008139345596614033,0.01298954045791474,312.41951031038155,312.41951031038155,0.0,47,267.07714396878833,True,True
372,0,6321,15,15.0,51.45509844278667,0.009828432239999999,0.00075,0.9,0.008139345596614033,0.01298954045791474,189.2108382633229,189.2108382633229,0.0,52,151.98794163405012,True,True
373,-13,6323,15,15.0,51.467594747540005,-0.15998946990666668,0.00075,0.9,0.008139345596614033,0.01298954045791474,219.2824957512164,219.2824957512164,0.0,4,189.2824957512164,True,True
374,1,6330,15,15.0,51.525066789979995,0.02157236255333333,0.00075,0.9,0.008139345596614033,0.01298954045791474,216.39693297064593,216.39693297064593,0.0,69,183.91972033599728,True,True
375,-32,6322,15,15.0,51.46087668659333,-0.40833312254000004,0.00075,0.9,0.008139345596614033,0.01298954045791474,302.9181150829252,302.9181150829252,0.0,28,222.20019816033738,True,True
376,-24,6325,15,15.0,51.484482425580005,-0.3064001009066667,0.00075,0.9,0.008139345596614033,0.01298954045791474,360.19454292690455,360.19454292690455,0.0,13,315.302768815839,True,True
377,-13,6318,15,15.0,51.428180287926665,-0.16600604481333334,0.00075,0.9,0.008139345596614033,0.01298954045791474,255.43529955017186,255.43529955017186,0.0,87,205.6648355690262,True,True
378,-8,6339,15,15.0,51.59886554414666,-0.10038498908,0.00075,0.9,0.008139345596614033,0.01298954045791474,329.5725384592864,329.5725384592864,0.0,45,273.9858212497342,True,True
379,-21,6339,15,15.0,51.60141488310667,-0.26514466911333334,0.00075,0.9,0.008139345596614033,0.01298954045791474,307.41928957225366,307.41928957225366,0.0,56,221.65974254429025,True,True
380,-3,6346,15,15.0,51.65609047026667,-0.03341102622666667,0.00075,0.9,0.008139345596614033,0.01298954045791474,284.58650589325686,284.58650589325686,0.0,25,220.66129407150478,True,True
381,-7,6317,15,15.0,51.419955204859995,-0.08154368661333335,0.00075,0.9,0.008139345596614033,0.01298954045791474,352.4567739082148,352.4567739082148,0.0,96,304.1877886855106,True,True
382,11,6325,15,15.0,51.484104272466666,0.14626795628,0.00075,0.9,0.008139345596614033,0.01298954045791474,264.64862468713,264.64862468713,0.0,26,222.07706936009583,True,True
383,-1,6337,15,15.0,51.58431490282,-0.0075705636,0.00075,0.9,0.008139345596614033,0.01298954045791474,263.3029866829944,263.3029866829944,0.0,91,209.5649999294044,True,True
384,7,6324,15,15.0,51.4793427697,0.1016858099,0.00075,0.9,0.008139345596614033,0.01298954045791474,317.18030671544886,317.18030671544886,0.0,70,249.41514352764858,True,True
385,-3,6338,15,15.0,51.590353174233336,-0.034233700486666664,0.00075,0.9,0.008139345596614033,0.01298954045791474,267.0059272780594,267.0059272780594,0.0,91,213.26794052446942,True,True
386,-12,6334,15,15.0,51.55759564089333,-0.14931440323333334,0.00075,0.9,0.008139345596614033,0.01298954045791474,270.14132125122853,270.14132125122853,0.0,49,207.51394843158772,True,True
387,2,6332,15,15.0,51.5428350638,0.03357026981333333,0.00075,0.9,0.008139345596614033,0.01298954045791474,291.72291525126764,291.72291525126764,0.0,84,261.72291525126764,True,True
388,-17,6321,15,15.0,51.453611966059995,-0.2130715785066667,0.00075,0.9,0.008139345596614033,0.01298954045791474,150.93009807836245,150.93009807836245,0.0,92,120.93009807836245,True,True
389,-26,6328,15,15.0,51.50956463220667,-0.32959623278,0.00075,0.9,0.008139345596614033,0.01298954045791474,222.06465964786673,222.06465964786673,0.0,20,192.06465964786673,True,True
390,-7,6346,15,15.0,51.654662023520004,-0.08285876567333333,0.00075,0.9,0.008139345596614033,0.01298954045791474,375.34679385981804,375.34679385981804,0.0,25,311.421582038066,True,True
391,-20,6330,15,15.0,51.52619594594,-0.25717188953333336,0.00075,0.9,0.008139345596614033,0.01298954045791474,318.4927947032123,318.4927947032123,0.0,67,225.78939115978147,True,True
392,-27,6324,15,15.0,51.47596274097334,-0.34248432599333334,0.00075,0.9,0.008139345596614033,0.01298954045791474,262.47506919990246,262.47506919990246,0.0,40,209.08015425018795,True,True
393,-13,6322,15,15.0,51.46267911778,-0.16661579204,0.00075,0.9,0.008139345596614033,0.01298954045791474,209.94350575901467,209.94350575901467,0.0,4,179.94350575901467,True,True
394,-26,6338,15,15.0,51.591612786746666,-0.33124242103333335,0.00075,0.9,0.008139345596614033,0.01298954045791474,273.2559626192998,273.2559626192998,0.0,36,208.40002860762954,True,True
395,-23,6325,15,15.0,51.48677680198,-0.29317524338,0.00075,0.9,0.008139345596614033,0.01298954045791474,309.08106834938104,309.08106834938104,0.0,13,264.1892942383155,True,True
396,-20,6334,14,14.0,51.559294200335714,-0.25092850013571427,0.0007,0.9,0.008139345596614033,0.01298954045791474,291.12394680888616,291.12394680888616,0.0,98,250.1383982578397,True,True
397,3,6326,14,14.0,51.49260623641429,0.04504960627857143,0.0007,0.9,0.008139345596614033,0.01298954045791474,331.0836804436382,331.0836804436382,0.0,21,259.5688409810782,True,True
398,-7,6314,14,14.0,51.395183729471434,-0.08428683692142858,0.0007,0.9,0.008139345596614033,0.01298954045791474,285.9655075298753,285.9655075298753,0.0,101,212.05907539215463,True,True
399,-10,6313,14,14.0,51.38773505585,-0.12304097845714286,0.0007,0.9,0.008139345596614033,0.01298954045791474,302.87143570916896,302.87143570916896,0.0,61,272.87143570916896,True,True
400,1,6314,14,14.0,51.396828952585714,0.02063366082857143,0.0007,0.9,0.008139345596614033,0.01298954045791474,275.4981978351881,275.4981978351881,0.0,10,220.30048126255247,True,True
401,-22,6330,14,14.0,51.52615144280714,-0.28055915085,0.0007,0.9,0.008139345596614033,0.01298954045791474,348.2555018925625,348.2555018925625,0.0,0,291.6769924965884,True,True
402,0,6327,14,14.0,51.50039926053571,0.004039055657142857,0.0007,0.9,0.008139345596614033,0.01298954045791474,336.31556420527534,336.31556420527534,0.0,57,262.81430447837124,True,True
403,6,6332,14,14.0,51.542023457899994,0.08236453977142857,0.0007,0.9,0.008139345596614033,0.01298954045791474,297.68180424942574,297.68180424942574,0.0,2,223.13724294665784,True,True
404,-3,6344,14,14.0,51.64126399673571,-0.03407129425,0.0007,0.9,0.008139345596614033,0.01298954045791474,368.16231905831904,368.16231905831904,0.0,25,304.237107236567,True,True
405,13,6337,14,14.0,51.581306300085714,0.17793157732857143,0.0007,0.9,0.008139345596614033,0.01298954045791474,242.97983696470465,242.97983696470465,0.0,74,168.6367198521562,True,True
406,7,6311,14,14.0,51.3728651586,0.09766553124999999,0.0007,0.9,0.008139345596614033,0.01298954045791474,275.0462757146474,275.0462757146474,0.0,65,198.9550531524426,True,True
407,1,6329,14,14.0,51.51696986138571,0.019952999185714283,0.0007,0.9,0.008139345596614033,0.01298954045791474,215.80045806511427,215.80045806511427,0.0,69,183.32324543046562,True,True
408,-31,6327,14,14.0,51.500758390121426,-0.3976126292357143,0.0007,0.9,0.008139345596614033,0.01298954045791474,362.7813486525521,362.7813486525521,0.0,80,299.2320435023916,True,True
409,-1,6335,14,14.0,51.56750641705714,-0.006442885428571429,0.0007,0.9,0.008139345596614033,0.01298954045791474,204.49276185954605,204.49276185954605,0.0,54,174.49276185954605,True,True
410,-9,6319,14,14.0,51.435882262,-0.10624831312142857,0.0007,0.9,0.008139345596614033,0.01298954045791474,176.35801453780203,176.35801453780203,0.0,96,128.08902931509783,True,True
411,-22,6331,14,14.0,51.532795226421435,-0.2786830666571429,0.0007,0.9,0.008139345596614033,0.01298954045791474,343.44129360547095,343.44129360547095,0.0,67,250.7378900620401,True,True
412,-19,6329,14,14.0,51.51765834007143,-0.23815601689285715,0.0007,0.9,0.008139345596614033,0.01298954045791474,313.53833012808286,313.53833012808286,0.0,62,280.5906354019397,True,True
413,-33,6320,14,14.0,51.445953142514284,-0.4235052846785714,0.0007,0.9,0.008139345596614033,0.01298954045791474,307.18270820108893,307.18270820108893,0.0,28,226.46479127850108,True,True
414,-3,6345,14,14.0,51.64733510844286,-0.030259390857142857,0.0007,0.9,0.008139345596614033,0.01298954045791474,344.50681574199047,344.50681574199047,0.0,25,280.5816039202384,True,True
415,-18,6338,14,14.0,51.58916036839286,-0.22570894707142858,0.0007,0.9,0.008139345596614033,0.01298954045791474,280.0853788667596,280.0853788667596,0.0,39,198.59181183061426,True,True
416,14,6329,14,14.0,51.517507172557146,0.18916241436428569,0.0007,0.9,0.008139345596614033,0.01298954045791474,316.7886537735586,316.7886537735586,0.0,94,182.58844340349805,True,True
417,-11,6317,14,14.0,51.42129596623572,-0.1336801799,0.0007,0.9,0.008139345596614033,0.01298954045791474,326.4841507273538,326.4841507273538,0.0,61,296.4841507273538,True,True
418,-10,6336,14,14.0,51.574583166299995,-0.12333342125,0.0007,0.9,0.008139345596614033,0.01298954045791474,310.7720649585574,310.7720649585574,0.0,42,262.28842890903957,True,True
419,-30,6334,14,14.0,51.55763960432857,-0.3832767399214286,0.0007,0.9,0.008139345596614033,0.01298954045791474,296.97064028001114,296.97064028001114,0.0,63,252.01506233743015,True,True
420,-6,6322,14,14.0,51.46059304324286,-0.07159115923571428,0.0007,0.9,0.008139345596614033,0.01298954045791474,293.25949207727774,293.25949207727774,0.0,68,263.25949207727774,True,True
421,-23,6332,14,14.0,51.541054990378576,-0.29264227415,0.0007,0.9,0.008139345596614033,0.01298954045791474,375.3595705111627,375.3595705111627,0.0,93,258.46382787658774,True,True
422,3,6333,14,14.0,51.551583019314286,0.04611435089285714,0.0007,0.9,0.008139345596614033,0.01298954045791474,347.7489679308999,347.7489679308999,0.0,84,317.7489679308999,True,True
423,7,6335,14,14.0,51.566044361392855,0.09723985070714285,0.0007,0.9,0.008139345596614033,0.01298954045791474,260.4709576735463,260.4709576735463,0.0,46,230.47095767354634,True,True
424,-6,6335,14,14.0,51.5675472032,-0.07206768426428571,0.0007,0.9,0.008139345596614033,0.01298954045791474,237.3030840102637,237.3030840102637,0.0,83,176.38546961781537,True,True
425,-14,6341,14,14.0,51.61523063118572,-0.1767588114,0.0007,0.9,0.008139345596614033,0.01298954045791474,320.2906656000784,320.2906656000784,0.0,29,262.4284820252234,True,True
426,-15,6336,14,14.0,51.574103500899994,-0.19271120360714283,0.0007,0.9,0.008139345596614033,0.01298954045791474,379.80784400277855,379.80784400277855,0.0,39,298.3142769666332,True,True
427,-20,6333,14,14.0,51.55242094703571,-0.25175783620000003,0.0007,0.9,0.008139345596614033,0.01298954045791474,253.3903544617894,253.3903544617894,0.0,98,212.40480591074294,True,True
428,-21,6338,14,14.0,51.59185244093572,-0.26419935975714287,0.0007,0.9,0.008139345596614033,0.01298954045791474,358.03861197843923,358.03861197843923,0.0,82,302.48395364005427,True,True
429,14,6324,14,14.0,51.477048997328566,0.1869322971214286,0.0007,0.9,0.008139345596614033,0.01298954045791474,315.3315641757714,315.3315641757714,0.0,26,272.76000884873724,True,True
430,-7,6312,14,14.0,51.37972312247143,-0.08667617869285714,0.0007,0.9,0.008139345596614033,0.01298954045791474,278.24184485019947,278.24184485019947,0.0,15,225.5099095463627,True,True
431,5,6330,14,14.0,51.52477404780715,0.07091294225714286,0.0007,0.9,0.008139345596614033,0.01298954045791474,304.5845144668117,304.5845144668117,0.0,22,248.74966865033724,True,True
432,-35,6330,14,14.0,51.52608910131429,-0.44859641929285715,0.0007,0.9,0.008139345596614033,0.01298954045791474,309.2636103931421,309.2636103931421,0.0,41,257.823988599454,True,True
433,4,6323,14,14.0,51.469341740028575,0.057039661750000005,0.0007,0.9,0.008139345596614033,0.01298954045791474,329.59219047377644,329.59219047377644,0.0,24,299.59219047377644,True,True
434,-2,6336,14,14.0,51.575718195521425,-0.018635512157142858,0.0007,0.9,0.008139345596614033,0.01298954045791474,236.48973060577532,236.48973060577532,0.0,54,206.48973060577532,True,True
435,-24,6332,14,14.0,51.541941003335715,-0.3038044847714286,0.0007,0.9,0.008139345596614033,0.01298954045791474,377.5532820814353,377.5532820814353,0.0,93,260.6575394468604,True,True
436,4,6310,14,14.0,51.36552262453571,0.05750602952857143,0.0007,0.9,0.008139345596614033,0.01298954045791474,445.40395500913615,445.40395500913615,0.0,65,369.31273244693136,True,True
437,1,6334,14,14.0,51.557997255335714,0.016883663064285716,0.0007,0.9,0.008139345596614033,0.01298954045791474,254.1534357515779,254.1534357515779,0.0,55,197.28819879707345,True,True
438,-5,6313,13,13.0,51.38775358663077,-0.05918013994615385,0.00065,0.9,0.008139345596614033,0.01298954045791474,284.70484463048723,284.70484463048723,0.0,101,210.79841249276654,True,True
439,10,6335,13,13.0,51.56600926831538,0.13448733014615383,0.00065,0.9,0.008139345596614033,0.01298954045791474,318.6785996109675,318.6785996109675,0.0,16,258.21612470436787,True,True
440,-32,6324,13,13.0,51.478915698461535,-0.40844105515384616,0.00065,0.9,0.008139345596614033,0.01298954045791474,427.7109657159676,427.7109657159676,0.0,28,346.9930487933797,True,True
441,-31,6334,13,13.0,51.55768617184616,-0.3970915785153846,0.00065,0.9,0.008139345596614033,0.01298954045791474,347.91738067079297,347.91738067079297,0.0,63,302.961802728212,True,True
442,-6,6315,13,13.0,51.402846905000004,-0.0713604966,0.00065,0.9,0.008139345596614033,0.01298954045791474,293.242897695603,293.242897695603,0.0,101,219.3364655578823,True,True
443,-33,6327,13,13.0,51.50366129704616,-0.42322879356923077,0.00065,0.9,0.008139345596614033,0.01298954045791474,248.4564849894021,248.4564849894021,0.0,37,154.47015960277093,True,True
444,0,6328,13,13.0,51.51171838370769,0.005123574907692307,0.00065,0.9,0.008139345596614033,0.01298954045791474,304.7878591190321,304.7878591190321,0.0,69,272.3106464843834,True,True
445,-19,6337,13,13.0,51.582180242284615,-0.24141806593846155,0.00065,0.9,0.008139345596614033,0.01298954045791474,328.83939705013023,328.83939705013023,0.0,39,247.34583001398488,True,True
446,-14,6317,13,13.0,51.42021918110769,-0.17735268733846155,0.00065,0.9,0.008139345596614033,0.01298954045791474,338.1434159804714,338.1434159804714,0.0,99,272.0639697819592,True,True
447,-23,6335,13,13.0,51.566510600538464,-0.29055408965384616,0.00065,0.9,0.008139345596614033,0.01298954045791474,366.6095147332794,366.6095147332794,0.0,93,249.7137720987045,True,True
448,3,6336,13,13.0,51.57547933542308,0.04640978226153846,0.00065,0.9,0.008139345596614033,0.01298954045791474,346.38569554625974,346.38569554625974,0.0,46,316.38569554625974,True,True
449,-15,6339,13,13.0,51.601021013523074,-0.18961774513076923,0.00065,0.9,0.008139345596614033,0.01298954045791474,249.84443539151275,249.84443539151275,0.0,29,191.98225181665774,True,True
450,13,6321,13,13.0,51.45110134652308,0.17644182423076923,0.00065,0.9,0.008139345596614033,0.01298954045791474,340.43888445914524,340.43888445914524,0.0,7,279.71110254366505,True,True
451,-8,6314,13,13.0,51.39715262302308,-0.09585750516153846,0.00065,0.9,0.008139345596614033,0.01298954045791474,301.7731724703805,301.7731724703805,0.0,61,271.7731724703805,True,True
452,-5,6340,13,13.0,51.60622001026923,-0.061103187984615386,0.00065,0.9,0.008139345596614033,0.01298954045791474,328.26117940529286,328.26117940529286,0.0,88,269.51095766211427,True,True
453,-16,6331,13,13.0,51.5337054298,-0.20444049554615384,0.00065,0.9,0.008139345596614033,0.01298954045791474,295.3311555442482,295.3311555442482,0.0,62,262.38346081810505,True,True
454,-36,6322,13,13.0,51.458488810576924,-0.45770837154615385,0.00065,0.9,0.008139345596614033,0.01298954045791474,376.25252745908676,376.25252745908676,0.0,38,257.4096418682945,True,True
455,7,6317,13,13.0,51.41911230607692,0.10018697983076923,0.00065,0.9,0.008139345596614033,0.01298954045791474,256.27559637815534,256.27559637815534,0.0,78,189.6913522404969,True,True
456,-13,6313,13,13.0,51.38754777526154,-0.1634166343,0.00065,0.9,0.008139345596614033,0.01298954045791474,320.54245545196176,320.54245545196176,0.0,58,259.98415685169573,True,True
457,-3,6315,13,13.0,51.40652815699231,-0.0326280147,0.00065,0.9,0.008139345596614033,0.01298954045791474,225.88082485335028,225.88082485335028,0.0,5,187.2525009548026,True,True
458,-1,6330,13,13.0,51.52500239420769,-0.010844513446153845,0.00065,0.9,0.008139345596614033,0.01298954045791474,299.71281209473483,299.71281209473483,0.0,71,249.29711668348403,True,True
459,-14,6321,13,13.0,51.451515860153854,-0.17756488374615384,0.00065,0.9,0.008139345596614033,0.01298954045791474,306.14326955358325,306.14326955358325,0.0,4,276.14326955358325,True,True
460,1,6324,13,13.0,51.47725103779231,0.021240905553846154,0.00065,0.9,0.008139345596614033,0.01298954045791474,285.2031010970745,285.2031010970745,0.0,21,213.68826163451456,True,True
461,-34,6328,13,13.0,51.50795940698462,-0.43502937890000004,0.00065,0.9,0.008139345596614033,0.01298954045791474,287.23991310582915,287.23991310582915,0.0,37,193.25358771919798,True,True
462,-38,6332,13,13.0,51.54364005574616,-0.48566327127692305,0.00065,0.9,0.008139345596614033,0.01298954045791474,322.7524716066925,322.7524716066925,0.0,41,271.31284981300445,True,True
463,17,6340,13,13.0,51.60690013774615,0.22801137843846156,0.00065,0.9,0.008139345596614033,0.01298954045791474,278.9547297495766,278.9547297495766,0.0,35,189.25126558498332,True,True
464,-4,6344,13,13.0,51.64081928651539,-0.04428160497692308,0.00065,0.9,0.008139345596614033,0.01298954045791474,360.6508090358743,360.6508090358743,0.0,25,296.7255972141223,True,True
465,-33,6336,13,13.0,51.57451185969231,-0.42366730104615385,0.00065,0.9,0.008139345596614033,0.01298954045791474,256.8311250271052,256.8311250271052,0.0,75,197.58877138958184,True,True
466,-2,6340,13,13.0,51.60669788584615,-0.02143978503076923,0.00065,0.9,0.008139345596614033,0.01298954045791474,345.27031399448106,345.27031399448106,0.0,91,291.53232724089105,True,True
467,3,6332,13,13.0,51.54039276410769,0.049311625792307696,0.00065,0.9,0.008139345596614033,0.01298954045791474,275.0590222869708,275.0590222869708,0.0,22,219.22417647049633,True,True
468,-15,6332,13,13.0,51.54151331278461,-0.19040809563846156,0.00065,0.9,0.008139345596614033,0.01298954045791474,264.50457484167197,264.50457484167197,0.0,95,192.48340428042968,True,True
469,-25,6339,13,13.0,51.59854801605385,-0.3190117682230769,0.00065,0.9,0.008139345596614033,0.01298954045791474,318.2156316026107,318.2156316026107,0.0,82,262.66097326422573,True,True
470,-10,6337,13,13.0,51.58357823998461,-0.1229888438,0.00065,0.9,0.008139345596614033,0.01298954045791474,233.12900557791318,233.12900557791318,0.0,45,177.54228836836097,True,True
471,-37,6322,13,13.0,51.460081154623076,-0.4697406946846154,0.00065,0.9,0.008139345596614033,0.01298954045791474,383.5844883249585,383.5844883249585,0.0,38,264.74160273416624,True,True
472,-16,6339,13,13.0,51.59898138224616,-0.1958016886846154,0.00065,0.9,0.008139345596614033,0.01298954045791474,280.2317059273312,280.2317059273312,0.0,29,222.36952235247614,True,True
473,-24,6327,13,13.0,51.50162650720769,-0.3054469179076923,0.00065,0.9,0.008139345596614033,0.01298954045791474,288.602775181807,288.602775181807,0.0,20,258.602775181807,True,True
474,-27,6320,13,13.0,51.44485848035385,-0.34376801705384613,0.00065,0.9,0.008139345596614033,0.01298954045791474,264.2788853341207,264.2788853341207,0.0,89,226.67833224262367,True,True
475,1,6337,13,13.0,51.581375667823075,0.020096524153846156,0.00065,0.9,0.008139345596614033,0.01298954045791474,341.40044904454857,341.40044904454857,0.0,55,284.5352120900441,True,True
476,19,6334,13,13.0,51.557180392492306,0.24943384183076922,0.00065,0.9,0.008139345596614033,0.01298954045791474,336.8832882205436,336.8832882205436,0.0,44,306.8832882205436,True,True
477,-18,6335,13,13.0,51.566219902392305,-0.2285243918923077,0.00065,0.9,0.008139345596614033,0.01298954045791474,319.79076629244923,319.79076629244923,0.0,98,278.80521774140277,True,True
478,0,6331,13,13.0,51.535245572269226,0.005718065307692307,0.00065,0.9,0.008139345596614033,0.01298954045791474,239.06597723378343,239.06597723378343,0.0,84,209.06597723378343,True,True
479,-20,6314,13,13.0,51.39640454907692,-0.2534505830307692,0.00065,0.9,0.008139345596614033,0.01298954045791474,224.95883564467493,224.95883564467493,0.0,60,175.13306341259857,True,True
480,-3,6332,13,13.0,51.54425446982308,-0.03510428320769231,0.00065,0.9,0.008139345596614033,0.01298954045791474,257.20980107347737,257.20980107347737,0.0,43,210.60291891568608,True,True
481,-17,6333,13,13.0,51.5505767609,-0.2148724210076923,0.00065,0.9,0.008139345596614033,0.01298954045791474,303.3825148308067,303.3825148308067,0.0,98,262.39696627976025,True,True
482,16,6335,12,12.0,51.565551182849994,0.21712143816666665,0.0006,0.9,0.008139345596614033,0.01298954045791474,201.22098139742394,201.22098139742394,0.0,44,171.22098139742394,True,True
483,16,6338,12,12.0,51.592611592699996,0.21581713774166666,0.0006,0.9,0.008139345596614033,0.01298954045791474,311.54998968045936,311.54998968045936,0.0,35,221.84652551586612,True,True
484,-29,6332,12,12.0,51.542438322325005,-0.3693461802,0.0006,0.9,0.008139345596614033,0.01298954045791474,303.3436656688297,303.3436656688297,0.0,63,258.3880877262487,True,True
485,6,6334,12,12.0,51.559476468391665,0.08464540584166667,0.0006,0.9,0.008139345596614033,0.01298954045791474,215.91320016585044,215.91320016585044,0.0,46,185.91320016585044,True,True
486,-4,6319,12,12.0,51.43671756338333,-0.04651527823333334,0.0006,0.9,0.008139345596614033,0.01298954045791474,228.39636234275218,228.39636234275218,0.0,30,147.044419856665,True,True
487,14,6330,12,12.0,51.52734493883333,0.19227456663333334,0.0006,0.9,0.008139345596614033,0.01298954045791474,316.58663793104535,316.58663793104535,0.0,94,182.38642756098477,True,True
488,16,6329,12,12.0,51.516710115100004,0.21721643923333334,0.0006,0.9,0.008139345596614033,0.01298954045791474,405.8640495111827,405.8640495111827,0.0,94,271.66383914112214,True,True
489,14,6321,12,12.0,51.452283972483336,0.18818860251666666,0.0006,0.9,0.008139345596614033,0.01298954045791474,381.02922029035346,381.02922029035346,0.0,7,320.3014383748732,True,True
490,-20,6340,12,12.0,51.60789532955,-0.2529487051666667,0.0006,0.9,0.008139345596614033,0.01298954045791474,216.80747069139412,216.80747069139412,0.0,56,131.04792366343074,True,True
491,17,6339,12,12.0,51.59875490290833,0.22434006274999999,0.0006,0.9,0.008139345596614033,0.01298954045791474,256.8602135232128,256.8602135232128,0.0,35,167.15674935861958,True,True
492,-36,6326,12,12.0,51.49544419338333,-0.4608482468333333,0.0006,0.9,0.008139345596614033,0.01298954045791474,403.8640942228386,403.8640942228386,0.0,37,309.87776883620745,True,True
493,11,6332,12,12.0,51.542410480933334,0.14825277709999998,0.0006,0.9,0.008139345596614033,0.01298954045791474,313.43810492017246,313.43810492017246,0.0,16,252.97563001357284,True,True
494,-11,6309,12,12.0,51.354188878675,-0.13386154974166667,0.0006,0.9,0.008139345596614033,0.01298954045791474,321.9687033884691,321.9687033884691,0.0,90,257.95174117030814,True,True
495,-18,6337,12,12.0,51.58255782549167,-0.22822631829999998,0.0006,0.9,0.008139345596614033,0.01298954045791474,246.1305167891042,246.1305167891042,0.0,39,164.63694975295886,True,True
496,-38,6330,12,12.0,51.52590566104166,-0.4828774780916667,0.0006,0.9,0.008139345596614033,0.01298954045791474,298.3779965705833,298.3779965705833,0.0,41,246.93837477689527,True,True
497,-9,6312,12,12.0,51.381005569850004,-0.10812226023333334,0.0006,0.9,0.008139345596614033,0.01298954045791474,270.3039702785963,270.3039702785963,0.0,15,217.5720349747595,True,True
498,-26,6339,12,12.0,51.600158914,-0.33368065863333335,0.0006,0.9,0.008139345596614033,0.01298954045791474,320.89094073352487,320.89094073352487,0.0,36,256.0350067218546,True,True
499,-3,6336,12,12.0,51.574521536391664,-0.031492531483333336,0.0006,0.9,0.008139345596614033,0.01298954045791474,283.844605979515,283.844605979515,0.0,54,253.844605979515,True,True
500,-4,6318,12,12.0,51.428682276574996,-0.04738462144166666,0.0006,0.9,0.008139345596614033,0.01298954045791474,299.7272945606113,299.7272945606113,0.0,30,218.3753520745241,True,True
501,5,6319,12,12.0,51.43693713429167,0.072050042725,0.0006,0.9,0.008139345596614033,0.01298954045791474,302.05079006469487,302.05079006469487,0.0,24,272.05079006469487,True,True
502,-22,6340,12,12.0,51.60949270053333,-0.27854253326666667,0.0006,0.9,0.008139345596614033,0.01298954045791474,323.52662682032417,323.52662682032417,0.0,82,267.9719684819392,True,True
503,-8,6338,12,12.0,51.59112005774167,-0.10116093153333333,0.0006,0.9,0.008139345596614033,0.01298954045791474,303.39023191997137,303.39023191997137,0.0,45,247.80351471041917,True,True
504,14,6335,12,12.0,51.56758295031667,0.18733154286666667,0.0006,0.9,0.008139345596614033,0.01298954045791474,317.027029147186,317.027029147186,0.0,44,287.027029147186,True,True
505,0,6323,12,12.0,51.46856335254167,0.0077880673,0.0006,0.9,0.008139345596614033,0.01298954045791474,297.074179386375,297.074179386375,0.0,52,259.85128275710224,True,True
506,4,6330,12,12.0,51.526592138675,0.058524338233333334,0.0006,0.9,0.008139345596614033,0.01298954045791474,236.33942260098019,236.33942260098019,0.0,22,180.50457678450573,True,True
507,-29,6336,12,12.0,51.57535588197501,-0.36983419410833335,0.0006,0.9,0.008139345596614033,0.01298954045791474,343.11323298293235,343.11323298293235,0.0,63,298.15765504035136,True,True
508,6,6336,12,12.0,51.575578991516664,0.08422104576666667,0.0006,0.9,0.008139345596614033,0.01298954045791474,280.178524457549,280.178524457549,0.0,46,250.17852445754897,True,True
509,-27,6332,12,12.0,51.542549886033335,-0.3444505581583333,0.0006,0.9,0.008139345596614033,0.01298954045791474,326.96523048913843,326.96523048913843,0.0,63,282.00965254655745,True,True
510,-10,6318,12,12.0,51.429993945250004,-0.12851389415833334,0.0006,0.9,0.008139345596614033,0.01298954045791474,314.72721138036457,314.72721138036457,0.0,96,266.45822615766036,True,True
511,-3,6320,12,12.0,51.44342079208334,-0.032053041383333335,0.0006,0.9,0.008139345596614033,0.01298954045791474,290.1226608318595,290.1226608318595,0.0,53,260.1226608318595,True,True
512,-12,6324,12,12.0,51.47547898443333,-0.14791811765,0.0006,0.9,0.008139345596614033,0.01298954045791474,278.84339761204745,278.84339761204745,0.0,14,248.23016741071928,True,True
513,10,6322,12,12.0,51.45836767236667,0.13634482068333334,0.0006,0.9,0.008139345596614033,0.01298954045791474,272.96078866282124,272.96078866282124,0.0,7,212.23300674734102,True,True
514,9,6336,12,12.0,51.576128001916665,0.12149587965000001,0.0006,0.9,0.008139345596614033,0.01298954045791474,381.89117073358864,381.89117073358864,0.0,46,351.89117073358864,True,True
515,-2,6335,12,12.0,51.56661255151667,-0.019473774616666665,0.0006,0.9,0.008139345596614033,0.01298954045791474,199.83950972617004,199.83950972617004,0.0,54,169.83950972617004,True,True
516,-1,6327,12,12.0,51.501456423724996,-0.007389544725,0.0006,0.9,0.008139345596614033,0.01298954045791474,279.38021430381514,279.38021430381514,0.0,57,205.87895457691104,True,True
517,-18,6316,12,12.0,51.410763634391664,-0.22859504450833334,0.0006,0.9,0.008139345596614033,0.01298954045791474,336.2471641134759,336.2471641134759,0.0,60,286.42139188139953,True,True
518,-7,6336,12,12.0,51.57550206064167,-0.08381703775833334,0.0006,0.9,0.008139345596614033,0.01298954045791474,318.952584582819,318.952584582819,0.0,83,258.0349701903707,True,True
519,3,6318,12,12.0,51.42865534400833,0.04620792975833333,0.0006,0.9,0.008139345596614033,0.01298954045791474,332.85213102560357,332.85213102560357,0.0,24,302.85213102560357,True,True
520,-13,6332,12,12.0,51.542721412774995,-0.1619982728,0.0006,0.9,0.008139345596614033,0.01298954045791474,323.86943733538635,323.86943733538635,0.0,49,261.2420645157455,True,True
521,-6,6316,12,12.0,51.413020755558335,-0.07108890866666667,0.0006,0.9,0.008139345596614033,0.01298954045791474,348.4855342710564,348.4855342710564,0.0,5,309.85721037250875,True,True
522,2,6336,12,12.0,51.57642792454167,0.030414010158333334,0.0006,0.9,0.008139345596614033,0.01298954045791474,334.9533773658512,334.9533773658512,0.0,55,278.0881404113468,True,True
523,10,6309,12,12.0,51.35675861061667,0.13666784294166667,0.0006,0.9,0.008139345596614033,0.01298954045791474,430.93876459894983,430.93876459894983,0.0,65,354.84754203674504,True,True
524,-37,6329,12,12.0,51.516884057875,-0.47447382174999997,0.0006,0.9,0.008139345596614033,0.01298954045791474,326.2491136305647,326.2491136305647,0.0,41,274.80949183687665,True,True
525,3,6325,12,12.0,51.48480107821667,0.04403088831666666,0.0006,0.9,0.008139345596614033,0.01298954045791474,301.0788912938658,301.0788912938658,0.0,21,229.56405183130587,True,True
526,10,6337,12,12.0,51.583715770699996,0.1393292314,0.0006,0.9,0.008139345596614033,0.01298954045791474,397.3476688904893,397.3476688904893,0.0,74,323.00455177794083,True,True
527,-13,6310,12,12.0,51.36471062960833,-0.16311733566666667,0.0006,0.9,0.008139345596614033,0.01298954045791474,269.4186573886683,269.4186573886683,0.0,90,205.40169517050734,True,True
528,-4,6348,12,12.0,51.67208474813333,-0.04285711679166667,0.0006,0.9,0.008139345596614033,0.01298954045791474,311.87488838122925,311.87488838122925,0.0,25,247.94967655947718,True,True
529,-13,6325,12,12.0,51.486328180525,-0.16376971701666668,0.0006,0.9,0.008139345596614033,0.01298954045791474,221.19390946470304,221.19390946470304,0.0,11,176.86305798761128,True,True
530,4,6336,11,11.0,51.575134525527275,0.05784811653636364,0.00055,0.9,0.008139345596614033,0.01298954045791474,310.3959226517377,310.3959226517377,0.0,46,280.3959226517377,True,True
531,8,6315,11,11.0,51.40399809047273,0.11113221528181817,0.00055,0.9,0.008139345596614033,0.01298954045791474,372.6519709211815,372.6519709211815,0.0,78,306.0677267835231,True,True
532,-22,6337,11,11.0,51.58367440741818,-0.28042974422727274,0.00055,0.9,0.008139345596614033,0.01298954045791474,340.35678030324726,340.35678030324726,0.0,82,284.8021219648623,True,True
533,-9,6342,11,11.0,51.62272886620909,-0.10698417495454547,0.00055,0.9,0.008139345596614033,0.01298954045791474,288.7508486652483,288.7508486652483,0.0,81,254.75516878219955,True,True
534,9,6313,11,11.0,51.38843114805454,0.12429942086363636,0.00055,0.9,0.008139345596614033,0.01298954045791474,347.50556922153595,347.50556922153595,0.0,65,271.41434665933116,True,True
535,-22,6338,11,11.0,51.591308521127274,-0.2805904088909091,0.00055,0.9,0.008139345596614033,0.01298954045791474,305.6035690756984,305.6035690756984,0.0,82,250.04891073731343,True,True
536,-31,6339,11,11.0,51.59995159944546,-0.3964855394818182,0.00055,0.9,0.008139345596614033,0.01298954045791474,379.9220497524244,379.9220497524244,0.0,75,320.67969611490105,True,True
537,7,6326,11,11.0,51.49625454519091,0.09352749322727272,0.00055,0.9,0.008139345596614033,0.01298954045791474,278.3692055003207,278.3692055003207,0.0,70,210.6040423125204,True,True
538,-9,6340,11,11.0,51.60769694307273,-0.11134407680909092,0.00055,0.9,0.008139345596614033,0.01298954045791474,321.2647428640661,321.2647428640661,0.0,81,287.26906298101727,True,True
539,-19,6320,11,11.0,51.44618221121818,-0.23977531616363637,0.00055,0.9,0.008139345596614033,0.01298954045791474,317.1953610958073,317.1953610958073,0.0,92,287.1953610958073,True,True
540,4,6328,11,11.0,51.51139052930909,0.05848910287272727,0.00055,0.9,0.008139345596614033,0.01298954045791474,340.9503662498839,340.9503662498839,0.0,69,308.4731536152353,True,True
541,-2,6348,11,11.0,51.67232803138182,-0.02081204778181818,0.00055,0.9,0.008139345596614033,0.01298954045791474,363.5972708143558,363.5972708143558,0.0,25,299.67205899260375,True,True
542,-32,6328,11,11.0,51.51080753748182,-0.4080664634454545,0.00055,0.9,0.008139345596614033,0.01298954045791474,356.143150781726,356.143150781726,0.0,37,262.1568253950948,True,True
543,-11,6343,11,11.0,51.63346173280909,-0.1322847307181818,0.00055,0.9,0.008139345596614033,0.01298954045791474,259.2302365429288,259.2302365429288,0.0,81,225.23455665988,True,True
544,-9,6324,11,11.0,51.47612550781818,-0.10742201862727273,0.00055,0.9,0.008139345596614033,0.01298954045791474,278.61848033463133,278.61848033463133,0.0,9,248.61848033463133,True,True
545,2,6315,11,11.0,51.40428173896364,0.03273428516363636,0.00055,0.9,0.008139345596614033,0.01298954045791474,273.1716554672821,273.1716554672821,0.0,10,217.9739388946465,True,True
546,-12,6322,11,11.0,51.462597789518185,-0.14896260447272727,0.00055,0.9,0.008139345596614033,0.01298954045791474,230.83051075896066,230.83051075896066,0.0,14,200.21728055763248,True,True
547,-3,6348,11,11.0,51.6728854322,-0.034435951409090906,0.00055,0.9,0.008139345596614033,0.01298954045791474,329.69380778485055,329.69380778485055,0.0,25,265.7685959630985,True,True
548,-1,6307,11,11.0,51.339366383809086,-0.00650418490909091,0.00055,0.9,0.008139345596614033,0.01298954045791474,306.99443005392334,306.99443005392334,0.0,1,270.9916766397354,True,True
549,-6,6321,11,11.0,51.452790760727275,-0.06967749894545455,0.00055,0.9,0.008139345596614033,0.01298954045791474,339.7448862627981,339.7448862627981,0.0,68,309.7448862627981,True,True
550,-13,6319,11,11.0,51.437273476790914,-0.1602816348909091,0.00055,0.9,0.008139345596614033,0.01298954045791474,204.31813411213216,204.31813411213216,0.0,87,154.5476701309865,True,True
551,-22,6327,11,11.0,51.5031232928,-0.27949637504545455,0.00055,0.9,0.008139345596614033,0.01298954045791474,265.1476067764571,265.1476067764571,0.0,0,208.56909738048304,True,True
552,-7,6345,11,11.0,51.65106548157273,-0.08280595142727273,0.00055,0.9,0.008139345596614033,0.01298954045791474,382.4630754796312,382.4630754796312,0.0,25,318.53786365787914,True,True
553,9,6316,11,11.0,51.41317350275454,0.12398981081818182,0.00055,0.9,0.008139345596614033,0.01298954045791474,349.1456701539466,349.1456701539466,0.0,78,282.5614260162882,True,True
554,-17,6324,11,11.0,51.47770037928182,-0.21365792012727275,0.00055,0.9,0.008139345596614033,0.01298954045791474,239.81785112766985,239.81785112766985,0.0,31,207.8100621240971,True,True
555,-32,6327,11,11.0,51.501020621,-0.40948434153636365,0.00055,0.9,0.008139345596614033,0.01298954045791474,323.6150708847871,323.6150708847871,0.0,37,229.62874549815592,True,True
556,-25,6325,11,11.0,51.48415521534545,-0.3170708654090909,0.00055,0.9,0.008139345596614033,0.01298954045791474,372.72613826554925,372.72613826554925,0.0,20,342.72613826554925,True,True
557,-15,6317,11,11.0,51.4206937598,-0.1866476189,0.00055,0.9,0.008139345596614033,0.01298954045791474,286.9297623280728,286.9297623280728,0.0,99,220.85031612956064,True,True
558,-2,6325,11,11.0,51.484396449909084,-0.018550943254545454,0.00055,0.9,0.008139345596614033,0.01298954045791474,263.56648398646036,263.56648398646036,0.0,32,225.34995386110336,True,True
559,-30,6319,11,11.0,51.438448215263634,-0.38285000719090906,0.00055,0.9,0.008139345596614033,0.01298954045791474,360.3526314288401,360.3526314288401,0.0,89,322.75207833734305,True,True
560,-13,6316,11,11.0,51.409933628299996,-0.16338280544545455,0.00055,0.9,0.008139345596614033,0.01298954045791474,280.6161508540452,280.6161508540452,0.0,58,220.05785225377917,True,True
561,-29,6328,11,11.0,51.51087132855454,-0.37229661765454547,0.00055,0.9,0.008139345596614033,0.01298954045791474,259.4017363254935,259.4017363254935,0.0,80,195.85243117533304,True,True
562,-8,6340,11,11.0,51.60657331843636,-0.09661940297272728,0.00055,0.9,0.008139345596614033,0.01298954045791474,348.4222393112157,348.4222393112157,0.0,88,289.6720175680371,True,True
563,-2,6331,11,11.0,51.53387297200909,-0.02238857370909091,0.00055,0.9,0.008139345596614033,0.01298954045791474,321.35033492929676,321.35033492929676,0.0,6,276.3989477514574,True,True
564,-30,6325,11,11.0,51.48607953925455,-0.3827179450727272,0.00055,0.9,0.008139345596614033,0.01298954045791474,371.457486898656,371.457486898656,0.0,40,318.06257194894147,True,True
565,-29,6329,11,11.0,51.518263669918184,-0.36985124838181815,0.00055,0.9,0.008139345596614033,0.01298954045791474,242.76721544563574,242.76721544563574,0.0,80,179.21791029547524,True,True
566,-28,6329,11,11.0,51.51840372770909,-0.35739128896363637,0.00055,0.9,0.008139345596614033,0.01298954045791474,315.96790138651045,315.96790138651045,0.0,80,252.4185962363499,True,True
567,-11,6320,11,11.0,51.446882663299995,-0.13805649628181818,0.00055,0.9,0.008139345596614033,0.01298954045791474,318.0221788764036,318.0221788764036,0.0,14,287.4089486750754,True,True
568,8,6313,11,11.0,51.39046610416364,0.1127800077090909,0.00055,0.9,0.008139345596614033,0.01298954045791474,330.3629902688419,330.3629902688419,0.0,65,254.2717677066371,True,True
569,-20,6339,11,11.0,51.59981792336364,-0.25211093773636367,0.00055,0.9,0.008139345596614033,0.01298954045791474,299.9925349832845,299.9925349832845,0.0,56,214.2329879553211,True,True
570,-20,6331,11,11.0,51.53382540000909,-0.2523996187090909,0.00055,0.9,0.008139345596614033,0.01298954045791474,279.1099020168905,279.1099020168905,0.0,67,186.40649847345958,True,True
571,-27,6339,11,11.0,51.6000568894,-0.3401332299909091,0.00055,0.9,0.008139345596614033,0.01298954045791474,311.9918732455481,311.9918732455481,0.0,36,247.13593923387782,True,True
572,7,6319,11,11.0,51.43582211246364,0.0988177883,0.00055,0.9,0.008139345596614033,0.01298954045791474,294.0858113384347,294.0858113384347,0.0,78,227.5015672007763,True,True
573,-13,6309,11,11.0,51.35533530533637,-0.15989200515454546,0.00055,0.9,0.008139345596614033,0.01298954045791474,278.89660125054684,278.89660125054684,0.0,90,214.87963903238585,True,True
574,-3,6323,11,11.0,51.47043753612727,-0.031164549981818182,0.00055,0.9,0.008139345596614033,0.01298954045791474,266.69066754485465,266.69066754485465,0.0,32,228.47413741949765,True,True
575,-5,6347,11,11.0,51.6648863319,-0.058438507418181816,0.00055,0.9,0.008139345596614033,0.01298954045791474,267.12923776915443,267.12923776915443,0.0,25,203.20402594740239,True,True
576,-2,6309,11,11.0,51.354740200399995,-0.020850478236363636,0.00055,0.9,0.008139345596614033,0.01298954045791474,184.52993402862964,184.52993402862964,0.0,1,148.52718061444165,True,True
577,-21,6327,11,11.0,51.50266719588182,-0.2695523770636364,0.00055,0.9,0.008139345596614033,0.01298954045791474,243.4454585361886,243.4454585361886,0.0,0,186.8669491402145,True,True
578,-9,6310,11,11.0,51.3637402450091,-0.10844777711818182,0.00055,0.9,0.008139345596614033,0.01298954045791474,275.2660268656395,275.2660268656395,0.0,15,222.53409156180274,True,True
579,-7,6323,11,11.0,51.46916941005455,-0.08615731213636363,0.00055,0.9,0.008139345596614033,0.01298954045791474,220.97844580681345,220.97844580681345,0.0,68,190.97844580681345,True,True
580,-2,6316,11,11.0,51.40987673996363,-0.024835820145454546,0.00055,0.9,0.008139345596614033,0.01298954045791474,236.23785802740386,236.23785802740386,0.0,5,197.60953412885618,True,True
581,-1,6341,11,11.0,51.61685412855454,-0.006275263245454545,0.00055,0.9,0.008139345596614033,0.01298954045791474,254.52844474464547,254.52844474464547,0.0,12,165.17143364271556,True,True
582,0,6330,11,11.0,51.526282728618185,0.006165517200000001,0.00055,0.9,0.008139345596614033,0.01298954045791474,292.41005302319746,292.41005302319746,0.0,69,259.9328403885488,True,True
583,-7,6335,11,11.0,51.566873444927275,-0.0833325692,0.00055,0.9,0.008139345596614033,0.01298954045791474,253.982217400165,253.982217400165,0.0,83,193.0646030077167,True,True
584,11,6331,11,11.0,51.53455579468182,0.15103016521818183,0.00055,0.9,0.008139345596614033,0.01298954045791474,361.0848553187441,361.0848553187441,0.0,16,300.6223804121444,True,True
585,-22,6333,11,11.0,51.55063185865454,-0.27925546533636364,0.00055,0.9,0.008139345596614033,0.01298954045791474,337.94397518318186,337.94397518318186,0.0,93,221.04823254860693,True,True
586,-32,6323,11,11.0,51.47001693904545,-0.40573938843636365,0.00055,0.9,0.008139345596614033,0.01298954045791474,374.6234346113704,374.6234346113704,0.0,28,293.90551768878254,True,True
587,-7,6311,11,11.0,51.37186851337273,-0.08444435997272727,0.00055,0.9,0.008139345596614033,0.01298954045791474,270.808184404461,270.808184404461,0.0,15,218.07624910062418,True,True
588,-20,6332,11,11.0,51.54119563014546,-0.253975284,0.00055,0.9,0.008139345596614033,0.01298954045791474,278.87202635546225,278.87202635546225,0.0,67,186.1686228120314,True,True
589,-10,6309,11,11.0,51.35688277079091,-0.12043371751818181,0.00055,0.9,0.008139345596614033,0.01298954045791474,351.523600226509,351.523600226509,0.0,15,298.7916649226722,True,True
590,-14,6327,11,11.0,51.50037871117272,-0.17738704106363637,0.00055,0.9,0.008139345596614033,0.01298954045791474,253.46120638012658,253.46120638012658,0.0,48,222.31652903996516,True,True
591,-22,6341,11,11.0,51.61366679255455,-0.27628403560000003,0.00055,0.9,0.008139345596614033,0.01298954045791474,347.61380219069224,347.61380219069224,0.0,82,292.0591438523073,True,True
592,-33,6323,11,11.0,51.47080017548182,-0.42356094759090906,0.00055,0.9,0.008139345596614033,0.01298954045791474,393.2405220353069,393.2405220353069,0.0,28,312.5226051127191,True,True
593,-27,6319,11,11.0,51.43586219006363,-0.3481692963,0.00055,0.9,0.008139345596614033,0.01298954045791474,196.51733401508932,196.51733401508932,0.0,89,158.9167809235923,True,True
594,-5,6343,11,11.0,51.63126871671818,-0.056956336181818175,0.00055,0.9,0.008139345596614033,0.01298954045791474,306.95930604293346,306.95930604293346,0.0,23,209.17696583396946,True,True
595,-21,6333,11,11.0,51.55091267716364,-0.26449109881818184,0.00055,0.9,0.008139345596614033,0.01298954045791474,317.512807715714,317.512807715714,0.0,98,276.52725916466756,True,True
596,-23,6326,11,11.0,51.491186097745455,-0.29224502944545455,0.00055,0.9,0.008139345596614033,0.01298954045791474,302.9936143806715,302.9936143806715,0.0,13,258.10184026960593,True,True
597,9,6332,11,11.0,51.540634351581815,0.12573715773636363,0.00055,0.9,0.008139345596614033,0.01298954045791474,355.6785894329283,355.6785894329283,0.0,16,295.2161145263286,True,True
598,-7,6318,11,11.0,51.427564097072725,-0.08850192120909091,0.00055,0.9,0.008139345596614033,0.01298954045791474,303.3852163929,303.3852163929,0.0,96,255.11623117019585,True,True
599,-27,6323,11,11.0,51.471651335345456,-0.3471529372363636,0.00055,0.9,0.008139345596614033,0.01298954045791474,223.73255508384125,223.73255508384125,0.0,40,170.33764013412673,True,True
600,1,6335,11,11.0,51.566036103100004,0.017471166654545452,0.00055,0.9,0.008139345596614033,0.01298954045791474,226.81245942278196,226.81245942278196,0.0,55,169.94722246827752,True,True
601,10,6336,11,11.0,51.57431877481818,0.1377023412727273,0.00055,0.9,0.008139345596614033,0.01298954045791474,358.1683845619686,358.1683845619686,0.0,16,297.70590965536894,True,True
602,2,6322,11,11.0,51.460488685290905,0.03285027867272727,0.00055,0.9,0.008139345596614033,0.01298954045791474,291.66207180662263,291.66207180662263,0.0,52,254.43917517734982,True,True
603,-14,6311,10,10.0,51.37262866246,-0.17414096115,0.0005,0.9,0.008139345596614033,0.01298954045791474,342.42036621193705,342.42036621193705,0.0,86,269.2214059673726,True,True
604,-10,6341,10,10.0,51.614275702099995,-0.12412174634999999,0.0005,0.9,0.008139345596614033,0.01298954045791474,246.7972507093604,246.7972507093604,0.0,81,212.8015708263116,True,True
605,-17,6331,10,10.0,51.53259015469,-0.21332309333000002,0.0005,0.9,0.008139345596614033,0.01298954045791474,286.1864223884701,286.1864223884701,0.0,62,253.23872766232688,True,True
606,-32,6326,10,10.0,51.49261131698999,-0.40879127227999995,0.0005,0.9,0.008139345596614033,0.01298954045791474,366.34451216238193,366.34451216238193,0.0,37,272.35818677575077,True,True
607,-13,6324,10,10.0,51.47554353112999,-0.16102290259000002,0.0005,0.9,0.008139345596614033,0.01298954045791474,248.5157887504013,248.5157887504013,0.0,4,218.5157887504013,True,True
608,-5,6316,10,10.0,51.41160765754999,-0.05728459664,0.0005,0.9,0.008139345596614033,0.01298954045791474,296.91414111385507,296.91414111385507,0.0,5,258.28581721530736,True,True
609,-15,6318,10,10.0,51.42966009468999,-0.18590474655,0.0005,0.9,0.008139345596614033,0.01298954045791474,332.7012475744999,332.7012475744999,0.0,99,266.62180137598773,True,True
610,-16,6311,10,10.0,51.371478208170004,-0.20127469927,0.0005,0.9,0.008139345596614033,0.01298954045791474,254.7469379651959,254.7469379651959,0.0,86,181.54797772063148,True,True
611,2,6314,10,10.0,51.39624053604,0.031917828599999996,0.0005,0.9,0.008139345596614033,0.01298954045791474,314.7623153601332,314.7623153601332,0.0,10,259.5645987874976,True,True
612,0,6336,10,10.0,51.575916110410006,0.00394179177,0.0005,0.9,0.008139345596614033,0.01298954045791474,286.82166926170777,286.82166926170777,0.0,54,256.82166926170777,True,True
613,1,6318,10,10.0,51.430044756689995,0.02269308851,0.0005,0.9,0.008139345596614033,0.01298954045791474,368.72714472581066,368.72714472581066,0.0,52,331.5042480965379,True,True
614,13,6335,10,10.0,51.56766350317,0.17611813727999998,0.0005,0.9,0.008139345596614033,0.01298954045791474,356.72615308634386,356.72615308634386,0.0,74,282.3830359737954,True,True
615,-25,6332,10,10.0,51.54063879169,-0.31731157291,0.0005,0.9,0.008139345596614033,0.01298954045791474,380.0050199252853,380.0050199252853,0.0,20,350.0050199252853,True,True
616,-25,6326,10,10.0,51.492031257940006,-0.3176523995,0.0005,0.9,0.008139345596614033,0.01298954045791474,325.59436542728486,325.59436542728486,0.0,20,295.59436542728486,True,True
617,12,6332,10,10.0,51.54263375082,0.16385067848,0.0005,0.9,0.008139345596614033,0.01298954045791474,333.99179321479335,333.99179321479335,0.0,16,273.5293183081937,True,True
618,-36,6331,10,10.0,51.533201219329996,-0.45994564471,0.0005,0.9,0.008139345596614033,0.01298954045791474,228.96879063140887,228.96879063140887,0.0,41,177.52916883772082,True,True
619,0,6318,10,10.0,51.42679758022,0.00873951974,0.0005,0.9,0.008139345596614033,0.01298954045791474,356.7688032243542,356.7688032243542,0.0,10,301.5710866517186,True,True
620,-14,6315,10,10.0,51.40487689254,-0.17313368714,0.0005,0.9,0.008139345596614033,0.01298954045791474,235.83467544025785,235.83467544025785,0.0,58,175.2763768399918,True,True
621,-33,6329,10,10.0,51.51704843271,-0.42259939657,0.0005,0.9,0.008139345596614033,0.01298954045791474,354.7374324171314,354.7374324171314,0.0,37,260.75110703050024,True,True
622,-14,6322,10,10.0,51.46337889882,-0.17429193979,0.0005,0.9,0.008139345596614033,0.01298954045791474,208.67287452317748,208.67287452317748,0.0,4,178.67287452317748,True,True
623,-4,6349,10,10.0,51.68080952216,-0.04448439058,0.0005,0.9,0.008139345596614033,0.01298954045791474,362.13848072878216,362.13848072878216,0.0,25,298.2132689070301,True,True
624,12,6325,10,10.0,51.48459853055,0.16008832764,0.0005,0.9,0.008139345596614033,0.01298954045791474,199.80917500063268,199.80917500063268,0.0,26,157.2376196735985,True,True
625,16,6339,10,10.0,51.59797949596,0.21421407769999998,0.0005,0.9,0.008139345596614033,0.01298954045791474,282.01303411225643,282.01303411225643,0.0,35,192.3095699476632,True,True
626,10,6326,10,10.0,51.49189938961,0.13652815346,0.0005,0.9,0.008139345596614033,0.01298954045791474,333.02857852037187,333.02857852037187,0.0,26,290.4570231933377,True,True
627,-21,6325,10,10.0,51.48622633847,-0.26799833244000004,0.0005,0.9,0.008139345596614033,0.01298954045791474,219.46663188723934,219.46663188723934,0.0,13,174.5748577761738,True,True
628,6,6337,10,10.0,51.58365805188,0.08394443039,0.0005,0.9,0.008139345596614033,0.01298954045791474,327.2076030498225,327.2076030498225,0.0,46,297.2076030498225,True,True
629,-6,6320,10,10.0,51.44487185319,-0.07023214773,0.0005,0.9,0.008139345596614033,0.01298954045791474,347.75821601519533,347.75821601519533,0.0,30,266.40627352910815,True,True
630,-16,6323,10,10.0,51.470311377899996,-0.20168573249000002,0.0005,0.9,0.008139345596614033,0.01298954045791474,242.31943055430108,242.31943055430108,0.0,31,210.31164155072833,True,True
631,1,6323,10,10.0,51.467601606870005,0.02270233236,0.0005,0.9,0.008139345596614033,0.01298954045791474,295.143332661782,295.143332661782,0.0,52,257.9204360325092,True,True
632,0,6343,10,10.0,51.632888536669995,0.00736027408,0.0005,0.9,0.008139345596614033,0.01298954045791474,360.4131706948183,360.4131706948183,0.0,12,271.0561595928884,True,True
633,-4,6314,10,10.0,51.39588230792,-0.0475775349,0.0005,0.9,0.008139345596614033,0.01298954045791474,322.32119327134274,322.32119327134274,0.0,5,283.69286937279503,True,True
634,5,6317,10,10.0,51.41943349037,0.06738049832000001,0.0005,0.9,0.008139345596614033,0.01298954045791474,380.3975732379622,380.3975732379622,0.0,78,313.8133291003038,True,True
635,-1,6340,10,10.0,51.607735696279995,-0.00300293673,0.0005,0.9,0.008139345596614033,0.01298954045791474,343.86463115509054,343.86463115509054,0.0,12,254.50762005316062,True,True
636,-3,6312,10,10.0,51.37912247067,-0.03268100955,0.0005,0.9,0.008139345596614033,0.01298954045791474,379.0163309461243,379.0163309461243,0.0,1,343.0135775319363,True,True
637,-5,6336,10,10.0,51.57413081861,-0.06184228571,0.0005,0.9,0.008139345596614033,0.01298954045791474,319.13782436526685,319.13782436526685,0.0,83,258.2202099728185,True,True
638,-8,6313,10,10.0,51.388479914950004,-0.09718956133000001,0.0005,0.9,0.008139345596614033,0.01298954045791474,324.61717578664997,324.61717578664997,0.0,15,271.8852404828132,True,True
639,-28,6332,10,10.0,51.54363368697,-0.36056448540999997,0.0005,0.9,0.008139345596614033,0.01298954045791474,293.96106255255614,293.96106255255614,0.0,63,249.00548460997516,True,True
640,15,6336,10,10.0,51.575256179810005,0.20079920343,0.0005,0.9,0.008139345596614033,0.01298954045791474,305.0825681001771,305.0825681001771,0.0,44,275.0825681001771,True,True
641,-14,6324,10,10.0,51.47799589332,-0.17143247821000002,0.0005,0.9,0.008139345596614033,0.01298954045791474,254.58948883722897,254.58948883722897,0.0,4,224.58948883722897,True,True
642,-25,6324,10,10.0,51.47510219424,-0.32326206285,0.0005,0.9,0.008139345596614033,0.01298954045791474,346.1559941502337,346.1559941502337,0.0,40,292.7610792005192,True,True
643,-33,6321,10,10.0,51.451600872869996,-0.42307156030000004,0.0005,0.9,0.008139345596614033,0.01298954045791474,299.15579858099323,299.15579858099323,0.0,28,218.4378816584054,True,True
644,-34,6330,10,10.0,51.52545925273,-0.4367857034,0.0005,0.9,0.008139345596614033,0.01298954045791474,350.8431565458647,350.8431565458647,0.0,41,299.40353475217665,True,True
645,-29,6331,10,10.0,51.53409438416001,-0.3691725476,0.0005,0.9,0.008139345596614033,0.01298954045791474,348.2343367043097,348.2343367043097,0.0,80,284.6850315541492,True,True
646,-33,6324,10,10.0,51.475875069109996,-0.42537976428,0.0005,0.9,0.008139345596614033,0.01298954045791474,411.6576185082565,411.6576185082565,0.0,38,292.81473291746426,True,True
647,-14,6328,10,10.0,51.511352693490004,-0.17604257779000002,0.0005,0.9,0.008139345596614033,0.01298954045791474,305.0358355286638,305.0358355286638,0.0,66,248.48073209783658,True,True
648,-25,6316,10,10.0,51.415079088540004,-0.31449125848000004,0.0005,0.9,0.008139345596614033,0.01298954045791474,322.71677760070895,322.71677760070895,0.0,50,210.25951808647503,True,True
649,-12,6318,10,10.0,51.43018861946,-0.14753418458,0.0005,0.9,0.008139345596614033,0.01298954045791474,257.1425522247064,257.1425522247064,0.0,87,207.3720882435607,True,True
650,-17,6337,10,10.0,51.58521111411001,-0.21452262136,0.0005,0.9,0.008139345596614033,0.01298954045791474,268.40553872777883,268.40553872777883,0.0,39,186.91197169163348,True,True
651,-3,6322,10,10.0,51.46178209421,-0.03377729523,0.0005,0.9,0.008139345596614033,0.01298954045791474,292.13982968070167,292.13982968070167,0.0,53,262.13982968070167,True,True
652,-4,6332,10,10.0,51.5426803672,-0.0463517509,0.0005,0.9,0.008139345596614033,0.01298954045791474,224.64148618366653,224.64148618366653,0.0,43,178.0346040258752,True,True
653,-25,6331,10,10.0,51.53628343921999,-0.31751791318,0.0005,0.9,0.008139345596614033,0.01298954045791474,353.96318414599966,353.96318414599966,0.0,20,323.96318414599966,True,True
654,15,6333,10,10.0,51.55045574137,0.2017861886,0.0005,0.9,0.008139345596614033,0.01298954045791474,290.36758751696283,290.36758751696283,0.0,44,260.36758751696283,True,True
655,-18,6324,10,10.0,51.47834627149,-0.22420527743,0.0005,0.9,0.008139345596614033,0.01298954045791474,297.77676572848645,297.77676572848645,0.0,31,265.7689767249137,True,True
656,-4,6347,10,10.0,51.66224287056,-0.04455955818,0.0005,0.9,0.008139345596614033,0.01298954045791474,217.38402572708202,217.38402572708202,0.0,25,153.45881390532998,True,True
657,-8,6315,10,10.0,51.40408258972,-0.1005045752,0.0005,0.9,0.008139345596614033,0.01298954045791474,260.0914000300548,260.0914000300548,0.0,61,230.09140003005479,True,True
658,-8,6322,10,10.0,51.46103029278,-0.10009813042,0.0005,0.9,0.008139345596614033,0.01298954045791474,242.8836271553815,242.8836271553815,0.0,9,212.8836271553815,True,True
659,5,6324,10,10.0,51.47829820584,0.07062416716,0.0005,0.9,0.008139345596614033,0.01298954045791474,333.5399824023401,333.5399824023401,0.0,70,265.77481921453983,True,True
660,-13,6320,10,10.0,51.44503942403001,-0.16312036004,0.0005,0.9,0.008139345596614033,0.01298954045791474,273.857982514316,273.857982514316,0.0,87,224.08751853317034,True,True
661,-12,6323,10,10.0,51.46930539225,-0.14973042864,0.0005,0.9,0.008139345596614033,0.01298954045791474,238.3115325863893,238.3115325863893,0.0,14,207.6983023850611,True,True
662,-23,6334,10,10.0,51.56089285214,-0.29109125625,0.0005,0.9,0.008139345596614033,0.01298954045791474,311.0676432836159,311.0676432836159,0.0,93,194.171900649041,True,True
663,-38,6331,10,10.0,51.534732685840005,-0.48616560076,0.0005,0.9,0.008139345596614033,0.01298954045791474,298.94914263099616,298.94914263099616,0.0,41,247.50952083730812,True,True
664,-15,6313,10,10.0,51.38537492982,-0.19170087674,0.0005,0.9,0.008139345596614033,0.01298954045791474,360.27533180545294,360.27533180545294,0.0,58,299.7170332051869,True,True
665,12,6337,10,10.0,51.58333705755,0.16425879681,0.0005,0.9,0.008139345596614033,0.01298954045791474,287.3937664061914,287.3937664061914,0.0,74,213.05064929364292,True,True
666,-1,6339,10,10.0,51.60140299738,-0.007305147569999999,0.0005,0.9,0.008139345596614033,0.01298954045791474,326.63176251233716,326.63176251233716,0.0,91,272.89377575874715,True,True
667,-26,6321,10,10.0,51.45292869779,-0.33097872029,0.0005,0.9,0.008139345596614033,0.01298954045791474,339.67276292662234,339.67276292662234,0.0,89,302.0722098351253,True,True
668,-19,6331,10,10.0,51.53441909172,-0.24196367938000002,0.0005,0.9,0.008139345596614033,0.01298954045791474,313.93528926264923,313.93528926264923,0.0,98,272.9497407116028,True,True
669,9,6325,10,10.0,51.48473742590001,0.12317273035000001,0.0005,0.9,0.008139345596614033,0.01298954045791474,367.3203826413446,367.3203826413446,0.0,26,324.74882731431046,True,True
670,-34,6329,10,10.0,51.51679782767,-0.43536189213,0.0005,0.9,0.008139345596614033,0.01298954045791474,356.2508246243509,356.2508246243509,0.0,37,262.26449923771975,True,True
671,-30,6331,10,10.0,51.534600495949995,-0.38286178804,0.0005,0.9,0.008139345596614033,0.01298954045791474,348.62207045679554,348.62207045679554,0.0,80,285.072765306635,True,True
672,-28,6330,10,10.0,51.52788430593,-0.35539821633999996,0.0005,0.9,0.008139345596614033,0.01298954045791474,345.97064581510324,345.97064581510324,0.0,80,282.4213406649427,True,True
673,-7,6337,10,10.0,51.58293972045,-0.08394691416,0.0005,0.9,0.008139345596614033,0.01298954045791474,306.8011374677733,306.8011374677733,0.0,88,248.0509157245947,True,True
674,10,6334,10,10.0,51.558573243249995,0.1343868915,0.0005,0.9,0.008139345596614033,0.01298954045791474,271.7443925491431,271.7443925491431,0.0,16,211.28191764254342,True,True
675,8,6314,10,10.0,51.3961647153,0.11151304512,0.0005,0.9,0.008139345596614033,0.01298954045791474,361.1896076406554,361.1896076406554,0.0,65,285.09838507845063,True,True
676,-2,6312,10,10.0,51.378625597719996,-0.01775593618,0.0005,0.9,0.008139345596614033,0.01298954045791474,369.7391206883316,369.7391206883316,0.0,1,333.7363672741436,True,True
677,9,6314,10,10.0,51.394618491619994,0.12404185102000001,0.0005,0.9,0.008139345596614033,0.01298954045791474,373.4049063345367,373.4049063345367,0.0,65,297.3136837723319,True,True
678,-30,6328,10,10.0,51.51040494127,-0.38071185847,0.0005,0.9,0.008139345596614033,0.01298954045791474,259.12272754335936,259.12272754335936,0.0,80,195.57342239319888,True,True
679,5,6333,9,9.0,51.54957118831111,0.07306459454444444,0.00045,0.9,0.008139345596614033,0.01298954045791474,295.1088464796297,295.1088464796297,0.0,46,265.1088464796297,True,True
680,9,6337,9,9.0,51.58148947118889,0.12095090336666667,0.00045,0.9,0.008139345596614033,0.01298954045791474,395.9237484735574,395.9237484735574,0.0,46,365.9237484735574,True,True
681,1,6326,9,9.0,51.491529187666664,0.018512883455555556,0.00045,0.9,0.008139345596614033,0.01298954045791474,269.9532016561676,269.9532016561676,0.0,21,198.43836219360767,True,True
682,-9,6318,9,9.0,51.42781828736666,-0.10866756297777777,0.00045,0.9,0.008139345596614033,0.01298954045791474,247.61905684794948,247.61905684794948,0.0,96,199.35007162524528,True,True
683,-4,6316,9,9.0,51.4118744448,-0.04737497245555555,0.00045,0.9,0.008139345596614033,0.01298954045791474,239.13688612765273,239.13688612765273,0.0,5,200.50856222910505,True,True
684,-19,6336,9,9.0,51.575872128877776,-0.23962830996666667,0.00045,0.9,0.008139345596614033,0.01298954045791474,332.90361842231493,332.90361842231493,0.0,39,251.41005138616958,True,True
685,-15,6309,9,9.0,51.35610937278889,-0.18893577288888888,0.00045,0.9,0.008139345596614033,0.01298954045791474,322.2522851973377,322.2522851973377,0.0,86,249.05332495277327,True,True
686,-23,6322,9,9.0,51.4625670024,-0.2908878008333333,0.00045,0.9,0.008139345596614033,0.01298954045791474,228.56237188136325,228.56237188136325,0.0,73,158.57183236556625,True,True
687,-36,6329,9,9.0,51.51906266296666,-0.46153764958888893,0.00045,0.9,0.008139345596614033,0.01298954045791474,312.79824472758844,312.79824472758844,0.0,41,261.3586229339004,True,True
688,-4,6322,9,9.0,51.46032114886666,-0.04617158868888889,0.00045,0.9,0.008139345596614033,0.01298954045791474,303.587902214515,303.587902214515,0.0,59,257.60103200484343,True,True
689,7,6312,9,9.0,51.37921122052222,0.10032079885555556,0.00045,0.9,0.008139345596614033,0.01298954045791474,229.83508929945535,229.83508929945535,0.0,65,153.74386673725056,True,True
690,8,6340,9,9.0,51.60649733308889,0.10667427588888889,0.00045,0.9,0.008139345596614033,0.01298954045791474,388.15172834394446,388.15172834394446,0.0,33,274.76193494583475,True,True
691,-36,6327,9,9.0,51.50347873651111,-0.4614978375111111,0.00045,0.9,0.008139345596614033,0.01298954045791474,397.41548602067644,397.41548602067644,0.0,37,303.4291606340453,True,True
692,-4,6327,9,9.0,51.50052153172222,-0.048659070844444444,0.00045,0.9,0.008139345596614033,0.01298954045791474,305.5557769387912,305.5557769387912,0.0,76,251.9357183558127,True,True
693,-12,6341,9,9.0,51.615573897088886,-0.1486556456,0.00045,0.9,0.008139345596614033,0.01298954045791474,300.09432608370986,300.09432608370986,0.0,81,266.09864620066105,True,True
694,2,6328,9,9.0,51.51157961655556,0.0302990861,0.00045,0.9,0.008139345596614033,0.01298954045791474,247.1752262951966,247.1752262951966,0.0,69,214.69801366054796,True,True
695,-29,6320,9,9.0,51.44374330901111,-0.36510491308888887,0.00045,0.9,0.008139345596614033,0.01298954045791474,311.8131452450809,311.8131452450809,0.0,89,274.21259215358384,True,True
696,-1,6319,9,9.0,51.436470860544446,-0.004874211144444444,0.00045,0.9,0.008139345596614033,0.01298954045791474,313.9827780485688,313.9827780485688,0.0,53,283.9827780485688,True,True
697,-15,6338,9,9.0,51.59100003027778,-0.18778776386666665,0.00045,0.9,0.008139345596614033,0.01298954045791474,286.34982153103203,286.34982153103203,0.0,29,228.48763795617705,True,True
698,-35,6325,9,9.0,51.48269159862222,-0.4505989238555556,0.00045,0.9,0.008139345596614033,0.01298954045791474,347.13676043114356,347.13676043114356,0.0,38,228.2938748403513,True,True
699,-14,6339,9,9.0,51.598893242366664,-0.1753297496888889,0.00045,0.9,0.008139345596614033,0.01298954045791474,220.0061078028777,220.0061078028777,0.0,29,162.14392422802268,True,True
700,10,6332,9,9.0,51.54166291673333,0.1357308847,0.00045,0.9,0.008139345596614033,0.01298954045791474,328.7907743388306,328.7907743388306,0.0,16,268.32829943223095,True,True
701,-31,6329,9,9.0,51.51571227664445,-0.3963051776888889,0.00045,0.9,0.008139345596614033,0.01298954045791474,311.14968617114175,311.14968617114175,0.0,80,247.60038102098125,True,True
702,-4,6342,9,9.0,51.6229791318,-0.042972981211111115,0.00045,0.9,0.008139345596614033,0.01298954045791474,351.9086265573824,351.9086265573824,0.0,23,254.12628634841835,True,True
703,-20,6329,9,9.0,51.5172682519,-0.2534599282666667,0.00045,0.9,0.008139345596614033,0.01298954045791474,311.992960989339,311.992960989339,0.0,0,255.4144515933649,True,True
704,-29,6335,9,9.0,51.564972327477776,-0.3689068390333333,0.00045,0.9,0.008139345596614033,0.01298954045791474,264.9885016972624,264.9885016972624,0.0,63,220.0329237546814,True,True
705,1,6340,9,9.0,51.60804296778889,0.02202112917777778,0.00045,0.9,0.008139345596614033,0.01298954045791474,254.10682221533386,254.10682221533386,0.0,100,173.7656172706497,True,True
706,9,6311,9,9.0,51.374480678244446,0.12176934984444444,0.00045,0.9,0.008139345596614033,0.01298954045791474,306.0588102192413,306.0588102192413,0.0,65,229.96758765703652,True,True
707,7,6336,9,9.0,51.575082308633334,0.09433713394444444,0.00045,0.9,0.008139345596614033,0.01298954045791474,295.6982310916847,295.6982310916847,0.0,46,265.6982310916847,True,True
708,-21,6332,9,9.0,51.54428218698889,-0.26429226107777776,0.00045,0.9,0.008139345596614033,0.01298954045791474,296.3113481047717,296.3113481047717,0.0,67,203.60794456134084,True,True
709,-16,6333,9,9.0,51.54860014277778,-0.20237636469999998,0.00045,0.9,0.008139345596614033,0.01298954045791474,264.16703304924897,264.16703304924897,0.0,95,192.1458624880067,True,True
710,9,6327,9,9.0,51.50323011922222,0.12384502995555555,0.00045,0.9,0.008139345596614033,0.01298954045791474,404.74100411588614,404.74100411588614,0.0,70,336.97584092808586,True,True
711,-8,6334,9,9.0,51.559351185588895,-0.09830029504444444,0.00045,0.9,0.008139345596614033,0.01298954045791474,277.9964963997145,277.9964963997145,0.0,42,229.5128603501967,True,True
712,-2,6307,9,9.0,51.34113466797778,-0.016253062466666666,0.00045,0.9,0.008139345596614033,0.01298954045791474,266.3696509134346,266.3696509134346,0.0,1,230.3668974992466,True,True
713,-10,6340,9,9.0,51.606746957755554,-0.12380454334444445,0.00045,0.9,0.008139345596614033,0.01298954045791474,309.40633375595013,309.40633375595013,0.0,81,275.4106538729013,True,True
714,-4,6325,9,9.0,51.484271608844445,-0.046518556100000004,0.00045,0.9,0.008139345596614033,0.01298954045791474,260.7456509974254,260.7456509974254,0.0,17,203.92093946225228,True,True
715,-22,6316,9,9.0,51.41203861082222,-0.28091659576666667,0.00045,0.9,0.008139345596614033,0.01298954045791474,349.6041178911343,349.6041178911343,0.0,60,299.77834565905795,True,True
716,-9,6321,9,9.0,51.45347308661111,-0.1106982794,0.00045,0.9,0.008139345596614033,0.01298954045791474,258.86149744839173,258.86149744839173,0.0,9,228.86149744839173,True,True
717,3,6329,9,9.0,51.5196946622,0.044116721677777776,0.00045,0.9,0.008139345596614033,0.01298954045791474,259.15222720319815,259.15222720319815,0.0,69,226.6750145685495,True,True
718,-4,6343,9,9.0,51.62921725524445,-0.044643480311111115,0.00045,0.9,0.008139345596614033,0.01298954045791474,352.5106360902107,352.5106360902107,0.0,23,254.7282958812467,True,True
719,-4,6341,9,9.0,51.614034936066666,-0.04353348274444444,0.00045,0.9,0.008139345596614033,0.01298954045791474,369.91684619774014,369.91684619774014,0.0,23,272.13450598877614,True,True
720,-15,6308,9,9.0,51.3451940042,-0.19024973804444445,0.00045,0.9,0.008139345596614033,0.01298954045791474,383.23052032573355,383.23052032573355,0.0,86,310.0315600811691,True,True
721,-32,6321,9,9.0,51.45322462848889,-0.40791614155555556,0.00045,0.9,0.008139345596614033,0.01298954045791474,235.2679303049473,235.2679303049473,0.0,28,154.55001338235945,True,True
722,-12,6310,9,9.0,51.362957626155556,-0.15186924503333332,0.00045,0.9,0.008139345596614033,0.01298954045791474,185.5477423098353,185.5477423098353,0.0,90,121.5307800916743,True,True
723,0,6316,9,9.0,51.41099866752222,0.010022333522222223,0.00045,0.9,0.008139345596614033,0.01298954045791474,247.36692559616012,247.36692559616012,0.0,10,192.1692090235245,True,True
724,-9,6307,9,9.0,51.33986183877778,-0.1134907884111111,0.00045,0.9,0.008139345596614033,0.01298954045791474,261.1040405929126,261.1040405929126,0.0,72,213.52631086591552,True,True
725,-5,6327,9,9.0,51.50046842806667,-0.05641278903333333,0.00045,0.9,0.008139345596614033,0.01298954045791474,275.72311315367426,275.72311315367426,0.0,18,217.45680610242343,True,True
726,4,6325,9,9.0,51.48693625655555,0.05815699748888889,0.00045,0.9,0.008139345596614033,0.01298954045791474,357.7692602260235,357.7692602260235,0.0,70,290.0040970382232,True,True
727,11,6322,9,9.0,51.46016812645556,0.15110374786666667,0.00045,0.9,0.008139345596614033,0.01298954045791474,224.5105363030864,224.5105363030864,0.0,7,163.7827543876062,True,True
728,-11,6344,9,9.0,51.637496165777776,-0.13567428376666668,0.00045,0.9,0.008139345596614033,0.01298954045791474,302.63730481418133,302.63730481418133,0.0,81,268.6416249311325,True,True
729,-38,6340,9,9.0,51.60703788277778,-0.4831891763,0.00045,0.9,0.008139345596614033,0.01298954045791474,514.6128592313526,514.6128592313526,0.0,75,455.3705055938292,True,True
730,-21,6335,9,9.0,51.56641758922222,-0.2653590637333333,0.00045,0.9,0.008139345596614033,0.01298954045791474,359.13384380831053,359.13384380831053,0.0,98,318.14829525726407,True,True
731,-27,6337,9,9.0,51.5822156686,-0.34251229362222224,0.00045,0.9,0.008139345596614033,0.01298954045791474,257.5425690476393,257.5425690476393,0.0,36,192.68663503596903,True,True
732,-16,6334,9,9.0,51.55950693321111,-0.20020474825555556,0.00045,0.9,0.008139345596614033,0.01298954045791474,325.12416992743954,325.12416992743954,0.0,95,253.10299936619725,True,True
733,-31,6331,9,9.0,51.53403123752222,-0.39495488872222223,0.00045,0.9,0.008139345596614033,0.01298954045791474,362.22165097251604,362.22165097251604,0.0,80,298.67234582235557,True,True
734,-23,6310,9,9.0,51.36525407695555,-0.29327877008888886,0.00045,0.9,0.008139345596614033,0.01298954045791474,365.14271978596014,365.14271978596014,0.0,85,321.7378433269114,True,True
735,2,6304,9,9.0,51.31472048773333,0.03384806161111111,0.00045,0.9,0.008139345596614033,0.01298954045791474,226.35747298866264,226.35747298866264,0.0,8,121.26052643347495,True,True
736,5,6337,9,9.0,51.581312395177775,0.07329155571111111,0.00045,0.9,0.008139345596614033,0.01298954045791474,313.69679441762196,313.69679441762196,0.0,46,283.69679441762196,True,True
737,-13,6311,9,9.0,51.36921196076666,-0.1630157641222222,0.00045,0.9,0.008139345596614033,0.01298954045791474,284.3433287682698,284.3433287682698,0.0,90,220.32636655010884,True,True
738,8,6331,9,9.0,51.53383899015555,0.11029991601111111,0.00045,0.9,0.008139345596614033,0.01298954045791474,290.5957750745571,290.5957750745571,0.0,2,216.0512137717892,True,True
739,-18,6331,9,9.0,51.534502989522224,-0.22753096224444447,0.00045,0.9,0.008139345596614033,0.01298954045791474,317.36719347371775,317.36719347371775,0.0,62,284.4194987475746,True,True
740,-30,6329,9,9.0,51.51662481151111,-0.3824822258444444,0.00045,0.9,0.008139345596614033,0.01298954045791474,223.25279925512424,223.25279925512424,0.0,80,159.70349410496374,True,True
741,-17,6311,9,9.0,51.368884441544445,-0.2145614286777778,0.00045,0.9,0.008139345596614033,0.01298954045791474,299.9673407152945,299.9673407152945,0.0,86,226.76838047073008,True,True
742,2,6325,9,9.0,51.48529731443333,0.02934434303333333,0.00045,0.9,0.008139345596614033,0.01298954045791474,221.63117671499262,221.63117671499262,0.0,21,150.1163372524327,True,True
743,-30,6332,9,9.0,51.54179605873333,-0.3813206149777778,0.00045,0.9,0.008139345596614033,0.01298954045791474,327.726470497873,327.726470497873,0.0,63,282.770892555292,True,True
744,-28,6324,9,9.0,51.47614784651111,-0.3571723805111111,0.00045,0.9,0.008139345596614033,0.01298954045791474,238.61910258537597,238.61910258537597,0.0,40,185.22418763566145,True,True
745,-13,6341,9,9.0,51.61364230231111,-0.16115414855555554,0.00045,0.9,0.008139345596614033,0.01298954045791474,336.255811819937,336.255811819937,0.0,29,278.39362824508197,True,True
746,12,6339,9,9.0,51.59907384125555,0.1627078932888889,0.00045,0.9,0.008139345596614033,0.01298954045791474,353.14203741092166,353.14203741092166,0.0,74,278.7989202983732,True,True
747,-3,6335,9,9.0,51.56746652686667,-0.03362252758888889,0.00045,0.9,0.008139345596614033,0.01298954045791474,281.9465438621217,281.9465438621217,0.0,54,251.9465438621217,True,True
748,-31,6330,9,9.0,51.52598129626667,-0.3931986787444444,0.00045,0.9,0.008139345596614033,0.01298954045791474,320.68085179774846,320.68085179774846,0.0,80,257.1315466475879,True,True
749,2,6327,9,9.0,51.50231186714444,0.030097116388888887,0.00045,0.9,0.008139345596614033,0.01298954045791474,319.4839224036832,319.4839224036832,0.0,69,287.00670976903456,True,True
750,-21,6314,9,9.0,51.397496811433335,-0.26653821176666664,0.00045,0.9,0.008139345596614033,0.01298954045791474,262.1958977906561,262.1958977906561,0.0,60,212.3701255585797,True,True
751,14,6322,9,9.0,51.462202531088884,0.18893576227777778,0.00045,0.9,0.008139345596614033,0.01298954045791474,374.03028222726266,374.03028222726266,0.0,26,331.4587269002285,True,True
752,-11,6315,9,9.0,51.40215417708889,-0.1349910371111111,0.00045,0.9,0.008139345596614033,0.01298954045791474,249.95048027250067,249.95048027250067,0.0,61,219.95048027250067,True,True
753,-24,6317,9,9.0,51.42134200832223,-0.3036462815777778,0.00045,0.9,0.008139345596614033,0.01298954045791474,323.3723084145297,323.3723084145297,0.0,50,210.9150489002958,True,True
754,-15,6315,9,9.0,51.40331074334444,-0.19314798843333333,0.00045,0.9,0.008139345596614033,0.01298954045791474,325.3188158053461,325.3188158053461,0.0,58,264.7605172050801,True,True
755,-23,6313,9,9.0,51.386898913122224,-0.2929288118777778,0.00045,0.9,0.008139345596614033,0.01298954045791474,220.13689184010948,220.13689184010948,0.0,85,176.73201538106073,True,True
756,14,6332,9,9.0,51.54235113278889,0.18650798154444445,0.00045,0.9,0.008139345596614033,0.01298954045791474,364.102639025734,364.102639025734,0.0,44,334.102639025734,True,True
757,-23,6330,9,9.0,51.527793020388884,-0.2928140016,0.00045,0.9,0.008139345596614033,0.01298954045791474,346.51030868324926,346.51030868324926,0.0,20,316.51030868324926,True,True
758,-9,6320,9,9.0,51.442600630722225,-0.10971981275555556,0.00045,0.9,0.008139345596614033,0.01298954045791474,254.54780007267692,254.54780007267692,0.0,96,206.27881484997272,True,True
759,-7,6322,9,9.0,51.46186955922222,-0.08530880908888888,0.00045,0.9,0.008139345596614033,0.01298954045791474,282.6024717696108,282.6024717696108,0.0,68,252.60247176961082,True,True
760,3,6327,8,8.0,51.5028432542,0.0428457053,0.0004,0.9,0.008139345596614033,0.01298954045791474,331.85638620986646,331.85638620986646,0.0,69,299.3791735752178,True,True
761,8,6328,8,8.0,51.506914243125,0.1071598359375,0.0004,0.9,0.008139345596614033,0.01298954045791474,377.0807610734822,377.0807610734822,0.0,70,309.31559788568194,True,True
762,0,6322,8,8.0,51.4609662199,0.0035891560124999998,0.0004,0.9,0.008139345596614033,0.01298954045791474,246.86983101106182,246.86983101106182,0.0,52,209.64693438178904,True,True
763,7,6331,8,8.0,51.5352758187375,0.09774411566249999,0.0004,0.9,0.008139345596614033,0.01298954045791474,211.90714073076637,211.90714073076637,0.0,2,137.36257942799847,True,True
764,-16,6315,8,8.0,51.403728273975,-0.199054947325,0.0004,0.9,0.008139345596614033,0.01298954045791474,335.5318268816533,335.5318268816533,0.0,99,269.4523806831411,True,True
765,-24,6313,8,8.0,51.38951869925,-0.305406943375,0.0004,0.9,0.008139345596614033,0.01298954045791474,209.51201666847203,209.51201666847203,0.0,85,166.10714020942328,True,True
766,10,6331,8,8.0,51.53262332975,0.1363847080625,0.0004,0.9,0.008139345596614033,0.01298954045791474,377.9828422165125,377.9828422165125,0.0,16,317.52036730991284,True,True
767,-20,6315,8,8.0,51.402379725225,-0.2546109230875,0.0004,0.9,0.008139345596614033,0.01298954045791474,188.96201534232142,188.96201534232142,0.0,60,139.13624311024506,True,True
768,2,6338,8,8.0,51.591879479824996,0.0296540311625,0.0004,0.9,0.008139345596614033,0.01298954045791474,334.38691914458525,334.38691914458525,0.0,100,254.0457141999011,True,True
769,-23,6336,8,8.0,51.575450186924996,-0.2926427234625,0.0004,0.9,0.008139345596614033,0.01298954045791474,373.2324301915939,373.2324301915939,0.0,82,317.6777718532089,True,True
770,-8,6310,8,8.0,51.3643691357,-0.100061196275,0.0004,0.9,0.008139345596614033,0.01298954045791474,260.8183100004063,260.8183100004063,0.0,15,208.08637469656955,True,True
771,3,6323,8,8.0,51.46975600615,0.0429054814625,0.0004,0.9,0.008139345596614033,0.01298954045791474,340.18887823836053,340.18887823836053,0.0,24,310.18887823836053,True,True
772,-16,6327,8,8.0,51.5005220603125,-0.1998849066375,0.0004,0.9,0.008139345596614033,0.01298954045791474,200.87542446667942,200.87542446667942,0.0,48,169.730747126518,True,True
773,1,6319,8,8.0,51.4356355465125,0.0169640185125,0.0004,0.9,0.008139345596614033,0.01298954045791474,332.3210920709435,332.3210920709435,0.0,52,295.0981954416707,True,True
774,-26,6336,8,8.0,51.5765708645125,-0.334927090075,0.0004,0.9,0.008139345596614033,0.01298954045791474,321.18544325111316,321.18544325111316,0.0,36,256.32950923944287,True,True
775,0,6326,8,8.0,51.4916735950875,0.009015580075,0.0004,0.9,0.008139345596614033,0.01298954045791474,319.40668216402355,319.40668216402355,0.0,21,247.89184270146364,True,True
776,-23,6338,8,8.0,51.5920022211,-0.29067760405,0.0004,0.9,0.008139345596614033,0.01298954045791474,257.86158066800306,257.86158066800306,0.0,82,202.30692232961806,True,True
777,-30,6326,8,8.0,51.493106420362494,-0.382677608825,0.0004,0.9,0.008139345596614033,0.01298954045791474,384.11492340268137,384.11492340268137,0.0,80,320.5656182525209,True,True
778,-27,6338,8,8.0,51.59193839075,-0.3428820050625,0.0004,0.9,0.008139345596614033,0.01298954045791474,227.85116317039365,227.85116317039365,0.0,36,162.99522915872336,True,True
779,1,6339,8,8.0,51.5997123408375,0.0190200862625,0.0004,0.9,0.008139345596614033,0.01298954045791474,275.026159277195,275.026159277195,0.0,100,194.6849543325108,True,True
780,12,6327,8,8.0,51.5007131081,0.1630700968,0.0004,0.9,0.008139345596614033,0.01298954045791474,330.97170643745005,330.97170643745005,0.0,26,288.4001511104159,True,True
781,-23,6331,8,8.0,51.533275598075,-0.291561436125,0.0004,0.9,0.008139345596614033,0.01298954045791474,373.69744881924225,373.69744881924225,0.0,20,343.69744881924225,True,True
782,-13,6312,8,8.0,51.3776408057375,-0.1581410433,0.0004,0.9,0.008139345596614033,0.01298954045791474,334.9199659585996,334.9199659585996,0.0,90,270.90300374043863,True,True
783,-6,6344,8,8.0,51.6398405233,-0.0701557523,0.0004,0.9,0.008139345596614033,0.01298954045791474,373.6144139809479,373.6144139809479,0.0,23,275.8320737719839,True,True
784,-16,6322,8,8.0,51.45948089595,-0.1987599608375,0.0004,0.9,0.008139345596614033,0.01298954045791474,252.52278195389084,252.52278195389084,0.0,92,222.52278195389084,True,True
785,-2,6319,8,8.0,51.4359702105125,-0.0211205007,0.0004,0.9,0.008139345596614033,0.01298954045791474,310.6211472507669,310.6211472507669,0.0,53,280.6211472507669,True,True
786,-8,6342,8,8.0,51.625019097125,-0.0975192895,0.0004,0.9,0.008139345596614033,0.01298954045791474,324.52692773977327,324.52692773977327,0.0,81,290.53124785672446,True,True
787,-21,6334,8,8.0,51.5576420397,-0.26784077665,0.0004,0.9,0.008139345596614033,0.01298954045791474,338.351530504282,338.351530504282,0.0,98,297.3659819532355,True,True
788,-31,6336,8,8.0,51.576722841175,-0.3984353411375,0.0004,0.9,0.008139345596614033,0.01298954045791474,323.8920847183133,323.8920847183133,0.0,75,264.64973108078993,True,True
789,-17,6320,8,8.0,51.444130951125,-0.2123202563375,0.0004,0.9,0.008139345596614033,0.01298954045791474,251.31542732839176,251.31542732839176,0.0,92,221.31542732839176,True,True
790,-14,6343,8,8.0,51.6325697848,-0.1744854415375,0.0004,0.9,0.008139345596614033,0.01298954045791474,314.1709150602934,314.1709150602934,0.0,3,275.23272948106467,True,True
791,12,6333,8,8.0,51.5494134061625,0.1636043825,0.0004,0.9,0.008139345596614033,0.01298954045791474,290.4494210431517,290.4494210431517,0.0,16,229.98694613655204,True,True
792,5,6338,8,8.0,51.589581369975,0.07117342966250001,0.0004,0.9,0.008139345596614033,0.01298954045791474,360.96329324173223,360.96329324173223,0.0,33,247.57349984362256,True,True
793,-26,6329,8,8.0,51.5191434955,-0.3314340197875,0.0004,0.9,0.008139345596614033,0.01298954045791474,251.22092544529698,251.22092544529698,0.0,20,221.22092544529698,True,True
794,-23,6337,8,8.0,51.5835150228625,-0.2927023499625,0.0004,0.9,0.008139345596614033,0.01298954045791474,325.2668030688066,325.2668030688066,0.0,82,269.71214473042164,True,True
795,0,6340,8,8.0,51.6065795983125,0.0050249493375,0.0004,0.9,0.008139345596614033,0.01298954045791474,337.6383199349574,337.6383199349574,0.0,100,257.29711499027326,True,True
796,-16,6345,8,8.0,51.650185058575,-0.1994228244375,0.0004,0.9,0.008139345596614033,0.01298954045791474,252.63851616443318,252.63851616443318,0.0,3,213.70033058520445,True,True
797,-10,6307,8,8.0,51.3387251426,-0.12002080085,0.0004,0.9,0.008139345596614033,0.01298954045791474,248.97966784103772,248.97966784103772,0.0,72,201.4019381140406,True,True
798,12,6326,8,8.0,51.49241031405,0.161169653825,0.0004,0.9,0.008139345596614033,0.01298954045791474,264.53037981536636,264.53037981536636,0.0,26,221.9588244883322,True,True
799,-16,6312,8,8.0,51.3787708832875,-0.2025533190375,0.0004,0.9,0.008139345596614033,0.01298954045791474,323.63380944628733,323.63380944628733,0.0,86,250.4348492017229,True,True
800,-18,6332,8,8.0,51.543923625800005,-0.22817389885,0.0004,0.9,0.008139345596614033,0.01298954045791474,251.43183733738204,251.43183733738204,0.0,98,210.44628878633557,True,True
801,4,6334,8,8.0,51.5589607424375,0.060489477425,0.0004,0.9,0.008139345596614033,0.01298954045791474,281.35993364726767,281.35993364726767,0.0,46,251.3599336472677,True,True
802,-34,6327,8,8.0,51.5007969377125,-0.4363392006625,0.0004,0.9,0.008139345596614033,0.01298954045791474,283.43875875705936,283.43875875705936,0.0,37,189.4524333704282,True,True
803,-24,6310,8,8.0,51.36246742605,-0.3033353980625,0.0004,0.9,0.008139345596614033,0.01298954045791474,380.52682156004335,380.52682156004335,0.0,85,337.1219451009946,True,True
804,-28,6334,8,8.0,51.5580975798875,-0.35933675593750003,0.0004,0.9,0.008139345596614033,0.01298954045791474,210.47489685515353,210.47489685515353,0.0,63,165.51931891257254,True,True
805,-11,6313,8,8.0,51.3898245476,-0.1352955050625,0.0004,0.9,0.008139345596614033,0.01298954045791474,309.1587743925174,309.1587743925174,0.0,61,279.1587743925174,True,True
806,16,6337,8,8.0,51.5851386561375,0.2157933546,0.0004,0.9,0.008139345596614033,0.01298954045791474,348.1221905266756,348.1221905266756,0.0,44,318.1221905266756,True,True
807,-31,6323,8,8.0,51.469359397587496,-0.3970119427875,0.0004,0.9,0.008139345596614033,0.01298954045791474,377.00561335464283,377.00561335464283,0.0,28,296.287696432055,True,True
808,-30,6338,8,8.0,51.5924366417375,-0.38143726755,0.0004,0.9,0.008139345596614033,0.01298954045791474,383.45001237394825,383.45001237394825,0.0,36,318.59407836227797,True,True
809,7,6333,8,8.0,51.549694540625,0.094953529575,0.0004,0.9,0.008139345596614033,0.01298954045791474,310.7617815662139,310.7617815662139,0.0,46,280.7617815662139,True,True
810,5,6332,8,8.0,51.5428391628,0.072174288225,0.0004,0.9,0.008139345596614033,0.01298954045791474,329.70627848306486,329.70627848306486,0.0,22,273.8714326665904,True,True
811,-28,6328,8,8.0,51.507853556724996,-0.3590493834,0.0004,0.9,0.008139345596614033,0.01298954045791474,327.9038066219148,327.9038066219148,0.0,80,264.3545014717543,True,True
812,-24,6331,8,8.0,51.5350095182375,-0.3079101303875,0.0004,0.9,0.008139345596614033,0.01298954045791474,353.18251183718917,353.18251183718917,0.0,20,323.18251183718917,True,True
813,-30,6320,8,8.0,51.443979830125,-0.38404158595,0.0004,0.9,0.008139345596614033,0.01298954045791474,353.36025209753666,353.36025209753666,0.0,28,272.6423351749488,True,True
814,-22,6329,8,8.0,51.518846185825,-0.281380499575,0.0004,0.9,0.008139345596614033,0.01298954045791474,311.39601066398967,311.39601066398967,0.0,0,254.81750126801558,True,True
815,-34,6335,8,8.0,51.56832437645,-0.43963648305,0.0004,0.9,0.008139345596614033,0.01298954045791474,340.9017655714415,340.9017655714415,0.0,75,281.65941193391814,True,True
816,11,6326,8,8.0,51.4929285929875,0.1509967661875,0.0004,0.9,0.008139345596614033,0.01298954045791474,297.4746641736606,297.4746641736606,0.0,26,254.9031088466264,True,True
817,-11,6337,8,8.0,51.5827446034875,-0.1339035867,0.0004,0.9,0.008139345596614033,0.01298954045791474,277.4836189461141,277.4836189461141,0.0,45,221.89690173656192,True,True
818,-2,6341,8,8.0,51.616189519375,-0.0188232013625,0.0004,0.9,0.008139345596614033,0.01298954045791474,294.6007044069858,294.6007044069858,0.0,12,205.2436933050559,True,True
819,-12,6337,8,8.0,51.58422700635,-0.14996886035,0.0004,0.9,0.008139345596614033,0.01298954045791474,348.27796902857295,348.27796902857295,0.0,45,292.69125181902075,True,True
820,-4,6321,8,8.0,51.4541173418625,-0.0442777217375,0.0004,0.9,0.008139345596614033,0.01298954045791474,313.155452297046,313.155452297046,0.0,53,283.155452297046,True,True
821,11,6324,8,8.0,51.478327393725,0.15007717685,0.0004,0.9,0.008139345596614033,0.01298954045791474,252.803828751539,252.803828751539,0.0,26,210.2322734245048,True,True
822,8,6332,8,8.0,51.5444667957125,0.1117871520625,0.0004,0.9,0.008139345596614033,0.01298954045791474,334.508412662349,334.508412662349,0.0,2,259.9638513595811,True,True
823,-33,6330,8,8.0,51.5249806675,-0.42232229462500004,0.0004,0.9,0.008139345596614033,0.01298954045791474,401.5661323744432,401.5661323744432,0.0,37,307.57980698781205,True,True
824,8,6333,8,8.0,51.5501204660875,0.107517854725,0.0004,0.9,0.008139345596614033,0.01298954045791474,341.64121725594055,341.64121725594055,0.0,46,311.64121725594055,True,True
825,4,6337,8,8.0,51.584583276025,0.0569408393125,0.0004,0.9,0.008139345596614033,0.01298954045791474,355.5594660071356,355.5594660071356,0.0,46,325.5594660071356,True,True
826,-35,6329,8,8.0,51.519205901937504,-0.448701306275,0.0004,0.9,0.008139345596614033,0.01298954045791474,335.2281219536983,335.2281219536983,0.0,41,283.78850016001024,True,True
827,-17,6338,8,8.0,51.591787072625,-0.216434913675,0.0004,0.9,0.008139345596614033,0.01298954045791474,302.657153838048,302.657153838048,0.0,39,221.16358680190265,True,True
828,13,6325,7,7.0,51.4833347647,0.17623355012857142,0.00035,0.9,0.008139345596614033,0.01298954045791474,252.28720333090203,252.28720333090203,0.0,26,209.71564800386784,True,True
829,-24,6335,7,7.0,51.56471230965714,-0.3034904533428571,0.00035,0.9,0.008139345596614033,0.01298954045791474,347.00176293147683,347.00176293147683,0.0,93,230.10602029690193,True,True
830,-16,6337,7,7.0,51.58235012941429,-0.2032270553142857,0.00035,0.9,0.008139345596614033,0.01298954045791474,330.3751374903246,330.3751374903246,0.0,39,248.88157045417924,True,True
831,-5,6307,7,7.0,51.34064927332857,-0.059965312257142855,0.00035,0.9,0.008139345596614033,0.01298954045791474,377.413341508558,377.413341508558,0.0,1,341.41058809437004,True,True
832,2,6340,7,7.0,51.6064737474,0.03331290757142857,0.00035,0.9,0.008139345596614033,0.01298954045791474,257.380908716402,257.380908716402,0.0,100,177.03970377171788,True,True
833,-7,6338,7,7.0,51.59013158014285,-0.08597651607142856,0.00035,0.9,0.008139345596614033,0.01298954045791474,260.78187318861956,260.78187318861956,0.0,88,202.03165144544096,True,True
834,-2,6346,7,7.0,51.657727311071426,-0.02400207597142857,0.00035,0.9,0.008139345596614033,0.01298954045791474,331.80132290991406,331.80132290991406,0.0,25,267.876111088162,True,True
835,-13,6331,7,7.0,51.53419871962858,-0.16405551494285714,0.00035,0.9,0.008139345596614033,0.01298954045791474,318.9896620841322,318.9896620841322,0.0,66,262.434558653305,True,True
836,-11,6338,7,7.0,51.59008387345715,-0.1364321603,0.00035,0.9,0.008139345596614033,0.01298954045791474,280.7641471346259,280.7641471346259,0.0,45,225.17742992507368,True,True
837,7,6340,7,7.0,51.60788376480001,0.09861387308571427,0.00035,0.9,0.008139345596614033,0.01298954045791474,369.689340509159,369.689340509159,0.0,33,256.2995471110493,True,True
838,9,6317,7,7.0,51.41929025821429,0.1230885288857143,0.00035,0.9,0.008139345596614033,0.01298954045791474,326.09801937566476,326.09801937566476,0.0,78,259.51377523800636,True,True
839,13,6328,7,7.0,51.51113435371428,0.17772019037142855,0.00035,0.9,0.008139345596614033,0.01298954045791474,399.0728459365564,399.0728459365564,0.0,94,264.87263556649583,True,True
840,-27,6318,7,7.0,51.427240420628564,-0.3405241856142857,0.00035,0.9,0.008139345596614033,0.01298954045791474,235.27675009056833,235.27675009056833,0.0,89,197.6761969990713,True,True
841,-9,6309,7,7.0,51.35520415435714,-0.11369008385714285,0.00035,0.9,0.008139345596614033,0.01298954045791474,346.49047733903404,346.49047733903404,0.0,15,293.75854203519725,True,True
842,3,6338,7,7.0,51.59108611855714,0.04553401998571428,0.00035,0.9,0.008139345596614033,0.01298954045791474,365.09509616759317,365.09509616759317,0.0,100,284.75389122290903,True,True
843,7,6330,7,7.0,51.52779139312857,0.09737390561428572,0.00035,0.9,0.008139345596614033,0.01298954045791474,276.2638566737568,276.2638566737568,0.0,2,201.71929537098885,True,True
844,-25,6321,7,7.0,51.45442215727143,-0.3166517205142857,0.00035,0.9,0.008139345596614033,0.01298954045791474,372.3231222298057,372.3231222298057,0.0,73,302.3325827140087,True,True
845,-33,6319,7,7.0,51.436603312814285,-0.4233912497857143,0.00035,0.9,0.008139345596614033,0.01298954045791474,360.2065654044633,360.2065654044633,0.0,28,279.48864848187543,True,True
846,4,6335,7,7.0,51.56720331784286,0.05980722719999999,0.00035,0.9,0.008139345596614033,0.01298954045791474,280.7429278028094,280.7429278028094,0.0,46,250.7429278028094,True,True
847,-3,6319,7,7.0,51.43805146952857,-0.03273992421428572,0.00035,0.9,0.008139345596614033,0.01298954045791474,300.3659563354713,300.3659563354713,0.0,30,219.0140138493841,True,True
848,-6,6317,7,7.0,51.4191508006,-0.0717190487,0.00035,0.9,0.008139345596614033,0.01298954045791474,357.23961009557627,357.23961009557627,0.0,5,318.61128619702856,True,True
849,-28,6322,7,7.0,51.461492986414285,-0.3615862489857143,0.00035,0.9,0.008139345596614033,0.01298954045791474,278.1451173754274,278.1451173754274,0.0,40,224.7502024257129,True,True
850,-26,6323,7,7.0,51.4684612334,-0.3300923267,0.00035,0.9,0.008139345596614033,0.01298954045791474,319.4674564836634,319.4674564836634,0.0,40,266.0725415339489,True,True
851,-21,6336,7,7.0,51.575171683628575,-0.264751189,0.00035,0.9,0.008139345596614033,0.01298954045791474,397.849407358234,397.849407358234,0.0,98,356.8638588071875,True,True
852,2,6321,7,7.0,51.45276304867143,0.02913618747142857,0.00035,0.9,0.008139345596614033,0.01298954045791474,255.76307954207167,255.76307954207167,0.0,52,218.54018291279888,True,True
853,-25,6338,7,7.0,51.591320819457145,-0.32117292061428565,0.00035,0.9,0.008139345596614033,0.01298954045791474,327.9183251303443,327.9183251303443,0.0,36,263.062391118674,True,True
854,-31,6335,7,7.0,51.56964568424286,-0.40124308677142856,0.00035,0.9,0.008139345596614033,0.01298954045791474,337.0852884174897,337.0852884174897,0.0,75,277.84293477996636,True,True
855,6,6320,7,7.0,51.44509461575715,0.0863474793142857,0.00035,0.9,0.008139345596614033,0.01298954045791474,325.0310586843854,325.0310586843854,0.0,24,295.0310586843854,True,True
856,3,6322,7,7.0,51.45979951572857,0.04636794087142858,0.00035,0.9,0.008139345596614033,0.01298954045791474,280.38701180158625,280.38701180158625,0.0,24,250.38701180158625,True,True
857,3,6334,7,7.0,51.55703849294286,0.044931465642857146,0.00035,0.9,0.008139345596614033,0.01298954045791474,339.6234131856206,339.6234131856206,0.0,46,309.6234131856206,True,True
858,8,6316,7,7.0,51.41426521582857,0.11200453735714286,0.00035,0.9,0.008139345596614033,0.01298954045791474,315.9736215778298,315.9736215778298,0.0,78,249.38937744017142,True,True
859,12,6331,7,7.0,51.53405337668572,0.15945915044285713,0.00035,0.9,0.008139345596614033,0.01298954045791474,371.1229156130767,371.1229156130767,0.0,16,310.66044070647706,True,True
860,-2,6333,7,7.0,51.551571870057145,-0.02057663597142857,0.00035,0.9,0.008139345596614033,0.01298954045791474,309.99882261117705,309.99882261117705,0.0,54,279.99882261117705,True,True
861,-36,6333,7,7.0,51.550102553771424,-0.465288883,0.00035,0.9,0.008139345596614033,0.01298954045791474,333.3754829274477,333.3754829274477,0.0,41,281.93586113375966,True,True
862,-25,6334,7,7.0,51.55827363951429,-0.3186560333285714,0.00035,0.9,0.008139345596614033,0.01298954045791474,386.9982462964788,386.9982462964788,0.0,93,270.1025036619038,True,True
863,-7,6310,7,7.0,51.36193895825715,-0.08234079407142857,0.00035,0.9,0.008139345596614033,0.01298954045791474,322.23359727614275,322.23359727614275,0.0,15,269.50166197230595,True,True
864,-4,6338,7,7.0,51.58929733505715,-0.041374926,0.00035,0.9,0.008139345596614033,0.01298954045791474,309.79701216926117,309.79701216926117,0.0,91,256.05902541567116,True,True
865,-31,6325,7,7.0,51.48654277565714,-0.3955052924857143,0.00035,0.9,0.008139345596614033,0.01298954045791474,412.0882755863724,412.0882755863724,0.0,40,358.69336063665787,True,True
866,-20,6342,7,7.0,51.62224247608572,-0.25456066484285717,0.00035,0.9,0.008139345596614033,0.01298954045791474,342.34583776347006,342.34583776347006,0.0,56,256.5862907355067,True,True
867,15,6329,7,7.0,51.519393711128565,0.2007826106,0.00035,0.9,0.008139345596614033,0.01298954045791474,317.4700136415197,317.4700136415197,0.0,94,183.26980327145912,True,True
868,3,6330,7,7.0,51.52718015205714,0.04388332138571428,0.00035,0.9,0.008139345596614033,0.01298954045791474,258.1446377887172,258.1446377887172,0.0,22,202.30979197224278,True,True
869,-25,6327,7,7.0,51.500225437828576,-0.3175314502428571,0.00035,0.9,0.008139345596614033,0.01298954045791474,260.56932785206004,260.56932785206004,0.0,20,230.56932785206004,True,True
870,12,6324,7,7.0,51.47658953518572,0.16209755728571432,0.00035,0.9,0.008139345596614033,0.01298954045791474,227.35657526762546,227.35657526762546,0.0,26,184.78501994059127,True,True
871,-24,6338,7,7.0,51.59064772848571,-0.3048278251,0.00035,0.9,0.008139345596614033,0.01298954045791474,274.38219836400066,274.38219836400066,0.0,82,218.8275400256157,True,True
872,7,6322,7,7.0,51.462426516099995,0.09915115050000001,0.00035,0.9,0.008139345596614033,0.01298954045791474,389.44681695715974,389.44681695715974,0.0,24,359.44681695715974,True,True
873,-37,6331,7,7.0,51.535000072928575,-0.47295846817142856,0.00035,0.9,0.008139345596614033,0.01298954045791474,222.2373441485059,222.2373441485059,0.0,41,170.79772235481786,True,True
874,0,6319,7,7.0,51.43519835664285,0.0092404756,0.00035,0.9,0.008139345596614033,0.01298954045791474,335.6118322479226,335.6118322479226,0.0,52,298.38893561864984,True,True
875,-20,6324,7,7.0,51.47579620162857,-0.24972679134285714,0.00035,0.9,0.008139345596614033,0.01298954045791474,338.8503465806987,338.8503465806987,0.0,13,293.95857246963317,True,True
876,-20,6337,7,7.0,51.58442503885714,-0.2522644525857143,0.00035,0.9,0.008139345596614033,0.01298954045791474,369.8651160031604,369.8651160031604,0.0,39,288.37154896701503,True,True
877,12,6334,7,7.0,51.55815235607143,0.15952067337142856,0.00035,0.9,0.008139345596614033,0.01298954045791474,266.90696806670564,266.90696806670564,0.0,16,206.44449316010602,True,True
878,-18,6312,7,7.0,51.38012619915714,-0.2249780141285714,0.00035,0.9,0.008139345596614033,0.01298954045791474,380.7159335527068,380.7159335527068,0.0,86,307.5169733081424,True,True
879,12,6338,7,7.0,51.5901064336,0.16403731142857142,0.00035,0.9,0.008139345596614033,0.01298954045791474,295.6913750429789,295.6913750429789,0.0,74,221.34825793043046,True,True
880,-38,6324,7,7.0,51.47623839521429,-0.4896246632285714,0.00035,0.9,0.008139345596614033,0.01298954045791474,424.85032706158466,424.85032706158466,0.0,38,306.0074414707924,True,True
881,-36,6324,7,7.0,51.474716153885716,-0.4564432289,0.00035,0.9,0.008139345596614033,0.01298954045791474,275.60660739261994,275.60660739261994,0.0,38,156.76372180182767,True,True
882,12,6322,7,7.0,51.462702682499994,0.16014850637142858,0.00035,0.9,0.008139345596614033,0.01298954045791474,269.8674157951258,269.8674157951258,0.0,7,209.1396338796456,True,True
883,-9,6336,7,7.0,51.575508774671434,-0.11146990868571428,0.00035,0.9,0.008139345596614033,0.01298954045791474,311.9161362030051,311.9161362030051,0.0,45,256.3294189934529,True,True
884,-8,6341,7,7.0,51.615948605971425,-0.0980019067,0.00035,0.9,0.008139345596614033,0.01298954045791474,329.79414711423243,329.79414711423243,0.0,81,295.7984672311836,True,True
885,-30,6339,7,7.0,51.59841401682858,-0.38386771774285716,0.00035,0.9,0.008139345596614033,0.01298954045791474,401.7819254053201,401.7819254053201,0.0,36,336.92599139364984,True,True
886,-11,6321,7,7.0,51.45194435091429,-0.13718603115714284,0.00035,0.9,0.008139345596614033,0.01298954045791474,287.8143144477565,287.8143144477565,0.0,14,257.2010842464283,True,True
887,-24,6321,7,7.0,51.45360758425714,-0.3049041355428571,0.00035,0.9,0.008139345596614033,0.01298954045791474,340.12191197526056,340.12191197526056,0.0,73,270.13137245946353,True,True
888,8,6327,7,7.0,51.50274737904285,0.11056210051428571,0.00035,0.9,0.008139345596614033,0.01298954045791474,365.02768566318645,365.02768566318645,0.0,70,297.26252247538616,True,True
889,-7,6341,7,7.0,51.615851541271425,-0.08574384717142856,0.00035,0.9,0.008139345596614033,0.01298954045791474,369.8289452608147,369.8289452608147,0.0,23,272.0466050518507,True,True
890,1,6317,7,7.0,51.42082875477143,0.01808480512857143,0.00035,0.9,0.008139345596614033,0.01298954045791474,316.61661993196583,316.61661993196583,0.0,10,261.4189033593302,True,True
891,-35,6331,7,7.0,51.534014894928575,-0.4502092952857143,0.00035,0.9,0.008139345596614033,0.01298954045791474,276.9823797508978,276.9823797508978,0.0,41,225.54275795720974,True,True
892,-10,6317,7,7.0,51.420673411157146,-0.12608560655714288,0.00035,0.9,0.008139345596614033,0.01298954045791474,312.86973130437644,312.86973130437644,0.0,61,282.86973130437644,True,True
893,-14,6345,7,7.0,51.648372871642856,-0.1743674346142857,0.00035,0.9,0.008139345596614033,0.01298954045791474,235.19414480507825,235.19414480507825,0.0,3,196.25595922584952,True,True
894,13,6322,7,7.0,51.45915036887143,0.17200083265714286,0.00035,0.9,0.008139345596614033,0.01298954045791474,319.5344764148798,319.5344764148798,0.0,7,258.8066944993996,True,True
895,-4,6334,7,7.0,51.55839618641429,-0.044397483614285714,0.00035,0.9,0.008139345596614033,0.01298954045791474,274.7778246403962,274.7778246403962,0.0,43,228.1709424826049,True,True
896,-34,6321,7,7.0,51.45228056725715,-0.43206529938571425,0.00035,0.9,0.008139345596614033,0.01298954045791474,350.33470007952695,350.33470007952695,0.0,28,269.6167831569391,True,True
897,2,6318,7,7.0,51.42922796325714,0.0333616745,0.00035,0.9,0.008139345596614033,0.01298954045791474,350.42181498909474,350.42181498909474,0.0,24,320.42181498909474,True,True
898,-13,6314,7,7.0,51.39568857764285,-0.16283576398571428,0.00035,0.9,0.008139345596614033,0.01298954045791474,256.1771345457377,256.1771345457377,0.0,58,195.6188359454717,True,True
899,-1,6343,7,7.0,51.631640623,-0.004696504342857143,0.00035,0.9,0.008139345596614033,0.01298954045791474,318.79335112980084,318.79335112980084,0.0,12,229.43634002787093,True,True
900,-4,6337,7,7.0,51.58517594172857,-0.04226426849999999,0.00035,0.9,0.008139345596614033,0.01298954045791474,313.6973923106881,313.6973923106881,0.0,91,259.9594055570981,True,True
901,4,6332,7,7.0,51.543696581314286,0.05573139107142857,0.00035,0.9,0.008139345596614033,0.01298954045791474,309.0959851446007,309.0959851446007,0.0,22,253.26113932812626,True,True
902,-14,6338,7,7.0,51.59162173228572,-0.17387098678571428,0.00035,0.9,0.008139345596614033,0.01298954045791474,277.8915189492322,277.8915189492322,0.0,29,220.02933537437718,True,True
903,-5,6322,7,7.0,51.45946668975714,-0.05648862348571428,0.00035,0.9,0.008139345596614033,0.01298954045791474,307.0694009142652,307.0694009142652,0.0,59,261.0825307045936,True,True
904,1,6321,7,7.0,51.45287176448572,0.020824946714285714,0.00035,0.9,0.008139345596614033,0.01298954045791474,216.50518749285618,216.50518749285618,0.0,52,179.2822908635834,True,True
905,-31,6333,7,7.0,51.54985667019999,-0.3996233341857143,0.00035,0.9,0.008139345596614033,0.01298954045791474,360.86002371725624,360.86002371725624,0.0,63,315.90444577467525,True,True
906,-5,6349,7,7.0,51.681106167428574,-0.0560642665,0.00035,0.9,0.008139345596614033,0.01298954045791474,366.8294944235083,366.8294944235083,0.0,25,302.9042826017563,True,True
907,4,6315,7,7.0,51.405296135157144,0.0578423188,0.00035,0.9,0.008139345596614033,0.01298954045791474,382.6717635083745,382.6717635083745,0.0,10,327.4740469357389,True,True
908,-29,6333,7,7.0,51.548329058899995,-0.36963573282857143,0.00035,0.9,0.008139345596614033,0.01298954045791474,251.4502037799108,251.4502037799108,0.0,63,206.4946258373298,True,True
909,-13,6338,7,7.0,51.59074015697143,-0.1661688496142857,0.00035,0.9,0.008139345596614033,0.01298954045791474,313.9427966675288,313.9427966675288,0.0,29,256.0806130926738,True,True
910,5,6313,7,7.0,51.38923467144286,0.07447142129999999,0.00035,0.9,0.008139345596614033,0.01298954045791474,381.90292412703343,381.90292412703343,0.0,65,305.81170156482864,True,True
911,-26,6322,7,7.0,51.458585208328564,-0.3332798687285714,0.00035,0.9,0.008139345596614033,0.01298954045791474,336.71665480297406,336.71665480297406,0.0,40,283.32173985325954,True,True
912,-27,6331,7,7.0,51.536432960314286,-0.3468451408142857,0.00035,0.9,0.008139345596614033,0.01298954045791474,351.8295908691146,351.8295908691146,0.0,63,306.8740129265336,True,True
913,-20,6327,7,7.0,51.50324976138571,-0.25088074707142854,0.00035,0.9,0.008139345596614033,0.01298954045791474,307.7354835572771,307.7354835572771,0.0,0,251.15697416130303,True,True
914,-6,6310,7,7.0,51.36300374638571,-0.0705934731,0.00035,0.9,0.008139345596614033,0.01298954045791474,354.22355658470036,354.22355658470036,0.0,15,301.49162128086357,True,True
915,0,6314,7,7.0,51.396720817814284,0.005593036871428572,0.00035,0.9,0.008139345596614033,0.01298954045791474,307.18741978844525,307.18741978844525,0.0,10,251.98970321580967,True,True
916,-14,6313,7,7.0,51.38587842267143,-0.17598615888571428,0.00035,0.9,0.008139345596614033,0.01298954045791474,329.51505395927103,329.51505395927103,0.0,58,268.956755359005,True,True
917,-18,6325,7,7.0,51.48743714101429,-0.2287991687,0.00035,0.9,0.008139345596614033,0.01298954045791474,272.1509501801395,272.1509501801395,0.0,34,225.08951753559876,True,True
918,-19,6312,7,7.0,51.378929272257146,-0.2407604356142857,0.00035,0.9,0.008139345596614033,0.01298954045791474,366.5965708079235,366.5965708079235,0.0,60,316.77079857584715,True,True
919,-20,6341,7,7.0,51.615803741114284,-0.2528084363142857,0.00035,0.9,0.008139345596614033,0.01298954045791474,282.1456292327276,282.1456292327276,0.0,56,196.3860822047642,True,True
920,-29,6325,6,6.0,51.48494458096667,-0.3714964510666667,0.0003,0.9,0.008139345596614033,0.01298954045791474,337.1491827124985,337.1491827124985,0.0,40,283.75426776278397,True,True
921,0,6324,6,6.0,51.477409405383334,0.004698350516666667,0.0003,0.9,0.008139345596614033,0.01298954045791474,287.5564476849988,287.5564476849988,0.0,32,249.33991755964178,True,True
922,1,6320,6,6.0,51.447336016200005,0.014145761816666666,0.0003,0.9,0.008139345596614033,0.01298954045791474,242.00830543276527,242.00830543276527,0.0,52,204.7854088034925,True,True
923,-3,6339,6,6.0,51.59923056091666,-0.03417537141666666,0.0003,0.9,0.008139345596614033,0.01298954045791474,317.50250589208906,317.50250589208906,0.0,91,263.76451913849905,True,True
924,15,6331,6,6.0,51.53427619405,0.20182231905,0.0003,0.9,0.008139345596614033,0.01298954045791474,377.8267442990845,377.8267442990845,0.0,44,347.8267442990845,True,True
925,-25,6333,6,6.0,51.55229674633333,-0.3162032241333333,0.0003,0.9,0.008139345596614033,0.01298954045791474,376.4352195977808,376.4352195977808,0.0,93,259.5394769632059,True,True
926,-38,6333,6,6.0,51.5487292588,-0.48186543775,0.0003,0.9,0.008139345596614033,0.01298954045791474,338.56220958155853,338.56220958155853,0.0,41,287.1225877878705,True,True
927,-19,6322,6,6.0,51.46086648205,-0.23808703651666666,0.0003,0.9,0.008139345596614033,0.01298954045791474,307.33490336920966,307.33490336920966,0.0,92,277.33490336920966,True,True
928,-29,6327,6,6.0,51.501623351283335,-0.37352815468333334,0.0003,0.9,0.008139345596614033,0.01298954045791474,333.03937197377456,333.03937197377456,0.0,80,269.49006682361403,True,True
929,-3,6341,6,6.0,51.61248470015,-0.032484853466666665,0.0003,0.9,0.008139345596614033,0.01298954045791474,369.42799420689107,369.42799420689107,0.0,12,280.07098310496116,True,True
930,-12,6339,6,6.0,51.59993850766667,-0.1496268294,0.0003,0.9,0.008139345596614033,0.01298954045791474,345.8207189136382,345.8207189136382,0.0,29,287.9585353387832,True,True
931,-17,6345,6,6.0,51.650695261883335,-0.21537781563333333,0.0003,0.9,0.008139345596614033,0.01298954045791474,329.17960039950356,329.17960039950356,0.0,3,290.2414148202748,True,True
932,0,6342,6,6.0,51.62385240351667,0.008755223683333334,0.0003,0.9,0.008139345596614033,0.01298954045791474,314.86606966248723,314.86606966248723,0.0,12,225.50905856055735,True,True
933,12,6330,6,6.0,51.52649902783333,0.16521415953333332,0.0003,0.9,0.008139345596614033,0.01298954045791474,419.2651984779167,419.2651984779167,0.0,94,285.06498810785615,True,True
934,8,6330,6,6.0,51.52715671316667,0.10975637745,0.0003,0.9,0.008139345596614033,0.01298954045791474,324.0688415454438,324.0688415454438,0.0,2,249.52428024267584,True,True
935,6,6335,6,6.0,51.56783924276667,0.08540919053333333,0.0003,0.9,0.008139345596614033,0.01298954045791474,216.4775260203722,216.4775260203722,0.0,46,186.4775260203722,True,True
936,8,6319,6,6.0,51.43656753663333,0.10479616865000001,0.0003,0.9,0.008139345596614033,0.01298954045791474,313.5933352408071,313.5933352408071,0.0,78,247.0090911031487,True,True
937,20,6336,6,6.0,51.57736734605,0.2671322246166667,0.0003,0.9,0.008139345596614033,0.01298954045791474,421.86119735557565,421.86119735557565,0.0,44,391.86119735557565,True,True
938,-3,6309,6,6.0,51.356126868383335,-0.03414743738333333,0.0003,0.9,0.008139345596614033,0.01298954045791474,251.49215707753868,251.49215707753868,0.0,1,215.48940366335069,True,True
939,-14,6342,6,6.0,51.62246718106667,-0.17556311430000002,0.0003,0.9,0.008139345596614033,0.01298954045791474,363.787306111247,363.787306111247,0.0,29,305.925122536392,True,True
940,-28,6318,6,6.0,51.42797657728334,-0.3550984827333334,0.0003,0.9,0.008139345596614033,0.01298954045791474,248.9725647084137,248.9725647084137,0.0,89,211.37201161691667,True,True
941,0,6317,6,6.0,51.42097953613333,0.007306039649999999,0.0003,0.9,0.008139345596614033,0.01298954045791474,325.77124798159025,325.77124798159025,0.0,10,270.57353140895464,True,True
942,-23,6339,6,6.0,51.597951822549994,-0.2936105927166667,0.0003,0.9,0.008139345596614033,0.01298954045791474,195.81747807181756,195.81747807181756,0.0,82,140.2628197334326,True,True
943,-37,6323,6,6.0,51.471107318099996,-0.47719726300000004,0.0003,0.9,0.008139345596614033,0.01298954045791474,375.9980019896483,375.9980019896483,0.0,38,257.155116398856,True,True
944,-3,6327,6,6.0,51.50094292213333,-0.033001813283333334,0.0003,0.9,0.008139345596614033,0.01298954045791474,292.21400760270365,292.21400760270365,0.0,57,218.71274787579958,True,True
945,-19,6314,6,6.0,51.39649280371666,-0.24110273436666665,0.0003,0.9,0.008139345596614033,0.01298954045791474,261.0895099244294,261.0895099244294,0.0,60,211.26373769235306,True,True
946,13,6334,6,6.0,51.557950562083334,0.17709838391666666,0.0003,0.9,0.008139345596614033,0.01298954045791474,349.4279791800837,349.4279791800837,0.0,16,288.96550427348404,True,True
947,-14,6312,6,6.0,51.379231386133334,-0.1749974121,0.0003,0.9,0.008139345596614033,0.01298954045791474,360.60055633352397,360.60055633352397,0.0,86,287.40159608895954,True,True
948,-6,6346,6,6.0,51.655256837416665,-0.07362464066666667,0.0003,0.9,0.008139345596614033,0.01298954045791474,341.5576032405727,341.5576032405727,0.0,25,277.63239141882065,True,True
949,-16,6321,6,6.0,51.4545060792,-0.20072721733333332,0.0003,0.9,0.008139345596614033,0.01298954045791474,234.13806065347512,234.13806065347512,0.0,92,204.13806065347512,True,True
950,-16,6308,6,6.0,51.34716597951667,-0.20397239860000002,0.0003,0.9,0.008139345596614033,0.01298954045791474,371.7050922064358,371.7050922064358,0.0,86,298.50613196187135,True,True
951,21,6336,6,6.0,51.5733242149,0.28120476646666664,0.0003,0.9,0.008139345596614033,0.01298954045791474,462.15370390762985,462.15370390762985,0.0,44,432.15370390762985,True,True
952,13,6323,6,6.0,51.47014640626667,0.17735794274999997,0.0003,0.9,0.008139345596614033,0.01298954045791474,309.9952671395505,309.9952671395505,0.0,26,267.4237118125163,True,True
953,-28,6319,6,6.0,51.438894505483326,-0.35494949314999996,0.0003,0.9,0.008139345596614033,0.01298954045791474,244.8564090600554,244.8564090600554,0.0,89,207.25585596855836,True,True
954,-3,6349,6,6.0,51.679708344666665,-0.03273576575,0.0003,0.9,0.008139345596614033,0.01298954045791474,368.1418598518248,368.1418598518248,0.0,25,304.21664803007275,True,True
955,-29,6330,6,6.0,51.525971091833334,-0.3704171936166667,0.0003,0.9,0.008139345596614033,0.01298954045791474,283.9487948443724,283.9487948443724,0.0,80,220.39948969421187,True,True
956,-20,6325,6,6.0,51.48588488031667,-0.2551696354333333,0.0003,0.9,0.008139345596614033,0.01298954045791474,268.52050019519487,268.52050019519487,0.0,13,223.6287260841293,True,True
957,-8,6316,6,6.0,51.41319268788334,-0.09726475315000001,0.0003,0.9,0.008139345596614033,0.01298954045791474,306.82284300129584,306.82284300129584,0.0,61,276.82284300129584,True,True
958,-2,6347,6,6.0,51.66490006193334,-0.01872187293333333,0.0003,0.9,0.008139345596614033,0.01298954045791474,352.53325239127076,352.53325239127076,0.0,25,288.6080405695187,True,True
959,-38,6325,6,6.0,51.483526406016665,-0.48232713043333336,0.0003,0.9,0.008139345596614033,0.01298954045791474,417.1034941759607,417.1034941759607,0.0,38,298.2606085851684,True,True
960,20,6334,6,6.0,51.55923780851666,0.26744428103333334,0.0003,0.9,0.008139345596614033,0.01298954045791474,401.65361560770907,401.65361560770907,0.0,44,371.65361560770907,True,True
961,0,6339,6,6.0,51.597411451566664,0.006607771183333333,0.0003,0.9,0.008139345596614033,0.01298954045791474,342.4510276980584,342.4510276980584,0.0,100,262.10982275337426,True,True
962,-11,6311,6,6.0,51.372553857966665,-0.1351009276,0.0003,0.9,0.008139345596614033,0.01298954045791474,324.1957921833395,324.1957921833395,0.0,90,260.1788299651785,True,True
963,-15,6340,6,6.0,51.60794424951666,-0.18649460898333334,0.0003,0.9,0.008139345596614033,0.01298954045791474,264.4484336699467,264.4484336699467,0.0,29,206.5862500950917,True,True
964,-31,6326,6,6.0,51.494991168983326,-0.39695661575,0.0003,0.9,0.008139345596614033,0.01298954045791474,390.2939669517323,390.2939669517323,0.0,80,326.74466180157174,True,True
965,4,6339,6,6.0,51.59825062681667,0.05925889805,0.0003,0.9,0.008139345596614033,0.01298954045791474,382.4018609407153,382.4018609407153,0.0,33,269.0120675426056,True,True
966,-21,6315,6,6.0,51.40379864241667,-0.2668846068,0.0003,0.9,0.008139345596614033,0.01298954045791474,262.21509672335117,262.21509672335117,0.0,60,212.38932449127478,True,True
967,-15,6341,6,6.0,51.616833782133334,-0.1851231519333333,0.0003,0.9,0.008139345596614033,0.01298954045791474,331.67276969671474,331.67276969671474,0.0,29,273.8105861218597,True,True
968,-19,6325,6,6.0,51.48705584595,-0.23937356708333335,0.0003,0.9,0.008139345596614033,0.01298954045791474,309.322624072404,309.322624072404,0.0,34,262.2611914278632,True,True
969,-26,6325,6,6.0,51.485308649249994,-0.3329658534166667,0.0003,0.9,0.008139345596614033,0.01298954045791474,345.42864962493087,345.42864962493087,0.0,40,292.03373467521635,True,True
970,-33,6328,6,6.0,51.50893552748334,-0.4197324484166667,0.0003,0.9,0.008139345596614033,0.01298954045791474,294.38794646647284,294.38794646647284,0.0,37,200.40162107984168,True,True
971,-21,6342,6,6.0,51.624233481599994,-0.26678602084999997,0.0003,0.9,0.008139345596614033,0.01298954045791474,366.01130680650226,366.01130680650226,0.0,56,280.2517597785389,True,True
972,-16,6309,6,6.0,51.35563732915,-0.19909355415,0.0003,0.9,0.008139345596614033,0.01298954045791474,302.3089929070713,302.3089929070713,0.0,86,229.11003266250688,True,True
973,-5,6339,6,6.0,51.59953536146667,-0.056388573483333336,0.0003,0.9,0.008139345596614033,0.01298954045791474,314.09731895714737,314.09731895714737,0.0,88,255.34709721396877,True,True
974,6,6316,6,6.0,51.41338554598334,0.08201926705,0.0003,0.9,0.008139345596614033,0.01298954045791474,347.9884720986351,347.9884720986351,0.0,78,281.4042279609767,True,True
975,-8,6317,6,6.0,51.42076562428334,-0.10104480038333334,0.0003,0.9,0.008139345596614033,0.01298954045791474,311.4687116301228,311.4687116301228,0.0,96,263.1997264074186,True,True
976,-1,6317,6,6.0,51.42168478766666,-0.003943845983333334,0.0003,0.9,0.008139345596614033,0.01298954045791474,346.9851697807992,346.9851697807992,0.0,5,308.3568458822515,True,True
977,3,6337,6,6.0,51.583544694333334,0.04253371628333333,0.0003,0.9,0.008139345596614033,0.01298954045791474,386.33772969198833,386.33772969198833,0.0,46,356.33772969198833,True,True
978,-17,6318,6,6.0,51.4261824685,-0.2177272018833333,0.0003,0.9,0.008139345596614033,0.01298954045791474,313.7854280361083,313.7854280361083,0.0,99,247.70598183759614,True,True
979,-34,6326,6,6.0,51.49313918963333,-0.4325864286,0.0003,0.9,0.008139345596614033,0.01298954045791474,318.6292204838705,318.6292204838705,0.0,37,224.64289509723932,True,True
980,-2,6315,6,6.0,51.40448117543334,-0.01804470185,0.0003,0.9,0.008139345596614033,0.01298954045791474,295.1766443175934,295.1766443175934,0.0,5,256.54832041904575,True,True
981,-28,6340,6,6.0,51.60579613488333,-0.35405881126666666,0.0003,0.9,0.008139345596614033,0.01298954045791474,351.6516793284382,351.6516793284382,0.0,36,286.7957453167679,True,True
982,-21,6323,6,6.0,51.46897190905,-0.2660144655166667,0.0003,0.9,0.008139345596614033,0.01298954045791474,330.68129109644053,330.68129109644053,0.0,73,260.69075158064356,True,True
983,-35,6321,6,6.0,51.45384309821667,-0.4475711716,0.0003,0.9,0.008139345596614033,0.01298954045791474,407.93221322076687,407.93221322076687,0.0,38,289.0893276299746,True,True
984,1,6327,6,6.0,51.50258398211667,0.019943362116666665,0.0003,0.9,0.008139345596614033,0.01298954045791474,319.6572408670877,319.6572408670877,0.0,69,287.18002823243904,True,True
985,-23,6340,6,6.0,51.606473942033325,-0.29292307614999996,0.0003,0.9,0.008139345596614033,0.01298954045791474,259.7402734308106,259.7402734308106,0.0,82,204.18561509242565,True,True
986,-16,6319,6,6.0,51.43753038391667,-0.1968402514166667,0.0003,0.9,0.008139345596614033,0.01298954045791474,325.00662248878785,325.00662248878785,0.0,92,295.00662248878785,True,True
987,-23,6321,6,6.0,51.454340254816664,-0.2946877304,0.0003,0.9,0.008139345596614033,0.01298954045791474,298.1508646900212,298.1508646900212,0.0,73,228.16032517422417,True,True
988,-29,6316,6,6.0,51.413272793716665,-0.37110475293333334,0.0003,0.9,0.008139345596614033,0.01298954045791474,372.6398498986999,372.6398498986999,0.0,89,335.03929680720285,True,True
989,-22,6324,6,6.0,51.478837533766665,-0.28226468013333333,0.0003,0.9,0.008139345596614033,0.01298954045791474,303.86468957850343,303.86468957850343,0.0,13,258.9729154674379,True,True
990,-32,6338,6,6.0,51.59169420036667,-0.41108184503333334,0.0003,0.9,0.008139345596614033,0.01298954045791474,308.28244134329384,308.28244134329384,0.0,75,249.04008770577047,True,True
991,13,6333,6,6.0,51.55061785101666,0.17607879429999998,0.0003,0.9,0.008139345596614033,0.01298954045791474,347.6015898635012,347.6015898635012,0.0,16,287.13911495690155,True,True
992,15,6334,6,6.0,51.56204204161667,0.20697225538333333,0.0003,0.9,0.008139345596614033,0.01298954045791474,211.46062021214868,211.46062021214868,0.0,44,181.46062021214868,True,True
993,-15,6311,6,6.0,51.36923104576667,-0.1911506864,0.0003,0.9,0.008139345596614033,0.01298954045791474,246.31898100958995,246.31898100958995,0.0,86,173.12002076502552,True,True
994,-12,6340,6,6.0,51.607441037983335,-0.15167746133333335,0.0003,0.9,0.008139345596614033,0.01298954045791474,339.3789489833776,339.3789489833776,0.0,81,305.3832691003288,True,True
995,-21,6343,6,6.0,51.631950087999996,-0.26507649758333335,0.0003,0.9,0.008139345596614033,0.01298954045791474,406.4954434774144,406.4954434774144,0.0,56,320.73589644945105,True,True
996,-18,6317,6,6.0,51.41917346703334,-0.22600883531666668,0.0003,0.9,0.008139345596614033,0.01298954045791474,330.06231728646617,330.06231728646617,0.0,99,263.982871087954,True,True
997,-30,6318,6,6.0,51.42653738188333,-0.383590517,0.0003,0.9,0.008139345596614033,0.01298954045791474,366.8336728195375,366.8336728195375,0.0,89,329.2331197280405,True,True
998,-26,6330,6,6.0,51.52697246985,-0.33164436455,0.0003,0.9,0.008139345596614033,0.01298954045791474,307.74892399031523,307.74892399031523,0.0,20,277.74892399031523,True,True
999,-32,6319,6,6.0,51.43743767856666,-0.40952531001666664,0.0003,0.9,0.008139345596614033,0.01298954045791474,336.50346189808164,336.50346189808164,0.0,28,255.7855449754938,True,True
1000,-24,6342,6,6.0,51.620770225566666,-0.3084786663333334,0.0003,0.9,0.008139345596614033,0.01298954045791474,371.70110768853107,371.70110768853107,0.0,82,316.1464493501461,True,True
1001,-4,6323,6,6.0,51.46866152524999,-0.04686310841666667,0.0003,0.9,0.008139345596614033,0.01298954045791474,231.8834382374594,231.8834382374594,0.0,59,185.8965680277878,True,True
1002,0,6311,6,6.0,51.37208147661667,0.004899365583333333,0.0003,0.9,0.008139345596614033,0.01298954045791474,363.38316867392166,363.38316867392166,0.0,1,327.3804152597337,True,True
1003,7,6334,6,6.0,51.558362653066666,0.09447076086666667,0.0003,0.9,0.008139345596614033,0.01298954045791474,257.2961118532934,257.2961118532934,0.0,46,227.2961118532934,True,True
1004,5,6328,6,6.0,51.51040514815,0.06959062865,0.0003,0.9,0.008139345596614033,0.01298954045791474,368.3532058082713,368.3532058082713,0.0,22,312.51835999179684,True,True
1005,-24,6312,6,6.0,51.37777822848333,-0.30425738045,0.0003,0.9,0.008139345596614033,0.01298954045791474,290.58981357103596,290.58981357103596,0.0,85,247.18493711198718,True,True
1006,-34,6324,6,6.0,51.480432662616664,-0.4344701838166667,0.0003,0.9,0.008139345596614033,0.01298954045791474,390.41906398812915,390.41906398812915,0.0,38,271.5761783973369,True,True
1007,-11,6316,6,6.0,51.41207939741667,-0.14064689125,0.0003,0.9,0.008139345596614033,0.01298954045791474,302.49175490504297,302.49175490504297,0.0,61,272.49175490504297,True,True
1008,18,6339,6,6.0,51.60197109585,0.23852022351666666,0.0003,0.9,0.008139345596614033,0.01298954045791474,311.5709829950055,311.5709829950055,0.0,35,221.86751883041228,True,True
1009,9,6312,6,6.0,51.378927907283334,0.12311055273333334,0.0003,0.9,0.008139345596614033,0.01298954045791474,306.44271906813606,306.44271906813606,0.0,65,230.3514965059313,True,True
1010,18,6340,6,6.0,51.60732955535,0.23788698163333333,0.0003,0.9,0.008139345596614033,0.01298954045791474,317.1226281611241,317.1226281611241,0.0,35,227.4191639965309,True,True
1011,-20,6319,6,6.0,51.435351713050004,-0.25731281935,0.0003,0.9,0.008139345596614033,0.01298954045791474,406.6445087718937,406.6445087718937,0.0,92,376.6445087718937,True,True
1012,-9,6316,6,6.0,51.410859914566664,-0.11188116394999999,0.0003,0.9,0.008139345596614033,0.01298954045791474,239.60509599832722,239.60509599832722,0.0,61,209.60509599832722,True,True
1013,-35,6328,6,6.0,51.51195202691667,-0.44494038598333335,0.0003,0.9,0.008139345596614033,0.01298954045791474,353.5037048524991,353.5037048524991,0.0,37,259.5173794658679,True,True
1014,-7,6321,6,6.0,51.454671861200005,-0.08553852335,0.0003,0.9,0.008139345596614033,0.01298954045791474,324.79389244288143,324.79389244288143,0.0,68,294.79389244288143,True,True
1015,-20,6338,6,6.0,51.59143821798333,-0.2515387935,0.0003,0.9,0.008139345596614033,0.01298954045791474,368.0906837819079,368.0906837819079,0.0,56,282.3311367539445,True,True
1016,-34,6325,6,6.0,51.48266320625,-0.4357222321,0.0003,0.9,0.008139345596614033,0.01298954045791474,394.708914118507,394.708914118507,0.0,38,275.8660285277147,True,True
1017,-29,6321,6,6.0,51.45275960216667,-0.3716124221333333,0.0003,0.9,0.008139345596614033,0.01298954045791474,358.76539192907074,358.76539192907074,0.0,40,305.3704769793562,True,True
1018,-17,6332,6,6.0,51.54255843961666,-0.21217330064999998,0.0003,0.9,0.008139345596614033,0.01298954045791474,323.86348595690356,323.86348595690356,0.0,98,282.8779374058571,True,True
1019,-27,6327,6,6.0,51.50218163468333,-0.34301960495,0.0003,0.9,0.008139345596614033,0.01298954045791474,310.2033924711517,310.2033924711517,0.0,20,280.2033924711517,True,True
1020,1,6341,6,6.0,51.6140928161,0.019737266700000002,0.0003,0.9,0.008139345596614033,0.01298954045791474,302.52784216804287,302.52784216804287,0.0,100,222.18663722335873,True,True
1021,-24,6311,6,6.0,51.37085297295,-0.30588901781666666,0.0003,0.9,0.008139345596614033,0.01298954045791474,332.29402974456974,332.29402974456974,0.0,85,288.889153285521,True,True
1022,-35,6333,6,6.0,51.5525061107,-0.44945147178333333,0.0003,0.9,0.008139345596614033,0.01298954045791474,365.157990224139,365.157990224139,0.0,41,313.71836843045094,True,True
1023,-25,6311,6,6.0,51.36996737665,-0.31538851628333336,0.0003,0.9,0.008139345596614033,0.01298954045791474,349.4190249636896,349.4190249636896,0.0,85,306.01414850464084,True,True
1024,-4,6317,6,6.0,51.41993400691666,-0.0486754018,0.0003,0.9,0.008139345596614033,0.01298954045791474,267.3842811079328,267.3842811079328,0.0,5,228.7559572093851,True,True
1025,-32,6336,6,6.0,51.572830132583334,-0.40952387326666667,0.0003,0.9,0.008139345596614033,0.01298954045791474,285.52977288988757,285.52977288988757,0.0,75,226.28741925236417,True,True
1026,-37,6327,6,6.0,51.501378873966665,-0.47511155396666666,0.0003,0.9,0.008139345596614033,0.01298954045791474,417.61404837907503,417.61404837907503,0.0,41,366.174426585387,True,True
1027,-26,6324,5,5.0,51.47743380334,-0.32841748052,0.00025,0.9,0.008139345596614033,0.01298954045791474,331.8718519835284,331.8718519835284,0.0,40,278.4769370338139,True,True
1028,-10,6311,5,5.0,51.370790086019994,-0.12270108792000001,0.00025,0.9,0.008139345596614033,0.01298954045791474,315.34055907753293,315.34055907753293,0.0,15,262.60862377369614,True,True
1029,-3,6317,5,5.0,51.42133887848,-0.03451765316,0.00025,0.9,0.008139345596614033,0.01298954045791474,253.61728275769687,253.61728275769687,0.0,5,214.9889588591492,True,True
1030,11,6339,5,5.0,51.59734260626,0.15189455926,0.00025,0.9,0.008139345596614033,0.01298954045791474,374.1811410506288,374.1811410506288,0.0,74,299.83802393808037,True,True
1031,-11,6312,5,5.0,51.38002406536,-0.1318379188,0.00025,0.9,0.008139345596614033,0.01298954045791474,355.6840247759054,355.6840247759054,0.0,61,325.6840247759054,True,True
1032,-19,6338,5,5.0,51.59021515608,-0.23814638706000002,0.00025,0.9,0.008139345596614033,0.01298954045791474,333.53930833169557,333.53930833169557,0.0,39,252.04574129555021,True,True
1033,-28,6321,5,5.0,51.45182950226,-0.35857558626,0.00025,0.9,0.008139345596614033,0.01298954045791474,334.56132004508237,334.56132004508237,0.0,89,296.96076695358533,True,True
1034,-21,6322,5,5.0,51.46261544712,-0.26588215614,0.00025,0.9,0.008139345596614033,0.01298954045791474,328.00626481566746,328.00626481566746,0.0,73,258.01572529987044,True,True
1035,11,6329,5,5.0,51.51847868270001,0.14661180886,0.00025,0.9,0.008139345596614033,0.01298954045791474,445.16858492682843,445.16858492682843,0.0,26,402.59702959979427,True,True
1036,-29,6324,5,5.0,51.478570915060004,-0.36880226444,0.00025,0.9,0.008139345596614033,0.01298954045791474,302.92233710357584,302.92233710357584,0.0,40,249.52742215386132,True,True
1037,-19,6323,5,5.0,51.4707302586,-0.2389793624,0.00025,0.9,0.008139345596614033,0.01298954045791474,344.02422502550564,344.02422502550564,0.0,92,314.02422502550564,True,True
1038,4,6324,5,5.0,51.47920004136,0.05704243254,0.00025,0.9,0.008139345596614033,0.01298954045791474,372.35926442122775,372.35926442122775,0.0,21,300.84442495866784,True,True
1039,12,6323,5,5.0,51.467849188319995,0.16203974264,0.00025,0.9,0.008139345596614033,0.01298954045791474,305.04196021759753,305.04196021759753,0.0,26,262.4704048905634,True,True
1040,10,6321,5,5.0,51.4528219889,0.13748916126,0.00025,0.9,0.008139345596614033,0.01298954045791474,273.1421286517715,273.1421286517715,0.0,7,212.41434673629124,True,True
1041,7,6315,5,5.0,51.4026362094,0.10058069966000001,0.00025,0.9,0.008139345596614033,0.01298954045791474,377.4221505053048,377.4221505053048,0.0,78,310.8379063676464,True,True
1042,8,6318,5,5.0,51.42697846336,0.10497517566,0.00025,0.9,0.008139345596614033,0.01298954045791474,216.74347215846575,216.74347215846575,0.0,78,150.15922802080735,True,True
1043,-6,6318,5,5.0,51.42860447078,-0.07042835698,0.00025,0.9,0.008139345596614033,0.01298954045791474,358.9548119829111,358.9548119829111,0.0,30,277.6028694968239,True,True
1044,16,6328,5,5.0,51.51067193106,0.21860837838,0.00025,0.9,0.008139345596614033,0.01298954045791474,427.6206436328672,427.6206436328672,0.0,94,293.4204332628066,True,True
1045,0,6338,5,5.0,51.59270131556,0.007053173120000001,0.00025,0.9,0.008139345596614033,0.01298954045791474,337.0857457587948,337.0857457587948,0.0,91,283.3477590052048,True,True
1046,-15,6314,5,5.0,51.3978645075,-0.18978846454,0.00025,0.9,0.008139345596614033,0.01298954045791474,313.487007250866,313.487007250866,0.0,58,252.92870865059996,True,True
1047,-1,6308,5,5.0,51.344986068219995,-0.00845405858,0.00025,0.9,0.008139345596614033,0.01298954045791474,259.25007022384034,259.25007022384034,0.0,1,223.24731680965235,True,True
1048,-19,6321,5,5.0,51.452027144620004,-0.24141381832,0.00025,0.9,0.008139345596614033,0.01298954045791474,312.77469944754637,312.77469944754637,0.0,92,282.77469944754637,True,True
1049,8,6326,5,5.0,51.495701874919995,0.10934866303999999,0.00025,0.9,0.008139345596614033,0.01298954045791474,335.0421355598675,335.0421355598675,0.0,70,267.27697237206723,True,True
1050,15,6324,5,5.0,51.47621813084,0.2020242423,0.00025,0.9,0.008139345596614033,0.01298954045791474,370.7850620693712,370.7850620693712,0.0,26,328.21350674233696,True,True
1051,-5,6309,5,5.0,51.356011775599995,-0.05687831044,0.00025,0.9,0.008139345596614033,0.01298954045791474,351.43709210593227,351.43709210593227,0.0,1,315.4343386917443,True,True
1052,1,6316,5,5.0,51.41187310432,0.020638190039999997,0.00025,0.9,0.008139345596614033,0.01298954045791474,239.41210631466532,239.41210631466532,0.0,10,184.2143897420297,True,True
1053,-19,6334,5,5.0,51.5573500275,-0.24123491216,0.00025,0.9,0.008139345596614033,0.01298954045791474,241.94466432429456,241.94466432429456,0.0,98,200.9591157732481,True,True
1054,9,6321,5,5.0,51.45239906238,0.12124417037999999,0.00025,0.9,0.008139345596614033,0.01298954045791474,349.68774165916057,349.68774165916057,0.0,7,288.9599597436803,True,True
1055,7,6329,5,5.0,51.51918606606,0.09714120711999999,0.00025,0.9,0.008139345596614033,0.01298954045791474,347.7687401603997,347.7687401603997,0.0,2,273.22417885763184,True,True
1056,-27,6340,5,5.0,51.60794074186,-0.34728647741999996,0.00025,0.9,0.008139345596614033,0.01298954045791474,358.43355554454473,358.43355554454473,0.0,36,293.57762153287445,True,True
1057,-23,6311,5,5.0,51.37099541965999,-0.28994144324,0.00025,0.9,0.008139345596614033,0.01298954045791474,334.68310102773535,334.68310102773535,0.0,85,291.2782245686866,True,True
1058,7,6323,5,5.0,51.470855466879996,0.09363862964,0.00025,0.9,0.008139345596614033,0.01298954045791474,350.165205421438,350.165205421438,0.0,70,282.4000422336377,True,True
1059,-12,6336,5,5.0,51.57681288448,-0.14864804774,0.00025,0.9,0.008139345596614033,0.01298954045791474,359.69793036741186,359.69793036741186,0.0,45,304.11121315785965,True,True
1060,-29,6340,5,5.0,51.60844286356,-0.3691954397,0.00025,0.9,0.008139345596614033,0.01298954045791474,393.48378314437264,393.48378314437264,0.0,36,328.62784913270235,True,True
1061,7,6316,5,5.0,51.410557540700005,0.1022754082,0.00025,0.9,0.008139345596614033,0.01298954045791474,329.80002355199963,329.80002355199963,0.0,78,263.2157794143412,True,True
1062,-27,6342,5,5.0,51.62211237123999,-0.34426697458,0.00025,0.9,0.008139345596614033,0.01298954045791474,442.4880155485617,442.4880155485617,0.0,36,377.6320815368914,True,True
1063,-1,6323,5,5.0,51.466046317840004,-0.00880588348,0.00025,0.9,0.008139345596614033,0.01298954045791474,247.3343062053286,247.3343062053286,0.0,32,209.1177760799716,True,True
1064,13,6331,5,5.0,51.535769823479995,0.1752027061,0.00025,0.9,0.008139345596614033,0.01298954045791474,392.6489079982211,392.6489079982211,0.0,16,332.18643309162144,True,True
1065,-6,6313,5,5.0,51.38776933266,-0.0726065561,0.00025,0.9,0.008139345596614033,0.01298954045791474,256.683638774469,256.683638774469,0.0,101,182.7772066367483,True,True
1066,9,6328,5,5.0,51.509396948239996,0.12467650042,0.00025,0.9,0.008139345596614033,0.01298954045791474,430.3301317210417,430.3301317210417,0.0,70,362.5649685332414,True,True
1067,-25,6336,5,5.0,51.575424862039995,-0.3215361279,0.00025,0.9,0.008139345596614033,0.01298954045791474,356.3984053686699,356.3984053686699,0.0,36,291.5424713569996,True,True
1068,-4,6313,5,5.0,51.38806638832,-0.041833926099999995,0.00025,0.9,0.008139345596614033,0.01298954045791474,361.0462983934358,361.0462983934358,0.0,5,322.4179744948881,True,True
1069,17,6341,5,5.0,51.615375361320005,0.22376896494,0.00025,0.9,0.008139345596614033,0.01298954045791474,345.8766072149016,345.8766072149016,0.0,35,256.17314305030834,True,True
1070,-20,6323,5,5.0,51.4697277299,-0.25098471678,0.00025,0.9,0.008139345596614033,0.01298954045791474,365.56702534896306,365.56702534896306,0.0,13,320.6752512378975,True,True
1071,-32,6340,5,5.0,51.607474322979996,-0.41001229488,0.00025,0.9,0.008139345596614033,0.01298954045791474,397.9659905270966,397.9659905270966,0.0,75,338.72363688957324,True,True
1072,-25,6317,5,5.0,51.42054022998,-0.32008265974,0.00025,0.9,0.008139345596614033,0.01298954045791474,335.561347811761,335.561347811761,0.0,89,297.96079472026395,True,True
1073,-18,6311,5,5.0,51.37261476496,-0.22553321527999998,0.00025,0.9,0.008139345596614033,0.01298954045791474,361.7006188278305,361.7006188278305,0.0,86,288.5016585832661,True,True
1074,-13,6336,5,5.0,51.57198707636,-0.16483740696,0.00025,0.9,0.008139345596614033,0.01298954045791474,392.82960719247365,392.82960719247365,0.0,49,330.2022343728328,True,True
1075,-25,6330,5,5.0,51.52423533132001,-0.31510917448,0.00025,0.9,0.008139345596614033,0.01298954045791474,283.8387952491268,283.8387952491268,0.0,20,253.8387952491268,True,True
1076,-3,6314,5,5.0,51.3968003622,-0.03170284538,0.00025,0.9,0.008139345596614033,0.01298954045791474,308.03134592294145,308.03134592294145,0.0,5,269.40302202439375,True,True
1077,16,6341,5,5.0,51.613972949879994,0.21620786752,0.00025,0.9,0.008139345596614033,0.01298954045791474,340.3023540348148,340.3023540348148,0.0,35,250.59888987022157,True,True
1078,9,6319,5,5.0,51.43662655982,0.12387158058,0.00025,0.9,0.008139345596614033,0.01298954045791474,348.45859397158665,348.45859397158665,0.0,78,281.87434983392825,True,True
1079,-27,6335,5,5.0,51.568521845679996,-0.34332691846,0.00025,0.9,0.008139345596614033,0.01298954045791474,329.98135127981084,329.98135127981084,0.0,63,285.02577333722985,True,True
1080,17,6337,5,5.0,51.58338982368,0.22450563302,0.00025,0.9,0.008139345596614033,0.01298954045791474,342.099425950707,342.099425950707,0.0,44,312.099425950707,True,True
1081,-24,6318,5,5.0,51.4288047493,-0.30609596124,0.00025,0.9,0.008139345596614033,0.01298954045791474,361.0525703379905,361.0525703379905,0.0,89,323.4520172464935,True,True
1082,10,6330,5,5.0,51.526323189660005,0.13948075803999999,0.00025,0.9,0.008139345596614033,0.01298954045791474,412.0582133788193,412.0582133788193,0.0,16,351.59573847221964,True,True
1083,14,6341,5,5.0,51.615029434600004,0.18395425735999998,0.00025,0.9,0.008139345596614033,0.01298954045791474,427.29050234227043,427.29050234227043,0.0,35,337.5870381776772,True,True
1084,-14,6320,5,5.0,51.44518741452,-0.17417946812000001,0.00025,0.9,0.008139345596614033,0.01298954045791474,312.1419644175687,312.1419644175687,0.0,87,262.37150043642305,True,True
1085,-23,6329,5,5.0,51.5183110137,-0.29201241034000003,0.00025,0.9,0.008139345596614033,0.01298954045791474,318.4797590142497,318.4797590142497,0.0,20,288.4797590142497,True,True
1086,-12,6316,5,5.0,51.41175942433999,-0.1466736594,0.00025,0.9,0.008139345596614033,0.01298954045791474,321.2764682019089,321.2764682019089,0.0,61,291.2764682019089,True,True
1087,-14,6309,5,5.0,51.35523431418001,-0.17262073041999998,0.00025,0.9,0.008139345596614033,0.01298954045791474,334.2735741832643,334.2735741832643,0.0,90,270.25661196510333,True,True
1088,-32,6337,5,5.0,51.5832077366,-0.40761937149999994,0.00025,0.9,0.008139345596614033,0.01298954045791474,267.6306053673194,267.6306053673194,0.0,75,208.388251729796,True,True
1089,-17,6340,5,5.0,51.607893313240005,-0.2106284739,0.00025,0.9,0.008139345596614033,0.01298954045791474,357.9654601239582,357.9654601239582,0.0,29,300.1032765491032,True,True
1090,-7,6315,5,5.0,51.40430533394,-0.08335295150000001,0.00025,0.9,0.008139345596614033,0.01298954045791474,334.4132834342223,334.4132834342223,0.0,101,260.5068512965016,True,True
1091,-22,6332,5,5.0,51.54228767492,-0.28119916368000003,0.00025,0.9,0.008139345596614033,0.01298954045791474,354.654851065343,354.654851065343,0.0,67,261.95144752191214,True,True
1092,-17,6316,5,5.0,51.410406711220006,-0.2110163778,0.00025,0.9,0.008139345596614033,0.01298954045791474,285.919204947676,285.919204947676,0.0,99,219.83975874916382,True,True
1093,14,6331,5,5.0,51.53419639184,0.18820946115999998,0.00025,0.9,0.008139345596614033,0.01298954045791474,386.0862586565703,386.0862586565703,0.0,94,251.88604828650972,True,True
1094,7,6320,5,5.0,51.4462895352,0.09824436804,0.00025,0.9,0.008139345596614033,0.01298954045791474,367.9110755623011,367.9110755623011,0.0,24,337.9110755623011,True,True
1095,-18,6322,5,5.0,51.4603085579,-0.22254029744,0.00025,0.9,0.008139345596614033,0.01298954045791474,237.4066310437701,237.4066310437701,0.0,92,207.4066310437701,True,True
1096,-39,6324,5,5.0,51.47759107188,-0.50197044672,0.00025,0.9,0.008139345596614033,0.01298954045791474,471.5199397937145,471.5199397937145,0.0,38,352.67705420292225,True,True
1097,-9,6315,5,5.0,51.40269729104,-0.11120602006,0.00025,0.9,0.008139345596614033,0.01298954045791474,209.5153690608361,209.5153690608361,0.0,61,179.5153690608361,True,True
1098,-5,6314,5,5.0,51.39462598824,-0.06154724984,0.00025,0.9,0.008139345596614033,0.01298954045791474,261.38428547405,261.38428547405,0.0,101,187.47785333632928,True,True
1099,-11,6340,5,5.0,51.61018856754,-0.13937660778,0.00025,0.9,0.008139345596614033,0.01298954045791474,298.7521054426278,298.7521054426278,0.0,81,264.756425559579,True,True
1100,3,6319,5,5.0,51.43579060982,0.045206387,0.00025,0.9,0.008139345596614033,0.01298954045791474,294.1004430227621,294.1004430227621,0.0,24,264.1004430227621,True,True
1101,-14,6344,5,5.0,51.637467781119994,-0.17588693711999998,0.00025,0.9,0.008139345596614033,0.01298954045791474,269.38355333032007,269.38355333032007,0.0,3,230.44536775109134,True,True
1102,-4,6308,5,5.0,51.34910948206,-0.04725442098,0.00025,0.9,0.008139345596614033,0.01298954045791474,315.89719002716606,315.89719002716606,0.0,1,279.89443661297804,True,True
1103,-34,6338,5,5.0,51.589106336179995,-0.43331011082000004,0.00025,0.9,0.008139345596614033,0.01298954045791474,285.6957603252407,285.6957603252407,0.0,75,226.45340668771735,True,True
1104,16,6324,5,5.0,51.47746862698,0.21238318184000002,0.00025,0.9,0.008139345596614033,0.01298954045791474,407.2583521430623,407.2583521430623,0.0,26,364.6867968160281,True,True
1105,3,6328,5,5.0,51.51053880604,0.0447683908,0.00025,0.9,0.008139345596614033,0.01298954045791474,300.42832468208366,300.42832468208366,0.0,69,267.951112047435,True,True
1106,4,6322,5,5.0,51.46089044098001,0.05793695396,0.00025,0.9,0.008139345596614033,0.01298954045791474,279.5508215621656,279.5508215621656,0.0,24,249.5508215621656,True,True
1107,7,6332,5,5.0,51.540165653500004,0.09829673714,0.00025,0.9,0.008139345596614033,0.01298954045791474,257.3050317893119,257.3050317893119,0.0,2,182.76047048654397,True,True
1108,-4,6336,5,5.0,51.575367764739994,-0.04269891716,0.00025,0.9,0.008139345596614033,0.01298954045791474,323.7010681819434,323.7010681819434,0.0,54,293.7010681819434,True,True
1109,10,6318,5,5.0,51.42993791524,0.13207350166,0.00025,0.9,0.008139345596614033,0.01298954045791474,356.36430977333805,356.36430977333805,0.0,78,289.78006563567965,True,True
1110,-26,6333,5,5.0,51.5516989787,-0.33410352664,0.00025,0.9,0.008139345596614033,0.01298954045791474,333.5285278136088,333.5285278136088,0.0,63,288.5729498710278,True,True
1111,2,6335,5,5.0,51.563904286779994,0.03342443024,0.00025,0.9,0.008139345596614033,0.01298954045791474,314.76599607703696,314.76599607703696,0.0,55,257.9007591225325,True,True
1112,-26,6327,5,5.0,51.502632635960005,-0.33331160346,0.00025,0.9,0.008139345596614033,0.01298954045791474,280.89925682346484,280.89925682346484,0.0,20,250.89925682346484,True,True
1113,-17,6309,5,5.0,51.3568358881,-0.21445313318,0.00025,0.9,0.008139345596614033,0.01298954045791474,339.20559545029823,339.20559545029823,0.0,86,266.0066352057338,True,True
1114,-29,6318,5,5.0,51.429023894219995,-0.37400206466,0.00025,0.9,0.008139345596614033,0.01298954045791474,328.3948304139514,328.3948304139514,0.0,89,290.7942773224544,True,True
1115,-32,6339,5,5.0,51.59980816374,-0.41003954902000006,0.00025,0.9,0.008139345596614033,0.01298954045791474,354.0741470594943,354.0741470594943,0.0,75,294.83179342197093,True,True
1116,8,6311,5,5.0,51.371735643099996,0.11147169836,0.00025,0.9,0.008139345596614033,0.01298954045791474,282.74472656142245,282.74472656142245,0.0,65,206.65350399921766,True,True
1117,-23,6312,5,5.0,51.3802888227,-0.2927671376,0.00025,0.9,0.008139345596614033,0.01298954045791474,261.63894536947873,261.63894536947873,0.0,85,218.23406891042995,True,True
1118,17,6329,5,5.0,51.51754907862001,0.22400989748,0.00025,0.9,0.008139345596614033,0.01298954045791474,428.66346235855605,428.66346235855605,0.0,94,294.4632519884955,True,True
1119,-8,6347,5,5.0,51.66493369698001,-0.09845735075999999,0.00025,0.9,0.008139345596614033,0.01298954045791474,429.9915946320256,429.9915946320256,0.0,25,366.0663828102736,True,True
1120,-21,6341,5,5.0,51.615446580800004,-0.26844972382,0.00025,0.9,0.008139345596614033,0.01298954045791474,312.9112559896894,312.9112559896894,0.0,56,227.15170896172597,True,True
1121,-9,6317,5,5.0,51.4219702887,-0.10826988105999999,0.00025,0.9,0.008139345596614033,0.01298954045791474,302.90017088007266,302.90017088007266,0.0,96,254.6311856573685,True,True
1122,-6,6343,5,5.0,51.63457024166,-0.06859487736,0.00025,0.9,0.008139345596614033,0.01298954045791474,325.15596983158423,325.15596983158423,0.0,23,227.3736296226202,True,True
1123,-12,6345,5,5.0,51.647134287460005,-0.149021719,0.00025,0.9,0.008139345596614033,0.01298954045791474,350.83437560091704,350.83437560091704,0.0,3,311.8961900216883,True,True
1124,-30,6337,5,5.0,51.58315599148,-0.38367401358,0.00025,0.9,0.008139345596614033,0.01298954045791474,374.79118794448743,374.79118794448743,0.0,75,315.54883430696407,True,True
1125,-16,6335,5,5.0,51.56615790880001,-0.1977288898,0.00025,0.9,0.008139345596614033,0.01298954045791474,360.74781244860867,360.74781244860867,0.0,95,288.7266418873664,True,True
1126,6,6339,5,5.0,51.59856367756,0.08398628238,0.00025,0.9,0.008139345596614033,0.01298954045791474,220.6732792555829,220.6732792555829,0.0,33,107.28348585747324,True,True
1127,-23,6314,5,5.0,51.39555476512,-0.29461407102,0.00025,0.9,0.008139345596614033,0.01298954045791474,241.97178994553087,241.97178994553087,0.0,85,198.56691348648212,True,True
1128,-11,6336,5,5.0,51.5745823454,-0.14174022274,0.00025,0.9,0.008139345596614033,0.01298954045791474,347.3251983730704,347.3251983730704,0.0,45,291.7384811635182,True,True
1129,8,6321,5,5.0,51.45081789083999,0.1082235386,0.00025,0.9,0.008139345596614033,0.01298954045791474,399.091365571256,399.091365571256,0.0,7,338.36358365577576,True,True
1130,-13,6344,5,5.0,51.63958086094,-0.16265483796,0.00025,0.9,0.008139345596614033,0.01298954045791474,312.72536895754575,312.72536895754575,0.0,3,273.787183378317,True,True
1131,3,6340,5,5.0,51.60809878496,0.04477883476,0.00025,0.9,0.008139345596614033,0.01298954045791474,329.0741973125776,329.0741973125776,0.0,100,248.73299236789344,True,True
1132,-26,6318,5,5.0,51.42619009064,-0.33054857138,0.00025,0.9,0.008139345596614033,0.01298954045791474,267.59681145156947,267.59681145156947,0.0,89,229.99625836007243,True,True
1133,-3,6340,5,5.0,51.60695289932001,-0.03066181168,0.00025,0.9,0.008139345596614033,0.01298954045791474,352.92622635204947,352.92622635204947,0.0,91,299.18823959845946,True,True
1134,-23,6324,5,5.0,51.478948385900004,-0.28819705974,0.00025,0.9,0.008139345596614033,0.01298954045791474,317.0190759051164,317.0190759051164,0.0,13,272.1273017940508,True,True
1135,-2,6334,5,5.0,51.56069369534,-0.01731133462,0.00025,0.9,0.008139345596614033,0.01298954045791474,234.30699553192767,234.30699553192767,0.0,54,204.30699553192767,True,True
1136,-25,6322,5,5.0,51.46203839236,-0.31827218152,0.00025,0.9,0.008139345596614033,0.01298954045791474,363.4422520327779,363.4422520327779,0.0,73,293.45171251698093,True,True
1137,-13,6340,5,5.0,51.60876608408,-0.16763692428,0.00025,0.9,0.008139345596614033,0.01298954045791474,281.68734975909365,281.68734975909365,0.0,29,223.8251661842386,True,True
1138,9,6318,5,5.0,51.42762105852,0.12354810415999999,0.00025,0.9,0.008139345596614033,0.01298954045791474,322.1996152673661,322.1996152673661,0.0,78,255.61537112970768,True,True
1139,12,6336,5,5.0,51.57452798906,0.1649279255,0.00025,0.9,0.008139345596614033,0.01298954045791474,332.85115338311135,332.85115338311135,0.0,74,258.5080362705629,True,True
1140,-6,6342,5,5.0,51.62549084014,-0.06896709245999999,0.00025,0.9,0.008139345596614033,0.01298954045791474,263.9623869007097,263.9623869007097,0.0,23,166.18004669174567,True,True
1141,-11,6342,5,5.0,51.62161766708,-0.13652856988,0.00025,0.9,0.008139345596614033,0.01298954045791474,218.85041799052857,218.85041799052857,0.0,81,184.85473810747976,True,True
1142,8,6324,5,5.0,51.47885185688,0.11308204414,0.00025,0.9,0.008139345596614033,0.01298954045791474,352.3407363075324,352.3407363075324,0.0,70,284.5755731197321,True,True
1143,-28,6327,5,5.0,51.50261568124,-0.3592352242,0.00025,0.9,0.008139345596614033,0.01298954045791474,349.6440795348192,349.6440795348192,0.0,80,286.0947743846587,True,True
1144,-30,6330,4,4.0,51.524627219975,-0.3828478441,0.0002,0.9,0.008139345596614033,0.01298954045791474,272.2455224232599,272.2455224232599,0.0,80,208.69621727309942,True,True
1145,-8,6346,4,4.0,51.65614458695,-0.0991817093,0.0002,0.9,0.008139345596614033,0.01298954045791474,432.9068874991222,432.9068874991222,0.0,25,368.98167567737016,True,True
1146,-29,6326,4,4.0,51.49579654195,-0.371468187525,0.0002,0.9,0.008139345596614033,0.01298954045791474,368.6733217316057,368.6733217316057,0.0,80,305.12401658144523,True,True
1147,-10,6342,4,4.0,51.626086737899996,-0.122801690725,0.0002,0.9,0.008139345596614033,0.01298954045791474,208.0998927297298,208.0998927297298,0.0,81,174.10421284668098,True,True
1148,-18,6320,4,4.0,51.44655756125,-0.22299958317500002,0.0002,0.9,0.008139345596614033,0.01298954045791474,248.71668771606863,248.71668771606863,0.0,92,218.71668771606863,True,True
1149,4,6340,4,4.0,51.6069353359,0.057410229800000004,0.0002,0.9,0.008139345596614033,0.01298954045791474,373.6726346271007,373.6726346271007,0.0,100,293.3314296824165,True,True
1150,15,6321,4,4.0,51.4559819242,0.20058463265,0.0002,0.9,0.008139345596614033,0.01298954045791474,424.7858541077384,424.7858541077384,0.0,7,364.0580721922581,True,True
1151,0,6320,4,4.0,51.444080019775,0.00973543,0.0002,0.9,0.008139345596614033,0.01298954045791474,266.64081385465647,266.64081385465647,0.0,52,229.4179172253837,True,True
1152,-1,6326,4,4.0,51.49546555185,-0.00900628545,0.0002,0.9,0.008139345596614033,0.01298954045791474,263.1660390526203,263.1660390526203,0.0,57,189.6647793257162,True,True
1153,-34,6319,4,4.0,51.4383634457,-0.437257988975,0.0002,0.9,0.008139345596614033,0.01298954045791474,390.75119067887704,390.75119067887704,0.0,28,310.0332737562892,True,True
1154,-24,6309,4,4.0,51.3554393147,-0.30971682445,0.0002,0.9,0.008139345596614033,0.01298954045791474,425.47355154981096,425.47355154981096,0.0,85,382.0686750907622,True,True
1155,-26,6334,4,4.0,51.5576771813,-0.33249702885,0.0002,0.9,0.008139345596614033,0.01298954045791474,337.85532774637693,337.85532774637693,0.0,63,292.89974980379594,True,True
1156,-7,6343,4,4.0,51.633793343275,-0.08416416260000001,0.0002,0.9,0.008139345596614033,0.01298954045791474,371.56238677209456,371.56238677209456,0.0,23,273.78004656313055,True,True
1157,0,6307,4,4.0,51.337615627175,0.005979105275,0.0002,0.9,0.008139345596614033,0.01298954045791474,345.562547803915,345.562547803915,0.0,1,309.559794389727,True,True
1158,-3,6321,4,4.0,51.4545252693,-0.03550565685,0.0002,0.9,0.008139345596614033,0.01298954045791474,280.8381817001099,280.8381817001099,0.0,53,250.83818170010989,True,True
1159,-24,6337,4,4.0,51.58541420485,-0.30499964614999997,0.0002,0.9,0.008139345596614033,0.01298954045791474,319.77584974530913,319.77584974530913,0.0,82,264.22119140692416,True,True
1160,-38,6326,4,4.0,51.495928900799996,-0.4855282607,0.0002,0.9,0.008139345596614033,0.01298954045791474,458.063566563569,458.063566563569,0.0,41,406.62394476988095,True,True
1161,2,6305,4,4.0,51.319961190675,0.030020021049999998,0.0002,0.9,0.008139345596614033,0.01298954045791474,293.8730660678884,293.8730660678884,0.0,8,188.7761195127007,True,True
1162,-29,6334,4,4.0,51.5622067095,-0.36911134275,0.0002,0.9,0.008139345596614033,0.01298954045791474,246.91021925274237,246.91021925274237,0.0,63,201.95464131016138,True,True
1163,-32,6330,4,4.0,51.524178852825,-0.409329855825,0.0002,0.9,0.008139345596614033,0.01298954045791474,367.0665162746618,367.0665162746618,0.0,80,303.51721112450133,True,True
1164,-19,6319,4,4.0,51.43869129645,-0.245464249775,0.0002,0.9,0.008139345596614033,0.01298954045791474,359.2218420020923,359.2218420020923,0.0,92,329.2218420020923,True,True
1165,-33,6331,4,4.0,51.5325808936,-0.42120452295,0.0002,0.9,0.008139345596614033,0.01298954045791474,401.01027419049757,401.01027419049757,0.0,41,349.5706523968095,True,True
1166,5,6318,4,4.0,51.43188419485,0.07314183469999999,0.0002,0.9,0.008139345596614033,0.01298954045791474,328.6623444788314,328.6623444788314,0.0,24,298.6623444788314,True,True
1167,4,6311,4,4.0,51.3679693807,0.0587747959,0.0002,0.9,0.008139345596614033,0.01298954045791474,435.4565484309696,435.4565484309696,0.0,65,359.3653258687648,True,True
1168,-18,6315,4,4.0,51.406177714875,-0.2245777849,0.0002,0.9,0.008139345596614033,0.01298954045791474,338.56933734601324,338.56933734601324,0.0,60,288.7435651139369,True,True
1169,3,6313,4,4.0,51.3861314584,0.04084803585,0.0002,0.9,0.008139345596614033,0.01298954045791474,383.0317618479309,383.0317618479309,0.0,10,327.8340452752953,True,True
1170,-17,6312,4,4.0,51.37873803485,-0.2157863124,0.0002,0.9,0.008139345596614033,0.01298954045791474,349.32489652730567,349.32489652730567,0.0,86,276.12593628274124,True,True
1171,8,6317,4,4.0,51.42020439365,0.1135251233,0.0002,0.9,0.008139345596614033,0.01298954045791474,272.81763267171283,272.81763267171283,0.0,78,206.23338853405443,True,True
1172,-32,6331,4,4.0,51.5316155301,-0.407984152,0.0002,0.9,0.008139345596614033,0.01298954045791474,384.4696017939433,384.4696017939433,0.0,80,320.9202966437828,True,True
1173,16,6333,4,4.0,51.551065096825,0.21468402,0.0002,0.9,0.008139345596614033,0.01298954045791474,253.1094069284642,253.1094069284642,0.0,44,223.1094069284642,True,True
1174,11,6335,4,4.0,51.56658658735,0.146692488875,0.0002,0.9,0.008139345596614033,0.01298954045791474,290.117325634031,290.117325634031,0.0,16,229.6548507274313,True,True
1175,-25,6318,4,4.0,51.428933558775,-0.321540188375,0.0002,0.9,0.008139345596614033,0.01298954045791474,305.21504484261186,305.21504484261186,0.0,89,267.6144917511148,True,True
1176,5,6323,4,4.0,51.47047417615,0.0703826381,0.0002,0.9,0.008139345596614033,0.01298954045791474,347.8814459003304,347.8814459003304,0.0,24,317.8814459003304,True,True
1177,-23,6342,4,4.0,51.621979349475,-0.2888240481,0.0002,0.9,0.008139345596614033,0.01298954045791474,373.5187492281526,373.5187492281526,0.0,82,317.96409088976765,True,True
1178,-12,6319,4,4.0,51.437833104775,-0.15128179935,0.0002,0.9,0.008139345596614033,0.01298954045791474,234.19786249041698,234.19786249041698,0.0,87,184.4273985092713,True,True
1179,-22,6322,4,4.0,51.4644009073,-0.27676052545,0.0002,0.9,0.008139345596614033,0.01298954045791474,264.092131226785,264.092131226785,0.0,73,194.10159171098798,True,True
1180,-19,6340,4,4.0,51.6075440602,-0.244671521475,0.0002,0.9,0.008139345596614033,0.01298954045791474,273.8451047784971,273.8451047784971,0.0,56,188.08555775053372,True,True
1181,5,6310,4,4.0,51.3627970126,0.071298320975,0.0002,0.9,0.008139345596614033,0.01298954045791474,409.26665626297194,409.26665626297194,0.0,65,333.17543370076714,True,True
1182,10,6308,4,4.0,51.34774110325,0.134975502225,0.0002,0.9,0.008139345596614033,0.01298954045791474,470.3324312552042,470.3324312552042,0.0,65,394.2412086929994,True,True
1183,-31,6318,4,4.0,51.430727567625,-0.396727343375,0.0002,0.9,0.008139345596614033,0.01298954045791474,382.7568471455876,382.7568471455876,0.0,28,302.03893022299974,True,True
1184,-22,6342,4,4.0,51.62268708515,-0.27837743275,0.0002,0.9,0.008139345596614033,0.01298954045791474,385.39327452598724,385.39327452598724,0.0,56,299.63372749802386,True,True
1185,-12,6317,4,4.0,51.419223792775,-0.149390992975,0.0002,0.9,0.008139345596614033,0.01298954045791474,325.9841278296409,325.9841278296409,0.0,87,276.21366384849523,True,True
1186,-19,6341,4,4.0,51.616408924225,-0.24097824545000002,0.0002,0.9,0.008139345596614033,0.01298954045791474,311.7007006452284,311.7007006452284,0.0,56,225.94115361726497,True,True
1187,-1,6344,4,4.0,51.639048878075,-0.010330440125,0.0002,0.9,0.008139345596614033,0.01298954045791474,378.8850254465441,378.8850254465441,0.0,12,289.5280143446142,True,True
1188,-27,6315,4,4.0,51.404761960900004,-0.34268295135,0.0002,0.9,0.008139345596614033,0.01298954045791474,388.62411728555435,388.62411728555435,0.0,89,351.0235641940573,True,True
1189,-28,6337,4,4.0,51.585259771075,-0.358868810775,0.0002,0.9,0.008139345596614033,0.01298954045791474,283.81976320384945,283.81976320384945,0.0,36,218.9638291921792,True,True
1190,5,6335,4,4.0,51.56624809255,0.06864814375,0.0002,0.9,0.008139345596614033,0.01298954045791474,225.6742918706266,225.6742918706266,0.0,46,195.6742918706266,True,True
1191,-28,6331,4,4.0,51.53313836245,-0.356631980975,0.0002,0.9,0.008139345596614033,0.01298954045791474,358.29266668596443,358.29266668596443,0.0,63,313.33708874338345,True,True
1192,21,6332,4,4.0,51.542024733175005,0.27855725872500003,0.0002,0.9,0.008139345596614033,0.01298954045791474,469.92508559554756,469.92508559554756,0.0,44,439.92508559554756,True,True
1193,-13,6342,4,4.0,51.6241539363,-0.159462597275,0.0002,0.9,0.008139345596614033,0.01298954045791474,328.59947003541095,328.59947003541095,0.0,81,294.60379015236214,True,True
1194,4,6320,4,4.0,51.44542598415,0.05892522815,0.0002,0.9,0.008139345596614033,0.01298954045791474,201.08352280906036,201.08352280906036,0.0,24,171.08352280906036,True,True
1195,-20,6321,4,4.0,51.453506801525,-0.25332762675,0.0002,0.9,0.008139345596614033,0.01298954045791474,356.33280034880124,356.33280034880124,0.0,92,326.33280034880124,True,True
1196,2,6320,4,4.0,51.443475524125,0.030748562575,0.0002,0.9,0.008139345596614033,0.01298954045791474,304.2688086798572,304.2688086798572,0.0,24,274.2688086798572,True,True
1197,-20,6322,4,4.0,51.4630121028,-0.2512442571,0.0002,0.9,0.008139345596614033,0.01298954045791474,357.65925670172203,357.65925670172203,0.0,92,327.65925670172203,True,True
1198,-11,6345,4,4.0,51.647885021175,-0.135498282525,0.0002,0.9,0.008139345596614033,0.01298954045791474,362.7257647293601,362.7257647293601,0.0,81,328.7300848463113,True,True
1199,-27,6333,4,4.0,51.552323299175,-0.34703017335,0.0002,0.9,0.008139345596614033,0.01298954045791474,269.2515471213282,269.2515471213282,0.0,63,224.2959691787472,True,True
1200,-26,6340,4,4.0,51.60464769985,-0.32676813434999996,0.0002,0.9,0.008139345596614033,0.01298954045791474,352.12807696585963,352.12807696585963,0.0,82,296.57341862747467,True,True
1201,-27,6330,4,4.0,51.526657169025,-0.34731836355,0.0002,0.9,0.008139345596614033,0.01298954045791474,342.14851526847906,342.14851526847906,0.0,20,312.14851526847906,True,True
1202,-5,6312,4,4.0,51.381900118875,-0.058742204675,0.0002,0.9,0.008139345596614033,0.01298954045791474,330.15541509613035,330.15541509613035,0.0,101,256.24898295840967,True,True
1203,1,6322,4,4.0,51.460359285125,0.022548836000000003,0.0002,0.9,0.008139345596614033,0.01298954045791474,238.08100084904794,238.08100084904794,0.0,52,200.85810421977516,True,True
1204,8,6329,4,4.0,51.5177220847,0.105964778925,0.0002,0.9,0.008139345596614033,0.01298954045791474,363.62498894162366,363.62498894162366,0.0,2,289.0804276388558,True,True
1205,9,6323,4,4.0,51.467736364225004,0.124335719875,0.0002,0.9,0.008139345596614033,0.01298954045791474,355.3470038847255,355.3470038847255,0.0,7,294.61922196924525,True,True
1206,-28,6333,4,4.0,51.551932555674995,-0.35646563065000003,0.0002,0.9,0.008139345596614033,0.01298954045791474,230.5751627926519,230.5751627926519,0.0,63,185.6195848500709,True,True
1207,-35,6320,4,4.0,51.445367600775,-0.446318594425,0.0002,0.9,0.008139345596614033,0.01298954045791474,406.09670474274446,406.09670474274446,0.0,28,325.3787878201566,True,True
1208,-22,6317,4,4.0,51.419143640925,-0.277737644425,0.0002,0.9,0.008139345596614033,0.01298954045791474,369.0393640464505,369.0393640464505,0.0,60,319.2135918143741,True,True
1209,-30,6335,4,4.0,51.56697627685,-0.3858078659,0.0002,0.9,0.008139345596614033,0.01298954045791474,329.8830266132776,329.8830266132776,0.0,63,284.9274486706966,True,True
1210,1,6343,4,4.0,51.6324981264,0.016943221050000002,0.0002,0.9,0.008139345596614033,0.01298954045791474,383.74518811825493,383.74518811825493,0.0,12,294.388177016325,True,True
1211,-33,6326,4,4.0,51.493529766125,-0.4193360486,0.0002,0.9,0.008139345596614033,0.01298954045791474,321.214435184233,321.214435184233,0.0,37,227.22810979760183,True,True
1212,-11,6305,4,4.0,51.3220780874,-0.134411205225,0.0002,0.9,0.008139345596614033,0.01298954045791474,305.8868011589186,305.8868011589186,0.0,72,258.3090714319215,True,True
1213,4,6313,4,4.0,51.388128042475,0.057444985525,0.0002,0.9,0.008139345596614033,0.01298954045791474,418.02482190485654,418.02482190485654,0.0,10,362.8271053322209,True,True
1214,9,6340,4,4.0,51.607367649400004,0.1204074131,0.0002,0.9,0.008139345596614033,0.01298954045791474,436.36583864622446,436.36583864622446,0.0,33,322.9760452481148,True,True
1215,10,6339,4,4.0,51.6026415491,0.138753761625,0.0002,0.9,0.008139345596614033,0.01298954045791474,432.30739572174406,432.30739572174406,0.0,74,357.9642786091956,True,True
1216,-17,6335,4,4.0,51.5680098679,-0.214536731775,0.0002,0.9,0.008139345596614033,0.01298954045791474,349.103514689788,349.103514689788,0.0,39,267.6099476536427,True,True
1217,-35,6326,4,4.0,51.496170904425,-0.4499062472,0.0002,0.9,0.008139345596614033,0.01298954045791474,364.8876967361373,364.8876967361373,0.0,37,270.9013713495061,True,True
1218,-8,6308,4,4.0,51.3472259447,-0.1001242998,0.0002,0.9,0.008139345596614033,0.01298954045791474,342.0901047416079,342.0901047416079,0.0,72,294.51237501461077,True,True
1219,3,6320,4,4.0,51.4445159321,0.0470570404,0.0002,0.9,0.008139345596614033,0.01298954045791474,225.44350202700457,225.44350202700457,0.0,24,195.44350202700457,True,True
1220,-3,6316,4,4.0,51.4094189113,-0.033986274375,0.0002,0.9,0.008139345596614033,0.01298954045791474,194.12561899552043,194.12561899552043,0.0,5,155.49729509697275,True,True
1221,16,6332,4,4.0,51.54273771,0.21440277465000002,0.0002,0.9,0.008139345596614033,0.01298954045791474,319.79669969682976,319.79669969682976,0.0,44,289.79669969682976,True,True
1222,-14,6340,4,4.0,51.6084971385,-0.1737567336,0.0002,0.9,0.008139345596614033,0.01298954045791474,264.82049109337964,264.82049109337964,0.0,29,206.95830751852463,True,True
1223,-17,6313,4,4.0,51.389133331175,-0.217138002125,0.0002,0.9,0.008139345596614033,0.01298954045791474,379.18016219988226,379.18016219988226,0.0,60,329.3543899678059,True,True
1224,9,6322,4,4.0,51.4607773091,0.12295318645,0.0002,0.9,0.008139345596614033,0.01298954045791474,343.12438966267587,343.12438966267587,0.0,7,282.3966077471956,True,True
1225,-18,6330,4,4.0,51.525157534075,-0.226954402175,0.0002,0.9,0.008139345596614033,0.01298954045791474,261.939004136672,261.939004136672,0.0,62,228.99130941052883,True,True
1226,-1,6342,4,4.0,51.6268299703,-0.008590360525,0.0002,0.9,0.008139345596614033,0.01298954045791474,282.8755481910097,282.8755481910097,0.0,12,193.5185370890798,True,True
1227,17,6334,4,4.0,51.560292246425,0.2262303524,0.0002,0.9,0.008139345596614033,0.01298954045791474,226.94350740961775,226.94350740961775,0.0,44,196.94350740961775,True,True
1228,-10,6338,4,4.0,51.589349972875,-0.1224950893,0.0002,0.9,0.008139345596614033,0.01298954045791474,206.7522604721803,206.7522604721803,0.0,45,151.1655432626281,True,True
1229,16,6334,4,4.0,51.560262813600005,0.2192021758,0.0002,0.9,0.008139345596614033,0.01298954045791474,185.25972910110625,185.25972910110625,0.0,44,155.25972910110625,True,True
1230,-1,6320,4,4.0,51.4463458562,-0.00528353355,0.0002,0.9,0.008139345596614033,0.01298954045791474,245.21801824126692,245.21801824126692,0.0,53,215.21801824126692,True,True
1231,-29,6322,4,4.0,51.460946852475,-0.37188820580000004,0.0002,0.9,0.008139345596614033,0.01298954045791474,321.5233615952228,321.5233615952228,0.0,40,268.1284466455083,True,True
1232,-11,6314,4,4.0,51.39919256065,-0.1340363977,0.0002,0.9,0.008139345596614033,0.01298954045791474,251.7894476791485,251.7894476791485,0.0,61,221.7894476791485,True,True
1233,18,6334,4,4.0,51.5579851148,0.24095015535,0.0002,0.9,0.008139345596614033,0.01298954045791474,305.0364226075186,305.0364226075186,0.0,44,275.0364226075186,True,True
1234,-9,6306,4,4.0,51.329351661025,-0.1102388152,0.0002,0.9,0.008139345596614033,0.01298954045791474,232.04748714272353,232.04748714272353,0.0,72,184.4697574157264,True,True
1235,-17,6314,4,4.0,51.3972943683,-0.21365261375,0.0002,0.9,0.008139345596614033,0.01298954045791474,376.42558363244757,376.42558363244757,0.0,60,326.5998114003712,True,True
1236,-8,6320,4,4.0,51.443393709424996,-0.097067932525,0.0002,0.9,0.008139345596614033,0.01298954045791474,269.0357615226109,269.0357615226109,0.0,96,220.76677629990672,True,True
1237,-35,6327,4,4.0,51.4996841961,-0.4506326316,0.0002,0.9,0.008139345596614033,0.01298954045791474,359.83009934395227,359.83009934395227,0.0,37,265.8437739573211,True,True
1238,-31,6324,4,4.0,51.475181102675,-0.39548239695,0.0002,0.9,0.008139345596614033,0.01298954045791474,388.4983646436962,388.4983646436962,0.0,40,335.1034496939817,True,True
1239,-24,6341,4,4.0,51.616118604925,-0.307773071925,0.0002,0.9,0.008139345596614033,0.01298954045791474,344.8119845870406,344.8119845870406,0.0,82,289.25732624865566,True,True
1240,-31,6319,4,4.0,51.435762187525,-0.39396459245,0.0002,0.9,0.008139345596614033,0.01298954045791474,359.37168723076013,359.37168723076013,0.0,28,278.6537703081723,True,True
1241,13,6339,4,4.0,51.596867657025,0.173392209025,0.0002,0.9,0.008139345596614033,0.01298954045791474,323.82741306223176,323.82741306223176,0.0,74,249.48429594968331,True,True
1242,-28,6336,4,4.0,51.57370420035,-0.35373239115,0.0002,0.9,0.008139345596614033,0.01298954045791474,336.6977555655874,336.6977555655874,0.0,63,291.7421776230064,True,True
1243,-4,6315,4,4.0,51.405508272075,-0.04645275695,0.0002,0.9,0.008139345596614033,0.01298954045791474,254.39620593444386,254.39620593444386,0.0,5,215.76788203589618,True,True
1244,10,6313,4,4.0,51.38562758605,0.13679634595,0.0002,0.9,0.008139345596614033,0.01298954045791474,380.8310912282361,380.8310912282361,0.0,65,304.7398686660313,True,True
1245,-25,6335,4,4.0,51.5658099498,-0.320615685975,0.0002,0.9,0.008139345596614033,0.01298954045791474,392.777431386831,392.777431386831,0.0,63,347.82185344425,True,True
1246,-36,6330,4,4.0,51.525808830825,-0.46083951055,0.0002,0.9,0.008139345596614033,0.01298954045791474,256.7897073590753,256.7897073590753,0.0,41,205.35008556538725,True,True
1247,2,6341,4,4.0,51.614567491075,0.031144611200000002,0.0002,0.9,0.008139345596614033,0.01298954045791474,302.90372336487553,302.90372336487553,0.0,100,222.56251842019134,True,True
1248,-27,6321,4,4.0,51.452389501775,-0.344238913175,0.0002,0.9,0.008139345596614033,0.01298954045791474,325.82739604466,325.82739604466,0.0,89,288.226842953163,True,True
1249,2,6337,4,4.0,51.58453541905,0.029344552674999996,0.0002,0.9,0.008139345596614033,0.01298954045791474,372.20323468725127,372.20323468725127,0.0,55,315.3379977327468,True,True
1250,-18,6318,4,4.0,51.4260329629,-0.22636242765,0.0002,0.9,0.008139345596614033,0.01298954045791474,340.9079021159811,340.9079021159811,0.0,99,274.8284559174689,True,True
1251,15,6330,4,4.0,51.526614402275,0.197668403075,0.0002,0.9,0.008139345596614033,0.01298954045791474,316.2899499016927,316.2899499016927,0.0,94,182.08973953163212,True,True
1252,8,6320,4,4.0,51.445609580125,0.111481378,0.0002,0.9,0.008139345596614033,0.01298954045791474,371.34919119134935,371.34919119134935,0.0,78,304.76494705369095,True,True
1253,-10,6314,4,4.0,51.394066355225,-0.12443768725000001,0.0002,0.9,0.008139345596614033,0.01298954045791474,250.0853923382475,250.0853923382475,0.0,61,220.0853923382475,True,True
1254,4,6319,4,4.0,51.4358395716,0.060115006875,0.0002,0.9,0.008139345596614033,0.01298954045791474,287.25154786415175,287.25154786415175,0.0,24,257.25154786415175,True,True
1255,-18,6323,4,4.0,51.467994795475,-0.225220192275,0.0002,0.9,0.008139345596614033,0.01298954045791474,300.013406040894,300.013406040894,0.0,92,270.013406040894,True,True
1256,8,6312,4,4.0,51.37914867955,0.108268301475,0.0002,0.9,0.008139345596614033,0.01298954045791474,226.45480755436745,226.45480755436745,0.0,65,150.36358499216266,True,True
1257,-15,6335,4,4.0,51.5681869893,-0.190117174525,0.0002,0.9,0.008139345596614033,0.01298954045791474,371.23589671475946,371.23589671475946,0.0,95,299.2147261535172,True,True
1258,14,6334,4,4.0,51.559354049625,0.184482612825,0.0002,0.9,0.008139345596614033,0.01298954045791474,322.33408113242893,322.33408113242893,0.0,44,292.33408113242893,True,True
1259,-35,6332,4,4.0,51.540876937175,-0.4492358268,0.0002,0.9,0.008139345596614033,0.01298954045791474,312.6828460767659,312.6828460767659,0.0,41,261.24322428307784,True,True
1260,-12,6335,4,4.0,51.567787532675,-0.145952930325,0.0002,0.9,0.008139345596614033,0.01298954045791474,342.0967669696089,342.0967669696089,0.0,42,293.61313092009107,True,True
1261,-23,6327,4,4.0,51.5003559911,-0.290015384675,0.0002,0.9,0.008139345596614033,0.01298954045791474,315.8281753451495,315.8281753451495,0.0,13,270.9364012340839,True,True
1262,-32,6335,4,4.0,51.5671873673,-0.4065105691,0.0002,0.9,0.008139345596614033,0.01298954045791474,336.1017613404246,336.1017613404246,0.0,75,276.85940770290125,True,True
1263,-6,6312,4,4.0,51.380699816375,-0.070002870875,0.0002,0.9,0.008139345596614033,0.01298954045791474,324.12507394629733,324.12507394629733,0.0,101,250.21864180857665,True,True
1264,-6,6345,4,4.0,51.64856936185,-0.07339225167499999,0.0002,0.9,0.008139345596614033,0.01298954045791474,359.93990086958854,359.93990086958854,0.0,25,296.0146890478365,True,True
1265,15,6337,4,4.0,51.584305163925,0.200884566875,0.0002,0.9,0.008139345596614033,0.01298954045791474,334.8056042600346,334.8056042600346,0.0,74,260.4624871474862,True,True
1266,-12,6308,4,4.0,51.3461238824,-0.150846481725,0.0002,0.9,0.008139345596614033,0.01298954045791474,340.0895865101531,340.0895865101531,0.0,90,276.0726242919921,True,True
1267,17,6338,4,4.0,51.593074225175,0.22731505935,0.0002,0.9,0.008139345596614033,0.01298954045791474,307.58592403099436,307.58592403099436,0.0,35,217.88245986640112,True,True
1268,7,6339,4,4.0,51.597756502624996,0.09593272405,0.0002,0.9,0.008139345596614033,0.01298954045791474,314.3363633091585,314.3363633091585,0.0,33,200.94656991104887,True,True
1269,-19,6324,4,4.0,51.477142176875,-0.241449670275,0.0002,0.9,0.008139345596614033,0.01298954045791474,356.3186782324721,356.3186782324721,0.0,13,311.42690412140655,True,True
1270,-13,6334,4,4.0,51.558390567475,-0.165090841175,0.0002,0.9,0.008139345596614033,0.01298954045791474,335.22216993089194,335.22216993089194,0.0,49,272.5947971112511,True,True
1271,-11,6308,4,4.0,51.346330100875,-0.13404444375,0.0002,0.9,0.008139345596614033,0.01298954045791474,331.83360058355714,331.83360058355714,0.0,72,284.25587085656,True,True
1272,-34,6334,4,4.0,51.562039913125,-0.4366846096,0.0002,0.9,0.008139345596614033,0.01298954045791474,365.81727587332864,365.81727587332864,0.0,75,306.5749222358053,True,True
1273,-35,6341,4,4.0,51.615618114575,-0.446878878875,0.0002,0.9,0.008139345596614033,0.01298954045791474,463.3308046133844,463.3308046133844,0.0,75,404.088450975861,True,True
1274,-5,6320,4,4.0,51.444344224175,-0.058413065,0.0002,0.9,0.008139345596614033,0.01298954045791474,290.29110236253007,290.29110236253007,0.0,30,208.93915987644286,True,True
1275,9,6324,4,4.0,51.479982323175,0.12020468275,0.0002,0.9,0.008139345596614033,0.01298954045791474,373.0282963160984,373.0282963160984,0.0,70,305.26313312829814,True,True
1276,17,6330,4,4.0,51.524737777275,0.22592052325,0.0002,0.9,0.008139345596614033,0.01298954045791474,430.92524741959494,430.92524741959494,0.0,44,400.92524741959494,True,True
1277,6,6330,4,4.0,51.528368023375,0.08627452869999999,0.0002,0.9,0.008139345596614033,0.01298954045791474,285.9629090523523,285.9629090523523,0.0,2,211.4183477495844,True,True
1278,11,6319,4,4.0,51.433628141475,0.1481569231,0.0002,0.9,0.008139345596614033,0.01298954045791474,376.2165040343683,376.2165040343683,0.0,7,315.48872211888806,True,True
1279,-7,6347,4,4.0,51.663085435275,-0.080487918425,0.0002,0.9,0.008139345596614033,0.01298954045791474,362.4786347273375,362.4786347273375,0.0,25,298.5534229055855,True,True
1280,-25,6323,4,4.0,51.469845324975,-0.32029756195000003,0.0002,0.9,0.008139345596614033,0.01298954045791474,354.8146356541471,354.8146356541471,0.0,40,301.41972070443256,True,True
1281,-3,6343,3,3.0,51.63311542756667,-0.0371908513,0.00015,0.9,0.008139345596614033,0.01298954045791474,387.7674002657537,387.7674002657537,0.0,23,289.9850600567897,True,True
1282,-29,6337,3,3.0,51.5833167197,-0.3667616186666667,0.00015,0.9,0.008139345596614033,0.01298954045791474,332.70491354134566,332.70491354134566,0.0,36,267.8489795296754,True,True
1283,-1,6313,3,3.0,51.387859039400006,-0.0056770245999999995,0.00015,0.9,0.008139345596614033,0.01298954045791474,374.8209696763587,374.8209696763587,0.0,10,319.6232531037231,True,True
1284,13,6329,3,3.0,51.5189729432,0.17534556730000003,0.00015,0.9,0.008139345596614033,0.01298954045791474,364.60431474188977,364.60431474188977,0.0,94,230.4041043718292,True,True
1285,-18,6339,3,3.0,51.59737090003333,-0.2294139958,0.00015,0.9,0.008139345596614033,0.01298954045791474,352.34418729420855,352.34418729420855,0.0,39,270.8506202580632,True,True
1286,1,6311,3,3.0,51.3708673384,0.017150406733333335,0.00015,0.9,0.008139345596614033,0.01298954045791474,390.95896921787096,390.95896921787096,0.0,1,354.95621580368294,True,True
1287,2,6313,3,3.0,51.38697280243334,0.035585810833333335,0.00015,0.9,0.008139345596614033,0.01298954045791474,368.25945138691134,368.25945138691134,0.0,10,313.0617348142757,True,True
1288,-24,6334,3,3.0,51.56025261956666,-0.3037205772666667,0.00015,0.9,0.008139345596614033,0.01298954045791474,323.01202758886063,323.01202758886063,0.0,93,206.11628495428573,True,True
1289,-30,6322,3,3.0,51.4599600691,-0.3873404104,0.00015,0.9,0.008139345596614033,0.01298954045791474,351.5816996413129,351.5816996413129,0.0,28,270.8637827187251,True,True
1290,-10,6306,3,3.0,51.3317862264,-0.12356403066666666,0.00015,0.9,0.008139345596614033,0.01298954045791474,208.37816771348776,208.37816771348776,0.0,72,160.80043798649064,True,True
1291,15,6338,3,3.0,51.58717752503333,0.20132102633333335,0.00015,0.9,0.008139345596614033,0.01298954045791474,337.0762849326431,337.0762849326431,0.0,74,262.73316782009465,True,True
1292,19,6338,3,3.0,51.59132993006667,0.25204924553333335,0.00015,0.9,0.008139345596614033,0.01298954045791474,396.36383344953526,396.36383344953526,0.0,35,306.660369284942,True,True
1293,-29,6317,3,3.0,51.41878770653333,-0.3737763427,0.00015,0.9,0.008139345596614033,0.01298954045791474,356.12987266230795,356.12987266230795,0.0,89,318.5293195708109,True,True
1294,6,6327,3,3.0,51.4989603116,0.0856991585,0.00015,0.9,0.008139345596614033,0.01298954045791474,293.71448640268943,293.71448640268943,0.0,70,225.94932321488915,True,True
1295,-34,6336,3,3.0,51.57568147536667,-0.4334870536,0.00015,0.9,0.008139345596614033,0.01298954045791474,276.748892909005,276.748892909005,0.0,75,217.50653927148167,True,True
1296,-16,6316,3,3.0,51.412852859100006,-0.20297736576666667,0.00015,0.9,0.008139345596614033,0.01298954045791474,256.30590532799624,256.30590532799624,0.0,99,190.22645912948403,True,True
1297,-33,6340,3,3.0,51.606462735533334,-0.42251669780000006,0.00015,0.9,0.008139345596614033,0.01298954045791474,387.00498839260587,387.00498839260587,0.0,75,327.7626347550825,True,True
1298,5,6339,3,3.0,51.5991113691,0.0680380597,0.00015,0.9,0.008139345596614033,0.01298954045791474,332.7014563443902,332.7014563443902,0.0,33,219.31166294628053,True,True
1299,-36,6321,3,3.0,51.4554971332,-0.4560731812666667,0.00015,0.9,0.008139345596614033,0.01298954045791474,393.8179183669226,393.8179183669226,0.0,38,274.9750327761303,True,True
1300,-16,6318,3,3.0,51.42653102573333,-0.20229422016666665,0.00015,0.9,0.008139345596614033,0.01298954045791474,267.8687514956068,267.8687514956068,0.0,99,201.7893052970946,True,True
1301,-17,6310,3,3.0,51.3625549575,-0.2188889412,0.00015,0.9,0.008139345596614033,0.01298954045791474,335.9542143507817,335.9542143507817,0.0,86,262.75525410621725,True,True
1302,-9,6343,3,3.0,51.6323191494,-0.11053973696666668,0.00015,0.9,0.008139345596614033,0.01298954045791474,296.36966273307746,296.36966273307746,0.0,81,262.37398285002865,True,True
1303,21,6333,3,3.0,51.55063023706666,0.27862890533333334,0.00015,0.9,0.008139345596614033,0.01298954045791474,451.663675473024,451.663675473024,0.0,44,421.663675473024,True,True
1304,4,6314,3,3.0,51.39512489263333,0.0559517652,0.00015,0.9,0.008139345596614033,0.01298954045791474,391.36047590498123,391.36047590498123,0.0,10,336.1627593323456,True,True
1305,-14,6310,3,3.0,51.36076662443333,-0.1774591088666667,0.00015,0.9,0.008139345596614033,0.01298954045791474,332.6002780256431,332.6002780256431,0.0,86,259.40131778107866,True,True
1306,-17,6339,3,3.0,51.59670975166667,-0.21497395646666664,0.00015,0.9,0.008139345596614033,0.01298954045791474,349.2884994043842,349.2884994043842,0.0,39,267.79493236823885,True,True
1307,-1,6311,3,3.0,51.37012635903333,-0.002698277266666667,0.00015,0.9,0.008139345596614033,0.01298954045791474,337.39731787223707,337.39731787223707,0.0,1,301.39456445804905,True,True
1308,9,6320,3,3.0,51.44568041256667,0.124343553,0.00015,0.9,0.008139345596614033,0.01298954045791474,355.4063344718909,355.4063344718909,0.0,7,294.67855255641064,True,True
1309,-22,6325,3,3.0,51.4854828992,-0.2784346214,0.00015,0.9,0.008139345596614033,0.01298954045791474,242.00342477702225,242.00342477702225,0.0,13,197.1116506659567,True,True
1310,-5,6308,3,3.0,51.34469317203334,-0.06100947373333334,0.00015,0.9,0.008139345596614033,0.01298954045791474,372.2493834143297,372.2493834143297,0.0,1,336.24663000014175,True,True
1311,4,6327,3,3.0,51.50011037346667,0.0576711487,0.00015,0.9,0.008139345596614033,0.01298954045791474,378.3313838030943,378.3313838030943,0.0,69,345.85417116844565,True,True
1312,-28,6316,3,3.0,51.412067446133335,-0.35680129180000003,0.00015,0.9,0.008139345596614033,0.01298954045791474,352.65194903569176,352.65194903569176,0.0,89,315.0513959441947,True,True
1313,-5,6344,3,3.0,51.6401113983,-0.0612577815,0.00015,0.9,0.008139345596614033,0.01298954045791474,372.650520641909,372.650520641909,0.0,23,274.868180432945,True,True
1314,-6,6309,3,3.0,51.35569375996666,-0.0710159096,0.00015,0.9,0.008139345596614033,0.01298954045791474,378.60345145717696,378.60345145717696,0.0,15,325.87151615334017,True,True
1315,-9,6308,3,3.0,51.3462509453,-0.10852985296666666,0.00015,0.9,0.008139345596614033,0.01298954045791474,321.57494297231847,321.57494297231847,0.0,72,273.99721324532135,True,True
1316,-36,6325,3,3.0,51.483788064200006,-0.4586689688,0.00015,0.9,0.008139345596614033,0.01298954045791474,368.1832055178735,368.1832055178735,0.0,38,249.34031992708123,True,True
1317,-18,6334,3,3.0,51.55751270386667,-0.22410850999999998,0.00015,0.9,0.008139345596614033,0.01298954045791474,268.6196446271372,268.6196446271372,0.0,98,227.63409607609074,True,True
1318,-25,6329,3,3.0,51.5188120313,-0.3208313691,0.00015,0.9,0.008139345596614033,0.01298954045791474,227.83020381499665,227.83020381499665,0.0,20,197.83020381499665,True,True
1319,3,6339,3,3.0,51.59998627143333,0.0430896292,0.00015,0.9,0.008139345596614033,0.01298954045791474,308.98928288548876,308.98928288548876,0.0,100,228.6480779408046,True,True
1320,-8,6344,3,3.0,51.64309201973333,-0.09788849283333334,0.00015,0.9,0.008139345596614033,0.01298954045791474,375.0246894700593,375.0246894700593,0.0,81,341.0290095870105,True,True
1321,-2,6314,3,3.0,51.39798907916667,-0.016551484866666667,0.00015,0.9,0.008139345596614033,0.01298954045791474,325.68519147996835,325.68519147996835,0.0,5,287.05686758142065,True,True
1322,-21,6337,3,3.0,51.5853699235,-0.26680455096666666,0.00015,0.9,0.008139345596614033,0.01298954045791474,367.8629814310049,367.8629814310049,0.0,82,312.30832309261996,True,True
1323,6,6309,3,3.0,51.3549589197,0.086125188,0.00015,0.9,0.008139345596614033,0.01298954045791474,410.65129215605697,410.65129215605697,0.0,65,334.5600695938522,True,True
1324,-9,6347,3,3.0,51.6669844975,-0.10597799776666667,0.00015,0.9,0.008139345596614033,0.01298954045791474,459.43979277585976,459.43979277585976,0.0,25,395.5145809541077,True,True
1325,-10,6303,3,3.0,51.308787213500004,-0.12275744453333333,0.00015,0.9,0.008139345596614033,0.01298954045791474,360.26810969094925,360.26810969094925,0.0,72,312.6903799639521,True,True
1326,8,6337,3,3.0,51.58143444473333,0.11174094186666667,0.00015,0.9,0.008139345596614033,0.01298954045791474,368.4731900710205,368.4731900710205,0.0,46,338.4731900710205,True,True
1327,-34,6332,3,3.0,51.54272615526667,-0.4400803359666667,0.00015,0.9,0.008139345596614033,0.01298954045791474,347.2650966833403,347.2650966833403,0.0,41,295.82547488965224,True,True
1328,-2,6344,3,3.0,51.63864096743333,-0.017054188100000003,0.00015,0.9,0.008139345596614033,0.01298954045791474,381.3056139902952,381.3056139902952,0.0,12,291.9486028883653,True,True
1329,-5,6317,3,3.0,51.42022997906667,-0.0580145262,0.00015,0.9,0.008139345596614033,0.01298954045791474,312.8495257729196,312.8495257729196,0.0,5,274.2212018743719,True,True
1330,-24,6320,3,3.0,51.44510316766667,-0.3063927326,0.00015,0.9,0.008139345596614033,0.01298954045791474,372.0376147793723,372.0376147793723,0.0,89,334.43706168787526,True,True
1331,2,6309,3,3.0,51.35804203633333,0.0349600482,0.00015,0.9,0.008139345596614033,0.01298954045791474,422.10508924120825,422.10508924120825,0.0,1,386.1023358270203,True,True
1332,9,6333,3,3.0,51.5508475288,0.12752084249999998,0.00015,0.9,0.008139345596614033,0.01298954045791474,315.6793915999111,315.6793915999111,0.0,16,255.21691669331148,True,True
1333,-4,6309,3,3.0,51.35525935206667,-0.044518977300000005,0.00015,0.9,0.008139345596614033,0.01298954045791474,305.173968294132,305.173968294132,0.0,1,269.17121487994405,True,True
1334,-28,6335,3,3.0,51.565391746066666,-0.35688569166666667,0.00015,0.9,0.008139345596614033,0.01298954045791474,269.21689007301586,269.21689007301586,0.0,63,224.26131213043485,True,True
1335,8,6323,3,3.0,51.4698238704,0.1106879287,0.00015,0.9,0.008139345596614033,0.01298954045791474,382.39428626695786,382.39428626695786,0.0,70,314.6291230791576,True,True
1336,-13,6335,3,3.0,51.565693814633335,-0.15986747913333332,0.00015,0.9,0.008139345596614033,0.01298954045791474,351.2209130414084,351.2209130414084,0.0,49,288.59354022176757,True,True
1337,-2,6310,3,3.0,51.36369356133334,-0.023207502566666666,0.00015,0.9,0.008139345596614033,0.01298954045791474,264.61939286712925,264.61939286712925,0.0,1,228.61663945294126,True,True
1338,6,6323,3,3.0,51.470992241333335,0.08574487963333333,0.00015,0.9,0.008139345596614033,0.01298954045791474,347.9997337811884,347.9997337811884,0.0,70,280.2345705933881,True,True
1339,15,6340,3,3.0,51.607412371500004,0.20688010973333334,0.00015,0.9,0.008139345596614033,0.01298954045791474,313.97382077118266,313.97382077118266,0.0,35,224.27035660658942,True,True
1340,-16,6338,3,3.0,51.59162433863333,-0.20246995423333333,0.00015,0.9,0.008139345596614033,0.01298954045791474,337.63034171204214,337.63034171204214,0.0,29,279.76815813718713,True,True
1341,-10,6308,3,3.0,51.347702624600004,-0.12232743623333335,0.00015,0.9,0.008139345596614033,0.01298954045791474,323.9094114163691,323.9094114163691,0.0,72,276.331681689372,True,True
1342,-3,6313,3,3.0,51.387958795,-0.032763434,0.00015,0.9,0.008139345596614033,0.01298954045791474,360.1545414450294,360.1545414450294,0.0,5,321.5262175464817,True,True
1343,-27,6343,3,3.0,51.62797539763333,-0.3381494131,0.00015,0.9,0.008139345596614033,0.01298954045791474,466.8368896692193,466.8368896692193,0.0,82,411.28223133083435,True,True
1344,11,6320,3,3.0,51.44231780576666,0.14796203770000002,0.00015,0.9,0.008139345596614033,0.01298954045791474,324.4867047792984,324.4867047792984,0.0,7,263.7589228638182,True,True
1345,-7,6316,3,3.0,51.41473927623334,-0.08556083876666666,0.00015,0.9,0.008139345596614033,0.01298954045791474,348.88683309636093,348.88683309636093,0.0,61,318.88683309636093,True,True
1346,-22,6339,3,3.0,51.59869441983333,-0.28056734336666667,0.00015,0.9,0.008139345596614033,0.01298954045791474,272.39885400562434,272.39885400562434,0.0,82,216.84419566723935,True,True
1347,-22,6323,3,3.0,51.47105580063334,-0.2752975008333333,0.00015,0.9,0.008139345596614033,0.01298954045791474,288.7486625711239,288.7486625711239,0.0,73,218.7581230553269,True,True
1348,-12,6311,3,3.0,51.373719320566664,-0.14982696016666666,0.00015,0.9,0.008139345596614033,0.01298954045791474,290.7953696956556,290.7953696956556,0.0,90,226.7784074774946,True,True
1349,-18,6341,3,3.0,51.61437885286667,-0.2267108834,0.00015,0.9,0.008139345596614033,0.01298954045791474,368.89516461735167,368.89516461735167,0.0,56,283.1356175893883,True,True
1350,-14,6319,3,3.0,51.43569811146667,-0.1773307905,0.00015,0.9,0.008139345596614033,0.01298954045791474,297.01712406305467,297.01712406305467,0.0,87,247.246660081909,True,True
1351,-36,6328,3,3.0,51.5100568212,-0.45833371840000003,0.00015,0.9,0.008139345596614033,0.01298954045791474,367.9104422177941,367.9104422177941,0.0,41,316.4708204241061,True,True
1352,8,6309,3,3.0,51.357523533333335,0.10774051283333334,0.00015,0.9,0.008139345596614033,0.01298954045791474,380.18370547272826,380.18370547272826,0.0,65,304.0924829105235,True,True
1353,-29,6319,3,3.0,51.435723582466665,-0.3719459129666667,0.00015,0.9,0.008139345596614033,0.01298954045791474,317.68402939752883,317.68402939752883,0.0,89,280.0834763060318,True,True
1354,1,6312,3,3.0,51.37808072473333,0.017671260366666667,0.00015,0.9,0.008139345596614033,0.01298954045791474,403.7328165884579,403.7328165884579,0.0,10,348.5351000158223,True,True
1355,-23,6323,3,3.0,51.46659385456667,-0.2941335665,0.00015,0.9,0.008139345596614033,0.01298954045791474,246.43160527089873,246.43160527089873,0.0,73,176.44106575510173,True,True
1356,-11,6339,3,3.0,51.598107444566665,-0.13730749476666668,0.00015,0.9,0.008139345596614033,0.01298954045791474,323.4282070659475,323.4282070659475,0.0,45,267.8414898563953,True,True
1357,3,6314,3,3.0,51.398006623466664,0.04686986473333333,0.00015,0.9,0.008139345596614033,0.01298954045791474,353.3554340050529,353.3554340050529,0.0,10,298.1577174324173,True,True
1358,-31,6320,3,3.0,51.44437206513334,-0.3976680575666667,0.00015,0.9,0.008139345596614033,0.01298954045791474,290.83429300978673,290.83429300978673,0.0,28,210.1163760871989,True,True
1359,12,6335,3,3.0,51.566773558,0.1627492013,0.00015,0.9,0.008139345596614033,0.01298954045791474,327.9223758898948,327.9223758898948,0.0,16,267.45990098329514,True,True
1360,-8,6305,3,3.0,51.32556191406667,-0.10074360923333332,0.00015,0.9,0.008139345596614033,0.01298954045791474,299.30647616538573,299.30647616538573,0.0,72,251.7287464383886,True,True
1361,5,6316,3,3.0,51.411623374933335,0.0750398464,0.00015,0.9,0.008139345596614033,0.01298954045791474,374.7957137193821,374.7957137193821,0.0,78,308.2114695817237,True,True
1362,-25,6310,3,3.0,51.36436752033333,-0.317065583,0.00015,0.9,0.008139345596614033,0.01298954045791474,382.3420414957125,382.3420414957125,0.0,85,338.93716503666377,True,True
1363,-27,6334,3,3.0,51.5574541412,-0.34332449280000005,0.00015,0.9,0.008139345596614033,0.01298954045791474,297.7704946929484,297.7704946929484,0.0,63,252.8149167503674,True,True
1364,3,6317,3,3.0,51.4237908041,0.04782817923333333,0.00015,0.9,0.008139345596614033,0.01298954045791474,359.84299690509283,359.84299690509283,0.0,24,329.84299690509283,True,True
1365,-24,6339,3,3.0,51.598848311333334,-0.3060148601666667,0.00015,0.9,0.008139345596614033,0.01298954045791474,246.4841332140087,246.4841332140087,0.0,82,190.92947487562373,True,True
1366,0,6313,3,3.0,51.385929454266666,0.005598777066666667,0.00015,0.9,0.008139345596614033,0.01298954045791474,364.62370230811507,364.62370230811507,0.0,10,309.42598573547946,True,True
1367,-12,6342,3,3.0,51.624983925,-0.14831652056666667,0.00015,0.9,0.008139345596614033,0.01298954045791474,287.9505950972233,287.9505950972233,0.0,81,253.9549152141745,True,True
1368,21,6331,3,3.0,51.535812535266665,0.280235275,0.00015,0.9,0.008139345596614033,0.01298954045791474,493.67473344488576,493.67473344488576,0.0,44,463.67473344488576,True,True
1369,-12,6315,3,3.0,51.40330271093333,-0.15220941783333333,0.00015,0.9,0.008139345596614033,0.01298954045791474,289.4452998450156,289.4452998450156,0.0,58,228.88700124474954,True,True
1370,19,6332,3,3.0,51.54379982423333,0.2509465476,0.00015,0.9,0.008139345596614033,0.01298954045791474,377.139480403696,377.139480403696,0.0,44,347.139480403696,True,True
1371,-2,6308,3,3.0,51.34489032046667,-0.021999804733333333,0.00015,0.9,0.008139345596614033,0.01298954045791474,238.80102441989123,238.80102441989123,0.0,1,202.79827100570324,True,True
1372,-11,6306,3,3.0,51.330152887033336,-0.13895167763333335,0.00015,0.9,0.008139345596614033,0.01298954045791474,301.5700427328003,301.5700427328003,0.0,72,253.99231300580317,True,True
1373,-28,6320,3,3.0,51.44633609443333,-0.3549185566,0.00015,0.9,0.008139345596614033,0.01298954045791474,299.0883980209831,299.0883980209831,0.0,89,261.4878449294861,True,True
1374,-18,6321,3,3.0,51.4546037852,-0.2288938141,0.00015,0.9,0.008139345596614033,0.01298954045791474,247.70315630496856,247.70315630496856,0.0,92,217.70315630496856,True,True
1375,15,6332,3,3.0,51.543777046466666,0.20206145053333333,0.00015,0.9,0.008139345596614033,0.01298954045791474,324.30977760215865,324.30977760215865,0.0,44,294.30977760215865,True,True
1376,-23,6317,3,3.0,51.418351802433335,-0.2941823114,0.00015,0.9,0.008139345596614033,0.01298954045791474,310.6551909593573,310.6551909593573,0.0,50,198.1979314451234,True,True
1377,-19,6330,3,3.0,51.52649885623333,-0.24282073133333335,0.00015,0.9,0.008139345596614033,0.01298954045791474,336.1292367555275,336.1292367555275,0.0,62,303.1815420293843,True,True
1378,-5,6315,3,3.0,51.4026671016,-0.0591187215,0.00015,0.9,0.008139345596614033,0.01298954045791474,320.0632811086848,320.0632811086848,0.0,5,281.4349572101371,True,True
1379,-24,6340,3,3.0,51.60638239833333,-0.3001773792333333,0.00015,0.9,0.008139345596614033,0.01298954045791474,260.5668080773871,260.5668080773871,0.0,82,205.01214973900215,True,True
1380,-1,6315,3,3.0,51.406084204,-0.005088172133333333,0.00015,0.9,0.008139345596614033,0.01298954045791474,317.11576563956305,317.11576563956305,0.0,10,261.91804906692744,True,True
1381,-16,6340,3,3.0,51.60502411106666,-0.20420522330000002,0.00015,0.9,0.008139345596614033,0.01298954045791474,330.12884963065585,330.12884963065585,0.0,29,272.26666605580084,True,True
1382,-16,6314,3,3.0,51.39371287946667,-0.20510133066666666,0.00015,0.9,0.008139345596614033,0.01298954045791474,375.2365881325273,375.2365881325273,0.0,58,314.67828953226126,True,True
1383,14,6328,3,3.0,51.51169773506666,0.18685086863333333,0.00015,0.9,0.008139345596614033,0.01298954045791474,361.67172978828546,361.67172978828546,0.0,94,227.47151941822491,True,True
1384,-26,6317,3,3.0,51.4214981381,-0.3341690079,0.00015,0.9,0.008139345596614033,0.01298954045791474,297.8874279054113,297.8874279054113,0.0,89,260.28687481391427,True,True
1385,4,6338,3,3.0,51.5902747325,0.05986191093333334,0.00015,0.9,0.008139345596614033,0.01298954045791474,380.29486241490514,380.29486241490514,0.0,46,350.29486241490514,True,True
1386,11,6336,3,3.0,51.57274186909999,0.15498205686666666,0.00015,0.9,0.008139345596614033,0.01298954045791474,346.9570518533745,346.9570518533745,0.0,16,286.4945769467748,True,True
1387,17,6328,3,3.0,51.51290536303333,0.2218831197,0.00015,0.9,0.008139345596614033,0.01298954045791474,430.96676471465554,430.96676471465554,0.0,94,296.76655434459497,True,True
1388,0,6312,3,3.0,51.37715084706667,0.0102604151,0.00015,0.9,0.008139345596614033,0.01298954045791474,399.5791984549527,399.5791984549527,0.0,1,363.5764450407647,True,True
1389,-37,6324,3,3.0,51.48087701313333,-0.4689967941666667,0.00015,0.9,0.008139345596614033,0.01298954045791474,369.10155406485916,369.10155406485916,0.0,38,250.2586684740669,True,True
1390,-2,6313,3,3.0,51.387007749233334,-0.021627936766666665,0.00015,0.9,0.008139345596614033,0.01298954045791474,374.21536688695085,374.21536688695085,0.0,5,335.58704298840314,True,True
1391,-20,6313,3,3.0,51.386309968733336,-0.25455138540000005,0.00015,0.9,0.008139345596614033,0.01298954045791474,314.53734146247666,314.53734146247666,0.0,60,264.7115692304003,True,True
1392,-4,6339,3,3.0,51.59790467613334,-0.044463544599999995,0.00015,0.9,0.008139345596614033,0.01298954045791474,339.7764801022416,339.7764801022416,0.0,91,286.03849334865157,True,True
1393,-26,6326,3,3.0,51.4961975992,-0.3247957706333333,0.00015,0.9,0.008139345596614033,0.01298954045791474,302.0250551285917,302.0250551285917,0.0,20,272.0250551285917,True,True
1394,11,6330,3,3.0,51.526453957466664,0.14862851556666667,0.00015,0.9,0.008139345596614033,0.01298954045791474,408.84612888045365,408.84612888045365,0.0,16,348.383653973854,True,True
1395,-21,6316,3,3.0,51.41321438879999,-0.2614155543,0.00015,0.9,0.008139345596614033,0.01298954045791474,306.4537706386445,306.4537706386445,0.0,60,256.62799840656817,True,True
1396,9,6330,3,3.0,51.52643064553333,0.1261265116,0.00015,0.9,0.008139345596614033,0.01298954045791474,378.0453426855796,378.0453426855796,0.0,2,303.50078138281174,True,True
1397,-27,6336,3,3.0,51.575388541066665,-0.34669238373333333,0.00015,0.9,0.008139345596614033,0.01298954045791474,321.63034180274093,321.63034180274093,0.0,36,256.77440779107064,True,True
1398,-35,6336,3,3.0,51.574849141133335,-0.4492006518666667,0.00015,0.9,0.008139345596614033,0.01298954045791474,348.7702149912647,348.7702149912647,0.0,75,289.52786135374134,True,True
1399,-37,6325,3,3.0,51.4843338441,-0.47208520996666664,0.00015,0.9,0.008139345596614033,0.01298954045791474,392.27223622450094,392.27223622450094,0.0,38,273.4293506337087,True,True
1400,6,6319,3,3.0,51.435161085033336,0.08741822096666667,0.00015,0.9,0.008139345596614033,0.01298954045791474,327.91741162467963,327.91741162467963,0.0,78,261.3331674870212,True,True
1401,-1,6316,3,3.0,51.41255461916666,-0.006324686433333334,0.00015,0.9,0.008139345596614033,0.01298954045791474,324.8040170013985,324.8040170013985,0.0,5,286.1756931028508,True,True
1402,-7,6313,3,3.0,51.3865957706,-0.08649602176666667,0.00015,0.9,0.008139345596614033,0.01298954045791474,321.77819300375734,321.77819300375734,0.0,101,247.87176086603665,True,True
1403,7,6310,3,3.0,51.36429800456667,0.09276487226666667,0.00015,0.9,0.008139345596614033,0.01298954045791474,349.60466313391004,349.60466313391004,0.0,65,273.51344057170525,True,True
1404,6,6329,3,3.0,51.51737990346667,0.07887060133333333,0.00015,0.9,0.008139345596614033,0.01298954045791474,354.93033194740747,354.93033194740747,0.0,22,299.095486130933,True,True
1405,-30,6324,3,3.0,51.47683116706667,-0.3817210972,0.00015,0.9,0.008139345596614033,0.01298954045791474,340.8730603349431,340.8730603349431,0.0,40,287.4781453852286,True,True
1406,-21,6324,3,3.0,51.476168033966665,-0.26711243186666667,0.00015,0.9,0.008139345596614033,0.01298954045791474,308.1572742494613,308.1572742494613,0.0,13,263.26550013839574,True,True
1407,-26,6332,3,3.0,51.542955357333334,-0.3293905082,0.00015,0.9,0.008139345596614033,0.01298954045791474,369.3054440213833,369.3054440213833,0.0,63,324.34986607880234,True,True
1408,-20,6335,3,3.0,51.56669857626667,-0.25662420486666665,0.00015,0.9,0.008139345596614033,0.01298954045791474,338.9916762952961,338.9916762952961,0.0,98,298.0061277442496,True,True
1409,17,6333,3,3.0,51.55193082913333,0.22765793746666665,0.00015,0.9,0.008139345596614033,0.01298954045791474,280.9482392784259,280.9482392784259,0.0,44,250.9482392784259,True,True
1410,11,6323,3,3.0,51.467197287299996,0.15233890863333333,0.00015,0.9,0.008139345596614033,0.01298954045791474,284.08953828557696,284.08953828557696,0.0,7,223.36175637009677,True,True
1411,18,6337,3,3.0,51.58077815786667,0.23786067813333334,0.00015,0.9,0.008139345596614033,0.01298954045791474,349.4689062056313,349.4689062056313,0.0,44,319.4689062056313,True,True
1412,13,6338,3,3.0,51.592411724899996,0.17355993406666667,0.00015,0.9,0.008139345596614033,0.01298954045791474,278.44919238953514,278.44919238953514,0.0,74,204.1060752769867,True,True
1413,-11,6310,3,3.0,51.36199573166667,-0.13437466056666666,0.00015,0.9,0.008139345596614033,0.01298954045791474,285.21476135389025,285.21476135389025,0.0,90,221.19779913572927,True,True
1414,-14,6346,3,3.0,51.65393634566667,-0.1753771320666667,0.00015,0.9,0.008139345596614033,0.01298954045791474,250.92449917948505,250.92449917948505,0.0,3,211.98631360025632,True,True
1415,-12,6304,3,3.0,51.31444345806667,-0.14912043533333333,0.00015,0.9,0.008139345596614033,0.01298954045791474,377.2888542760672,377.2888542760672,0.0,72,329.71112454907006,True,True
1416,-11,6319,3,3.0,51.437361724566664,-0.13371753113333332,0.00015,0.9,0.008139345596614033,0.01298954045791474,320.9306407853169,320.9306407853169,0.0,87,271.1601768041712,True,True
1417,-25,6343,3,3.0,51.62974235886667,-0.32106663053333334,0.00015,0.9,0.008139345596614033,0.01298954045791474,439.5275916814972,439.5275916814972,0.0,82,383.97293334311223,True,True
1418,7,6318,3,3.0,51.4258963041,0.10051451066666667,0.00015,0.9,0.008139345596614033,0.01298954045791474,207.73449858906477,207.73449858906477,0.0,78,141.15025445140637,True,True
1419,4,6316,3,3.0,51.410673631,0.060838450666666676,0.00015,0.9,0.008139345596614033,0.01298954045791474,395.2958771843628,395.2958771843628,0.0,10,340.09816061172717,True,True
1420,6,6311,2,2.0,51.37392789585,0.09017395019999999,0.0001,0.9,0.008139345596614033,0.01298954045791474,296.51734587626515,296.51734587626515,0.0,65,220.4261233140604,True,True
1421,19,6339,2,2.0,51.6026719978,0.2469439758,0.0001,0.9,0.008139345596614033,0.01298954045791474,359.8933633496749,359.8933633496749,0.0,35,270.1898991850817,True,True
1422,18,6335,2,2.0,51.56938332585,0.2431302466,0.0001,0.9,0.008139345596614033,0.01298954045791474,320.8107982837191,320.8107982837191,0.0,44,290.8107982837191,True,True
1423,9,6315,2,2.0,51.403475297,0.11950852470000001,0.0001,0.9,0.008139345596614033,0.01298954045791474,386.1969477814158,386.1969477814158,0.0,78,319.6127036437574,True,True
1424,19,6340,2,2.0,51.604842995,0.25265499105,0.0001,0.9,0.008139345596614033,0.01298954045791474,382.1394144658789,382.1394144658789,0.0,35,292.43595030128563,True,True
1425,-19,6311,2,2.0,51.37322515779999,-0.24014656585,0.0001,0.9,0.008139345596614033,0.01298954045791474,399.7535598343095,399.7535598343095,0.0,60,349.92778760223314,True,True
1426,-17,6346,2,2.0,51.65282208175,-0.20994009505,0.0001,0.9,0.008139345596614033,0.01298954045791474,312.7383812015645,312.7383812015645,0.0,3,273.80019562233576,True,True
1427,-13,6337,2,2.0,51.583900057899996,-0.15897034524999998,0.0001,0.9,0.008139345596614033,0.01298954045791474,362.6809041255489,362.6809041255489,0.0,29,304.8187205506939,True,True
1428,-3,6308,2,2.0,51.3500811495,-0.0371262329,0.0001,0.9,0.008139345596614033,0.01298954045791474,260.9831406936951,260.9831406936951,0.0,1,224.98038727950708,True,True
1429,3,6310,2,2.0,51.3655239837,0.04136151345,0.0001,0.9,0.008139345596614033,0.01298954045791474,456.1756894934821,456.1756894934821,0.0,1,420.1729360792941,True,True
1430,-2,6342,2,2.0,51.622409906200005,-0.01755680715,0.0001,0.9,0.008139345596614033,0.01298954045791474,281.83001461804713,281.83001461804713,0.0,12,192.47300351611722,True,True
1431,-3,6334,2,2.0,51.55672225705,-0.03706198655,0.0001,0.9,0.008139345596614033,0.01298954045791474,277.0441421064555,277.0441421064555,0.0,43,230.4372599486642,True,True
1432,-13,6343,2,2.0,51.63206217805,-0.16006460695000002,0.0001,0.9,0.008139345596614033,0.01298954045791474,342.37545697246145,342.37545697246145,0.0,81,308.37977708941264,True,True
1433,20,6335,2,2.0,51.5703576716,0.2656212443,0.0001,0.9,0.008139345596614033,0.01298954045791474,401.5943162850411,401.5943162850411,0.0,44,371.5943162850411,True,True
1434,10,6325,2,2.0,51.4826353395,0.13818794275000001,0.0001,0.9,0.008139345596614033,0.01298954045791474,310.6258784627273,310.6258784627273,0.0,26,268.05432313569315,True,True
1435,-13,6307,2,2.0,51.3364190619,-0.16013921325,0.0001,0.9,0.008139345596614033,0.01298954045791474,383.40557040166954,383.40557040166954,0.0,72,335.8278406746724,True,True
1436,-29,6338,2,2.0,51.589955777,-0.37574942440000003,0.0001,0.9,0.008139345596614033,0.01298954045791474,360.7196040852587,360.7196040852587,0.0,36,295.8636700735884,True,True
1437,-34,6337,2,2.0,51.58313539085,-0.43648212235,0.0001,0.9,0.008139345596614033,0.01298954045791474,278.36814948865856,278.36814948865856,0.0,75,219.12579585113522,True,True
1438,2,6308,2,2.0,51.3483937691,0.0347041679,0.0001,0.9,0.008139345596614033,0.01298954045791474,419.9691500589763,419.9691500589763,0.0,1,383.9663966447883,True,True
1439,-7,6344,2,2.0,51.64234145,-0.08369965,0.0001,0.9,0.008139345596614033,0.01298954045791474,408.25564857047146,408.25564857047146,0.0,23,310.47330836150746,True,True
1440,2,6339,2,2.0,51.596409176899996,0.0336663736,0.0001,0.9,0.008139345596614033,0.01298954045791474,295.4692842430135,295.4692842430135,0.0,100,215.1280792983293,True,True
1441,-13,6346,2,2.0,51.65304814045,-0.15930115095,0.0001,0.9,0.008139345596614033,0.01298954045791474,318.15512318499975,318.15512318499975,0.0,3,279.216937605771,True,True
1442,16,6330,2,2.0,51.525396965599995,0.2158861471,0.0001,0.9,0.008139345596614033,0.01298954045791474,397.47269146275914,397.47269146275914,0.0,94,263.27248109269857,True,True
1443,-21,6344,2,2.0,51.63886026425,-0.26718562145,0.0001,0.9,0.008139345596614033,0.01298954045791474,448.36675185346684,448.36675185346684,0.0,56,362.60720482550346,True,True
1444,-33,6335,2,2.0,51.56704791915,-0.42344137930000003,0.0001,0.9,0.008139345596614033,0.01298954045791474,322.1829151974562,322.1829151974562,0.0,75,262.94056155993286,True,True
1445,-30,6316,2,2.0,51.4148393514,-0.38078753730000003,0.0001,0.9,0.008139345596614033,0.01298954045791474,391.32935400593,391.32935400593,0.0,89,353.72880091443295,True,True
1446,6,6324,2,2.0,51.478484265999995,0.0831897012,0.0001,0.9,0.008139345596614033,0.01298954045791474,288.78880573419303,288.78880573419303,0.0,70,221.02364254639272,True,True
1447,-9,6346,2,2.0,51.6545893144,-0.10761422135000001,0.0001,0.9,0.008139345596614033,0.01298954045791474,414.5732541292853,414.5732541292853,0.0,81,380.5775742462365,True,True
1448,-8,6349,2,2.0,51.68396604125,-0.10066019735000001,0.0001,0.9,0.008139345596614033,0.01298954045791474,480.94694376317267,480.94694376317267,0.0,25,417.0217319414206,True,True
1449,-1,6312,2,2.0,51.3763493369,-0.0054742363,0.0001,0.9,0.008139345596614033,0.01298954045791474,366.17998900873624,366.17998900873624,0.0,1,330.1772355945483,True,True
1450,-32,6318,2,2.0,51.4301905851,-0.403797299,0.0001,0.9,0.008139345596614033,0.01298954045791474,380.18952845249567,380.18952845249567,0.0,28,299.4716115299078,True,True
1451,14,6340,2,2.0,51.6081853269,0.1927517401,0.0001,0.9,0.008139345596614033,0.01298954045791474,380.87623753652514,380.87623753652514,0.0,35,291.1727733719319,True,True
1452,-2,6349,2,2.0,51.678396346,-0.017260747950000002,0.0001,0.9,0.008139345596614033,0.01298954045791474,396.66995168549175,396.66995168549175,0.0,25,332.7447398637397,True,True
1453,17,6335,2,2.0,51.563103528650004,0.2275075261,0.0001,0.9,0.008139345596614033,0.01298954045791474,233.53058643248454,233.53058643248454,0.0,44,203.53058643248454,True,True
1454,-6,6319,2,2.0,51.43803726165,-0.06505933685000001,0.0001,0.9,0.008139345596614033,0.01298954045791474,302.82387404066253,302.82387404066253,0.0,30,221.47193155457532,True,True
1455,-16,6320,2,2.0,51.44636090815,-0.20171851025,0.0001,0.9,0.008139345596614033,0.01298954045791474,254.87024154699148,254.87024154699148,0.0,92,224.87024154699148,True,True
1456,-25,6320,2,2.0,51.447647387399996,-0.3212582402,0.0001,0.9,0.008139345596614033,0.01298954045791474,334.54445952400926,334.54445952400926,0.0,89,296.9439064325122,True,True
1457,-15,6334,2,2.0,51.5599410999,-0.18410880865,0.0001,0.9,0.008139345596614033,0.01298954045791474,327.7003436830467,327.7003436830467,0.0,95,255.6791731218044,True,True
1458,5,6320,2,2.0,51.4444061843,0.0722777144,0.0001,0.9,0.008139345596614033,0.01298954045791474,259.46831001386147,259.46831001386147,0.0,24,229.4683100138615,True,True
1459,-27,6326,2,2.0,51.490429047199996,-0.3432151357,0.0001,0.9,0.008139345596614033,0.01298954045791474,352.828882008018,352.828882008018,0.0,40,299.4339670583035,True,True
1460,-22,6315,2,2.0,51.404421488850005,-0.27493534399999997,0.0001,0.9,0.008139345596614033,0.01298954045791474,310.4056355584495,310.4056355584495,0.0,60,260.57986332637313,True,True
1461,10,6338,2,2.0,51.591608955750004,0.1406617852,0.0001,0.9,0.008139345596614033,0.01298954045791474,397.2473247951641,397.2473247951641,0.0,74,322.90420768261566,True,True
1462,-38,6338,2,2.0,51.5893262089,-0.4844812425,0.0001,0.9,0.008139345596614033,0.01298954045791474,477.8293650550719,477.8293650550719,0.0,75,418.5870114175485,True,True
1463,3,6303,2,2.0,51.307370390450004,0.042953656699999995,0.0001,0.9,0.008139345596614033,0.01298954045791474,317.7189711226656,317.7189711226656,0.0,8,212.62202456747792,True,True
1464,2,6323,2,2.0,51.4688379439,0.03323065145,0.0001,0.9,0.008139345596614033,0.01298954045791474,322.94099451619957,322.94099451619957,0.0,52,285.7180978869268,True,True
1465,-28,6339,2,2.0,51.5995160774,-0.3584263754,0.0001,0.9,0.008139345596614033,0.01298954045791474,326.8267412693554,326.8267412693554,0.0,36,261.9708072576851,True,True
1466,-8,6345,2,2.0,51.646284602099996,-0.09927685515,0.0001,0.9,0.008139345596614033,0.01298954045791474,386.333567043017,386.333567043017,0.0,81,352.3378871599682,True,True
1467,-6,6349,2,2.0,51.682959201,-0.0741624826,0.0001,0.9,0.008139345596614033,0.01298954045791474,405.90139489587,405.90139489587,0.0,25,341.97618307411796,True,True
1468,-16,6343,2,2.0,51.63334093115,-0.19836716725,0.0001,0.9,0.008139345596614033,0.01298954045791474,313.74953001476547,313.74953001476547,0.0,3,274.81134443553674,True,True
1469,-12,6314,2,2.0,51.39901865835,-0.1508897066,0.0001,0.9,0.008139345596614033,0.01298954045791474,309.85049902878524,309.85049902878524,0.0,58,249.2922004285192,True,True
1470,3,6335,2,2.0,51.564529432300006,0.04204271405,0.0001,0.9,0.008139345596614033,0.01298954045791474,344.0291143021326,344.0291143021326,0.0,46,314.0291143021326,True,True
1471,-26,6331,2,2.0,51.53452272325,-0.3321588161,0.0001,0.9,0.008139345596614033,0.01298954045791474,350.4317139052066,350.4317139052066,0.0,20,320.4317139052066,True,True
1472,5,6327,2,2.0,51.5011530188,0.07094504774999999,0.0001,0.9,0.008139345596614033,0.01298954045791474,346.25654279508416,346.25654279508416,0.0,70,278.4913796072839,True,True
1473,-18,6310,2,2.0,51.364125186799996,-0.2264112406,0.0001,0.9,0.008139345596614033,0.01298954045791474,361.14706306551966,361.14706306551966,0.0,86,287.9481028209552,True,True
1474,-18,6313,2,2.0,51.38539497605,-0.22520251195000002,0.0001,0.9,0.008139345596614033,0.01298954045791474,367.012193931602,367.012193931602,0.0,60,317.1864216995256,True,True
1475,-17,6341,2,2.0,51.616691848100004,-0.21594891970000002,0.0001,0.9,0.008139345596614033,0.01298954045791474,399.7913014009737,399.7913014009737,0.0,29,341.92911782611867,True,True
1476,-8,6343,2,2.0,51.63269790525,-0.0992664212,0.0001,0.9,0.008139345596614033,0.01298954045791474,332.2265061197382,332.2265061197382,0.0,81,298.2308262366894,True,True
1477,-22,6321,2,2.0,51.45186523455,-0.28150327389999996,0.0001,0.9,0.008139345596614033,0.01298954045791474,326.6381931326648,326.6381931326648,0.0,73,256.64765361686784,True,True
1478,10,6329,2,2.0,51.519515657149995,0.1369574937,0.0001,0.9,0.008139345596614033,0.01298954045791474,433.08686415998227,433.08686415998227,0.0,2,358.5423028572144,True,True
1479,-32,6334,2,2.0,51.559633851200005,-0.40545588665,0.0001,0.9,0.008139345596614033,0.01298954045791474,377.94712201981747,377.94712201981747,0.0,75,318.7047683822941,True,True
1480,2,6319,2,2.0,51.4348014153,0.02913885445,0.0001,0.9,0.008139345596614033,0.01298954045791474,336.07166565238913,336.07166565238913,0.0,24,306.07166565238913,True,True
1481,-14,6335,2,2.0,51.56751236845,-0.17595244315,0.0001,0.9,0.008139345596614033,0.01298954045791474,381.572428860391,381.572428860391,0.0,95,309.55125829914874,True,True
1482,-19,6316,2,2.0,51.40855610855,-0.23657277405,0.0001,0.9,0.008139345596614033,0.01298954045791474,304.21816913007603,304.21816913007603,0.0,60,254.39239689799967,True,True
1483,-34,6322,2,2.0,51.45927724185,-0.43669339004999996,0.0001,0.9,0.008139345596614033,0.01298954045791474,378.8862528599185,378.8862528599185,0.0,28,298.16833593733065,True,True
1484,-18,6345,2,2.0,51.64714366125,-0.22506706729999998,0.0001,0.9,0.008139345596614033,0.01298954045791474,363.55392864851814,363.55392864851814,0.0,3,324.6157430692894,True,True
1485,-21,6313,2,2.0,51.3896425504,-0.267014917,0.0001,0.9,0.008139345596614033,0.01298954045791474,311.7214035511016,311.7214035511016,0.0,60,261.89563131902526,True,True
1486,8,6307,2,2.0,51.340244017900005,0.10983617425,0.0001,0.9,0.008139345596614033,0.01298954045791474,483.7935945577022,483.7935945577022,0.0,65,407.7023719954974,True,True
1487,2,6312,2,2.0,51.3810559,0.0385692,0.0001,0.9,0.008139345596614033,0.01298954045791474,404.70316778246627,404.70316778246627,0.0,10,349.50545120983065,True,True
1488,-6,6347,2,2.0,51.66557171275,-0.07441142155,0.0001,0.9,0.008139345596614033,0.01298954045791474,343.35205099170696,343.35205099170696,0.0,25,279.4268391699549,True,True
1489,12,6319,2,2.0,51.436156198800006,0.16277432295,0.0001,0.9,0.008139345596614033,0.01298954045791474,369.1535037996558,369.1535037996558,0.0,7,308.4257218841756,True,True
1490,5,6321,2,2.0,51.4508572091,0.0715976989,0.0001,0.9,0.008139345596614033,0.01298954045791474,251.96909659837826,251.96909659837826,0.0,24,221.96909659837826,True,True
1491,5,6315,2,2.0,51.4066535924,0.07328893354999999,0.0001,0.9,0.008139345596614033,0.01298954045791474,399.2897679153595,399.2897679153595,0.0,78,332.7055237777011,True,True
1492,7,6309,2,2.0,51.355327448,0.09278373179999999,0.0001,0.9,0.008139345596614033,0.01298954045791474,399.41815884807664,399.41815884807664,0.0,65,323.32693628587185,True,True
1493,18,6338,2,2.0,51.591621998549996,0.2356183055,0.0001,0.9,0.008139345596614033,0.01298954045791474,348.12867481077217,348.12867481077217,0.0,35,258.4252106461789,True,True
1494,-27,6341,2,2.0,51.613753952050004,-0.3404913103,0.0001,0.9,0.008139345596614033,0.01298954045791474,393.0256833364302,393.0256833364302,0.0,36,328.1697493247599,True,True
1495,-24,6330,2,2.0,51.52883847345,-0.30931659245,0.0001,0.9,0.008139345596614033,0.01298954045791474,316.6581770138808,316.6581770138808,0.0,20,286.6581770138808,True,True
1496,7,6338,2,2.0,51.5925525011,0.10083380994999999,0.0001,0.9,0.008139345596614033,0.01298954045791474,361.8219736237229,361.8219736237229,0.0,33,248.43218022561325,True,True
1497,19,6330,2,2.0,51.525550279149996,0.2528883543,0.0001,0.9,0.008139345596614033,0.01298954045791474,463.99594356006855,463.99594356006855,0.0,44,433.99594356006855,True,True
1498,-17,6319,2,2.0,51.43676837215,-0.21404087735,0.0001,0.9,0.008139345596614033,0.01298954045791474,312.33645660260913,312.33645660260913,0.0,92,282.33645660260913,True,True
1499,-7,6309,2,2.0,51.358418726,-0.08480480445,0.0001,0.9,0.008139345596614033,0.01298954045791474,332.6481438275211,332.6481438275211,0.0,15,279.9162085236843,True,True
1500,-25,6307,2,2.0,51.3381454677,-0.3185512181,0.0001,0.9,0.008139345596614033,0.01298954045791474,533.4876930521777,533.4876930521777,0.0,85,490.082816593129,True,True
1501,0,6306,2,2.0,51.331948497599996,0.0035698214,0.0001,0.9,0.008139345596614033,0.01298954045791474,364.89263954168143,364.89263954168143,0.0,1,328.8898861274934,True,True
1502,0,6341,2,2.0,51.616383002999996,0.0057751077000000005,0.0001,0.9,0.008139345596614033,0.01298954045791474,304.2555069915714,304.2555069915714,0.0,12,214.89849588964148,True,True
1503,2,6334,2,2.0,51.5603083013,0.0386123589,0.0001,0.9,0.008139345596614033,0.01298954045791474,336.69716561867864,336.69716561867864,0.0,55,279.8319286641742,True,True
1504,1,6342,2,2.0,51.62406839535,0.0196901431,0.0001,0.9,0.008139345596614033,0.01298954045791474,371.0301479909138,371.0301479909138,0.0,12,281.6731368889839,True,True
1505,-12,6343,2,2.0,51.630806317150004,-0.15011021219999998,0.0001,0.9,0.008139345596614033,0.01298954045791474,306.00758233602267,306.00758233602267,0.0,81,272.01190245297386,True,True
1506,-2,6343,2,2.0,51.6318170647,-0.01392444935,0.0001,0.9,0.008139345596614033,0.01298954045791474,338.9033171150299,338.9033171150299,0.0,12,249.54630601309998,True,True
1507,-24,6336,2,2.0,51.5734935806,-0.3005161649,0.0001,0.9,0.008139345596614033,0.01298954045791474,385.3046313962064,385.3046313962064,0.0,82,329.7499730578214,True,True
1508,-33,6339,2,2.0,51.6033151129,-0.4198378526,0.0001,0.9,0.008139345596614033,0.01298954045791474,368.09641015535755,368.09641015535755,0.0,75,308.8540565178342,True,True
1509,-13,6345,2,2.0,51.64802174895,-0.16083297135000002,0.0001,0.9,0.008139345596614033,0.01298954045791474,307.03708362796283,307.03708362796283,0.0,3,268.0988980487341,True,True
1510,-25,6308,2,2.0,51.3458288658,-0.31916011165,0.0001,0.9,0.008139345596614033,0.01298954045791474,489.5508573008286,489.5508573008286,0.0,85,446.1459808417799,True,True
1511,-25,6314,2,2.0,51.393227448,-0.31477202255000003,0.0001,0.9,0.008139345596614033,0.01298954045791474,265.4789533205136,265.4789533205136,0.0,85,222.07407686146482,True,True
1512,-20,6316,2,2.0,51.41582605325,-0.2515501024,0.0001,0.9,0.008139345596614033,0.01298954045791474,316.2893838056913,316.2893838056913,0.0,60,266.4636115736149,True,True
1513,4,6317,2,2.0,51.420322054950006,0.0629615379,0.0001,0.9,0.008139345596614033,0.01298954045791474,380.37796446006405,380.37796446006405,0.0,24,350.37796446006405,True,True
1514,7,6321,2,2.0,51.4537437583,0.09864721530000001,0.0001,0.9,0.008139345596614033,0.01298954045791474,371.2246545643896,371.2246545643896,0.0,24,341.2246545643896,True,True
1515,-4,6312,2,2.0,51.3824723404,-0.042297393850000004,0.0001,0.9,0.008139345596614033,0.01298954045791474,373.36103824108744,373.36103824108744,0.0,101,299.45460610336676,True,True
1516,-17,6315,2,2.0,51.40689657165,-0.2170222415,0.0001,0.9,0.008139345596614033,0.01298954045791474,333.09044043128506,333.09044043128506,0.0,99,267.0109942327729,True,True
1517,-13,6308,2,2.0,51.34635714475,-0.16341159784999998,0.0001,0.9,0.008139345596614033,0.01298954045791474,349.61496364007587,349.61496364007587,0.0,90,285.5980014219149,True,True
1518,15,6335,2,2.0,51.564904639299996,0.19771423230000001,0.0001,0.9,0.008139345596614033,0.01298954045791474,258.95409830366225,258.95409830366225,0.0,44,228.95409830366225,True,True
1519,-38,6327,2,2.0,51.50028361555,-0.4810812567,0.0001,0.9,0.008139345596614033,0.01298954045791474,428.5004062540239,428.5004062540239,0.0,41,377.06078446033587,True,True
1520,-2,6311,2,2.0,51.3691958417,-0.0174710933,0.0001,0.9,0.008139345596614033,0.01298954045791474,313.6180125207991,313.6180125207991,0.0,1,277.6152591066111,True,True
1521,-20,6344,2,2.0,51.64358038835,-0.25467376715,0.0001,0.9,0.008139345596614033,0.01298954045791474,469.92031066806015,469.92031066806015,0.0,56,384.1607636400968,True,True
1522,12,6320,2,2.0,51.44797356455,0.1593153578,0.0001,0.9,0.008139345596614033,0.01298954045791474,282.7665374916417,282.7665374916417,0.0,7,222.0387555761615,True,True
1523,-37,6326,2,2.0,51.495882416200004,-0.47648736464999997,0.0001,0.9,0.008139345596614033,0.01298954045791474,450.8771788556363,450.8771788556363,0.0,41,399.43755706194827,True,True
1524,7,6313,2,2.0,51.388061343749996,0.0963184873,0.0001,0.9,0.008139345596614033,0.01298954045791474,300.47284911465516,300.47284911465516,0.0,65,224.38162655245037,True,True
1525,-22,6311,2,2.0,51.375239600499995,-0.2813423251,0.0001,0.9,0.008139345596614033,0.01298954045791474,327.79599107176983,327.79599107176983,0.0,85,284.3911146127211,True,True
1526,-30,6336,2,2.0,51.575170185450006,-0.3858118734,0.0001,0.9,0.008139345596614033,0.01298954045791474,366.0986976614816,366.0986976614816,0.0,63,321.1431197189006,True,True
1527,4,6318,2,2.0,51.42718654875,0.0593603657,0.0001,0.9,0.008139345596614033,0.01298954045791474,337.8416093343496,337.8416093343496,0.0,24,307.8416093343496,True,True
1528,-28,6338,2,2.0,51.59099054445,-0.35786923395000003,0.0001,0.9,0.008139345596614033,0.01298954045791474,277.71195855463253,277.71195855463253,0.0,36,212.85602454296225,True,True
1529,-26,6341,2,2.0,51.6167186016,-0.33157234645,0.0001,0.9,0.008139345596614033,0.01298954045791474,402.59712389054965,402.59712389054965,0.0,82,347.0424655521647,True,True
1530,14,6325,2,2.0,51.48190623725,0.1836205753,0.0001,0.9,0.008139345596614033,0.01298954045791474,298.0831530099947,298.0831530099947,0.0,26,255.51159768296048,True,True
1531,-27,6325,2,2.0,51.486400488849995,-0.3463531319,0.0001,0.9,0.008139345596614033,0.01298954045791474,326.34272615704486,326.34272615704486,0.0,40,272.94781120733035,True,True
1532,-17,6306,2,2.0,51.33191650285,-0.21417902215,0.0001,0.9,0.008139345596614033,0.01298954045791474,469.6310208210069,469.6310208210069,0.0,86,396.4320605764425,True,True
1533,-1,6310,2,2.0,51.36487816325,-0.0047908862,0.0001,0.9,0.008139345596614033,0.01298954045791474,307.1563367835681,307.1563367835681,0.0,1,271.15358336938016,True,True
1534,1,6313,2,2.0,51.3890365071,0.020485974599999998,0.0001,0.9,0.008139345596614033,0.01298954045791474,338.7629521539337,338.7629521539337,0.0,10,283.5652355812981,True,True
1535,-9,6305,2,2.0,51.322989336,-0.1051733163,0.0001,0.9,0.008139345596614033,0.01298954045791474,294.9761239325324,294.9761239325324,0.0,72,247.39839420553528,True,True
1536,17,6336,2,2.0,51.573361982950004,0.2243584452,0.0001,0.9,0.008139345596614033,0.01298954045791474,285.37711752094486,285.37711752094486,0.0,44,255.37711752094486,True,True
1537,-21,6318,2,2.0,51.42940895395,-0.2638782563,0.0001,0.9,0.008139345596614033,0.01298954045791474,401.79912069582525,401.79912069582525,0.0,60,351.9733484637489,True,True
1538,16,6336,2,2.0,51.575206103650004,0.2156970915,0.0001,0.9,0.008139345596614033,0.01298954045791474,288.7312520362256,288.7312520362256,0.0,44,258.7312520362256,True,True
1539,-9,6345,2,2.0,51.64951510415,-0.1091542513,0.0001,0.9,0.008139345596614033,0.01298954045791474,384.3708268107898,384.3708268107898,0.0,81,350.375146927741,True,True
1540,11,6337,2,2.0,51.580744588049996,0.15168808769999997,0.0001,0.9,0.008139345596614033,0.01298954045791474,354.65797396470816,354.65797396470816,0.0,74,280.3148568521597,True,True
1541,8,6325,2,2.0,51.48646348025,0.10923449815,0.0001,0.9,0.008139345596614033,0.01298954045791474,323.1493634618735,323.1493634618735,0.0,70,255.38420027407324,True,True
1542,-27,6322,2,2.0,51.45783763685,-0.3460749413,0.0001,0.9,0.008139345596614033,0.01298954045791474,314.28131018838724,314.28131018838724,0.0,40,260.8863952386727,True,True
1543,6,6317,2,2.0,51.4196723757,0.08892104845000001,0.0001,0.9,0.008139345596614033,0.01298954045791474,287.71454583042555,287.71454583042555,0.0,78,221.13030169276715,True,True
1544,8,6339,2,2.0,51.60012035925,0.1074108454,0.0001,0.9,0.008139345596614033,0.01298954045791474,378.2574564605726,378.2574564605726,0.0,33,264.86766306246295,True,True
1545,12,6321,2,2.0,51.45374853675,0.16011944695,0.0001,0.9,0.008139345596614033,0.01298954045791474,255.90665933566603,255.90665933566603,0.0,7,195.1788774201858,True,True
1546,4,6306,2,2.0,51.333072040649995,0.0527180491,0.0001,0.9,0.008139345596614033,0.01298954045791474,409.50108644564585,409.50108644564585,0.0,8,304.40413989045817,True,True
1547,-19,6313,2,2.0,51.388495082350005,-0.23473711525000002,0.0001,0.9,0.008139345596614033,0.01298954045791474,328.5606071755626,328.5606071755626,0.0,60,278.73483494348625,True,True
1548,-37,6330,2,2.0,51.5239669248,-0.4795857736,0.0001,0.9,0.008139345596614033,0.01298954045791474,280.69702735410897,280.69702735410897,0.0,41,229.25740556042092,True,True
1549,-31,6338,2,2.0,51.590370615400005,-0.398693368,0.0001,0.9,0.008139345596614033,0.01298954045791474,334.82725200360926,334.82725200360926,0.0,75,275.5848983660859,True,True
1550,14,6339,2,2.0,51.597586079500005,0.18653874585,0.0001,0.9,0.008139345596614033,0.01298954045791474,331.3589718841154,331.3589718841154,0.0,74,257.015854771567,True,True
1551,-10,6348,2,2.0,51.6754751111,-0.124267027,0.0001,0.9,0.008139345596614033,0.01298954045791474,497.57481463014767,497.57481463014767,0.0,3,458.63662905091894,True,True
1552,-25,6319,2,2.0,51.43550769755,-0.31801236295,0.0001,0.9,0.008139345596614033,0.01298954045791474,314.03580191587827,314.03580191587827,0.0,89,276.43524882438123,True,True
1553,13,6340,2,2.0,51.6081407656,0.17491544650000002,0.0001,0.9,0.008139345596614033,0.01298954045791474,389.34124687769105,389.34124687769105,0.0,74,314.9981297651426,True,True
1554,-12,6313,2,2.0,51.38798414215,-0.1443865084,0.0001,0.9,0.008139345596614033,0.01298954045791474,339.79266966741517,339.79266966741517,0.0,61,309.79266966741517,True,True
1555,-8,6309,2,2.0,51.355304012649995,-0.09995422085,0.0001,0.9,0.008139345596614033,0.01298954045791474,334.1366580930268,334.1366580930268,0.0,15,281.40472278919003,True,True
1556,-7,6342,2,2.0,51.6257153221,-0.08042299295,0.0001,0.9,0.008139345596614033,0.01298954045791474,321.332860013442,321.332860013442,0.0,23,223.55051980447797,True,True
1557,-24,6343,2,2.0,51.63114748135,-0.302310505,0.0001,0.9,0.008139345596614033,0.01298954045791474,427.21572505980953,427.21572505980953,0.0,82,371.66106672142456,True,True
1558,-6,6311,2,2.0,51.3745736478,-0.07593779045,0.0001,0.9,0.008139345596614033,0.01298954045791474,320.4637412532763,320.4637412532763,0.0,15,267.7318059494395,True,True
1559,-20,6336,2,2.0,51.575749739049996,-0.252515756,0.0001,0.9,0.008139345596614033,0.01298954045791474,376.75814248982954,376.75814248982954,0.0,39,295.2645754536842,True,True
1560,-10,6339,2,2.0,51.59811019125,-0.12040928165,0.0001,0.9,0.008139345596614033,0.01298954045791474,277.53016617012173,277.53016617012173,0.0,45,221.94344896056953,True,True
1561,19,6336,2,2.0,51.57659931005,0.25733269025,0.0001,0.9,0.008139345596614033,0.01298954045791474,387.5283098059432,387.5283098059432,0.0,44,357.5283098059432,True,True
1562,10,6320,2,2.0,51.4448903951,0.13359389035,0.0001,0.9,0.008139345596614033,0.01298954045791474,332.44617063642943,332.44617063642943,0.0,7,271.7183887209492,True,True
1563,14,6333,2,2.0,51.5500278067,0.18730567474999998,0.0001,0.9,0.008139345596614033,0.01298954045791474,331.907534379667,331.907534379667,0.0,44,301.907534379667,True,True
1564,-14,6337,2,2.0,51.58499876395,-0.1812785548,0.0001,0.9,0.008139345596614033,0.01298954045791474,331.34632054754087,331.34632054754087,0.0,29,273.48413697268586,True,True
1565,-25,6342,2,2.0,51.62668320335,-0.3168155843,0.0001,0.9,0.008139345596614033,0.01298954045791474,416.1829518972842,416.1829518972842,0.0,82,360.62829355889926,True,True
1566,15,6341,2,2.0,51.61611763265,0.20295218040000002,0.0001,0.9,0.008139345596614033,0.01298954045791474,375.80299202581705,375.80299202581705,0.0,35,286.0995278612238,True,True
1567,10,6333,2,2.0,51.5534322854,0.13959216935000002,0.0001,0.9,0.008139345596614033,0.01298954045791474,241.36897173596248,241.36897173596248,0.0,16,180.90649682936282,True,True
1568,-16,6313,2,2.0,51.390317129050004,-0.1971873071,0.0001,0.9,0.008139345596614033,0.01298954045791474,356.8051559293462,356.8051559293462,0.0,58,296.24685732908017,True,True
1569,-20,6312,2,2.0,51.38153597065,-0.24718075375,0.0001,0.9,0.008139345596614033,0.01298954045791474,345.1712090240228,345.1712090240228,0.0,60,295.34543679194644,True,True
1570,22,6334,2,2.0,51.5567967666,0.28992663645,0.0001,0.9,0.008139345596614033,0.01298954045791474,486.2012897299387,486.2012897299387,0.0,44,456.2012897299387,True,True
1571,-37,6340,2,2.0,51.60582249555,-0.4793496964,0.0001,0.9,0.008139345596614033,0.01298954045791474,498.7198350318296,498.7198350318296,0.0,75,439.4774813943062,True,True
1572,8,6334,2,2.0,51.55871790809999,0.11177204404999999,0.0001,0.9,0.008139345596614033,0.01298954045791474,333.3195413810438,333.3195413810438,0.0,46,303.3195413810438,True,True
1573,-18,6340,2,2.0,51.610029812600004,-0.22637885585,0.0001,0.9,0.008139345596614033,0.01298954045791474,365.267274366963,365.267274366963,0.0,56,279.50772733899964,True,True
1574,-19,6342,2,2.0,51.62285148165,-0.23680081555,0.0001,0.9,0.008139345596614033,0.01298954045791474,367.4107327881828,367.4107327881828,0.0,56,281.65118576021945,True,True
1575,10,6317,2,2.0,51.4209308409,0.13605949420000002,0.0001,0.9,0.008139345596614033,0.01298954045791474,369.51457821582756,369.51457821582756,0.0,78,302.93033407816915,True,True
1576,19,6335,2,2.0,51.56682325315,0.2569416353,0.0001,0.9,0.008139345596614033,0.01298954045791474,365.25361998135133,365.25361998135133,0.0,44,335.25361998135133,True,True
1577,-23,6318,2,2.0,51.4259663782,-0.29353167474999997,0.0001,0.9,0.008139345596614033,0.01298954045791474,373.6597985361157,373.6597985361157,0.0,50,261.2025390218818,True,True
1578,-15,6342,1,1.0,51.6269078016,-0.1846224846,5e-05,0.9,0.008139345596614033,0.01298954045791474,339.4184123992765,339.4184123992765,0.0,3,300.4802268200478,True,True
1579,20,6329,1,1.0,51.5218230977,0.2602946382,5e-05,0.9,0.008139345596614033,0.01298954045791474,497.9015503737786,497.9015503737786,0.0,44,467.9015503737786,True,True
1580,-5,6311,1,1.0,51.3749438193,-0.0525085966,5e-05,0.9,0.008139345596614033,0.01298954045791474,377.7288165637718,377.7288165637718,0.0,101,303.8223844260511,True,True
1581,-12,6347,1,1.0,51.6616007841,-0.1549557424,5e-05,0.9,0.008139345596614033,0.01298954045791474,356.73732577661184,356.73732577661184,0.0,3,317.7991401973831,True,True
1582,-30,6333,1,1.0,51.5501659733,-0.377404165,5e-05,0.9,0.008139345596614033,0.01298954045791474,266.014844547502,266.014844547502,0.0,63,221.05926660492102,True,True
1583,-18,6343,1,1.0,51.6304416552,-0.2322549502,5e-05,0.9,0.008139345596614033,0.01298954045791474,414.3807377857249,414.3807377857249,0.0,56,328.6211907577615,True,True
1584,-20,6318,1,1.0,51.4263709633,-0.2524695818,5e-05,0.9,0.008139345596614033,0.01298954045791474,379.14008759766574,379.14008759766574,0.0,60,329.3143153655894,True,True
1585,-4,6307,1,1.0,51.3399847627,-0.049445641,5e-05,0.9,0.008139345596614033,0.01298954045791474,345.27597761680863,345.27597761680863,0.0,1,309.27322420262067,True,True
1586,-12,6312,1,1.0,51.3824124874,-0.1554916519,5e-05,0.9,0.008139345596614033,0.01298954045791474,360.154937021068,360.154937021068,0.0,58,299.596638420802,True,True
1587,4,6309,1,1.0,51.3547255438,0.0527241846,5e-05,0.9,0.008139345596614033,0.01298954045791474,486.12213433791305,486.12213433791305,0.0,1,450.1193809237251,True,True
1588,-25,6344,1,1.0,51.6391654665,-0.3148317698,5e-05,0.9,0.008139345596614033,0.01298954045791474,483.6810585628035,483.6810585628035,0.0,82,428.12640022441855,True,True
1589,-16,6307,1,1.0,51.3398606229,-0.2036838171,5e-05,0.9,0.008139345596614033,0.01298954045791474,414.49480307632825,414.49480307632825,0.0,86,341.2958428317638,True,True
1590,-11,6349,1,1.0,51.6778756186,-0.1300923457,5e-05,0.9,0.008139345596614033,0.01298954045791474,489.7944957136183,489.7944957136183,0.0,3,450.85631013438956,True,True
1591,-31,6337,1,1.0,51.5842912811,-0.3967622497,5e-05,0.9,0.008139345596614033,0.01298954045791474,327.4864431932732,327.4864431932732,0.0,75,268.24408955574984,True,True
1592,-7,6305,1,1.0,51.3249987969,-0.0886818492,5e-05,0.9,0.008139345596614033,0.01298954045791474,342.22470762122407,342.22470762122407,0.0,72,294.64697789422695,True,True
1593,11,6313,1,1.0,51.3855676259,0.1444824598,5e-05,0.9,0.008139345596614033,0.01298954045791474,408.12832347814395,408.12832347814395,0.0,65,332.03710091593916,True,True
1594,4,6307,1,1.0,51.338597147,0.0606897665,5e-05,0.9,0.008139345596614033,0.01298954045791474,453.39908498435545,453.39908498435545,0.0,8,348.30213842916777,True,True
1595,-3,6342,1,1.0,51.6240523472,-0.0335363764,5e-05,0.9,0.008139345596614033,0.01298954045791474,364.5993069785816,364.5993069785816,0.0,12,275.24229587665167,True,True
1596,-13,6349,1,1.0,51.6806159844,-0.1653411523,5e-05,0.9,0.008139345596614033,0.01298954045791474,427.39286383375804,427.39286383375804,0.0,3,388.4546782545293,True,True
1597,-13,6339,1,1.0,51.6009688,-0.1644315,5e-05,0.9,0.008139345596614033,0.01298954045791474,272.69974696206657,272.69974696206657,0.0,29,214.8375633872116,True,True
1598,6,6313,1,1.0,51.3886751248,0.0785660468,5e-05,0.9,0.008139345596614033,0.01298954045791474,367.04586987588493,367.04586987588493,0.0,65,290.95464731368014,True,True
1599,-6,6308,1,1.0,51.3454915899,-0.0699842365,5e-05,0.9,0.008139345596614033,0.01298954045791474,403.44135357976154,403.44135357976154,0.0,1,367.4386001655736,True,True
1600,-13,6347,1,1.0,51.667678448,-0.1576981647,5e-05,0.9,0.008139345596614033,0.01298954045791474,374.2954548186267,374.2954548186267,0.0,3,335.35726923939797,True,True
1601,-7,6320,1,1.0,51.445094171,-0.0808586948,5e-05,0.9,0.008139345596614033,0.01298954045791474,336.96844137132183,336.96844137132183,0.0,96,288.6994561486176,True,True
1602,5,6308,1,1.0,51.3489704115,0.0725054531,5e-05,0.9,0.008139345596614033,0.01298954045791474,467.1745347832103,467.1745347832103,0.0,65,391.0833122210055,True,True
1603,-7,6348,1,1.0,51.6705957414,-0.0820087865,5e-05,0.9,0.008139345596614033,0.01298954045791474,380.48773855807235,380.48773855807235,0.0,25,316.5625267363203,True,True
1604,13,6327,1,1.0,51.5031876904,0.1817703335,5e-05,0.9,0.008139345596614033,0.01298954045791474,364.59286721521903,364.59286721521903,0.0,26,322.02131188818487,True,True
1605,-6,6307,1,1.0,51.3419531555,-0.0771837825,5e-05,0.9,0.008139345596614033,0.01298954045791474,391.61738646262137,391.61738646262137,0.0,72,344.03965673562425,True,True
1606,-26,6315,1,1.0,51.4001099243,-0.3371641302,5e-05,0.9,0.008139345596614033,0.01298954045791474,375.55285910739514,375.55285910739514,0.0,85,332.1479826483464,True,True
1607,5,6322,1,1.0,51.4614086024,0.0766016432,5e-05,0.9,0.008139345596614033,0.01298954045791474,316.20808721980205,316.20808721980205,0.0,24,286.20808721980205,True,True
1608,10,6340,1,1.0,51.6050354206,0.134989523,5e-05,0.9,0.008139345596614033,0.01298954045791474,452.01647551794326,452.01647551794326,0.0,74,377.6733584053948,True,True
1609,5,6311,1,1.0,51.3675368809,0.0768364338,5e-05,0.9,0.008139345596614033,0.01298954045791474,376.02274601966326,376.02274601966326,0.0,65,299.93152345745847,True,True
1610,6,6315,1,1.0,51.4054764916,0.0874004875999999,5e-05,0.9,0.008139345596614033,0.01298954045791474,373.7881607859214,373.7881607859214,0.0,78,307.203916648263,True,True
1611,-22,6314,1,1.0,51.3977737835,-0.2737132768,5e-05,0.9,0.008139345596614033,0.01298954045791474,305.50093951639144,305.50093951639144,0.0,60,255.6751672843151,True,True
1612,-24,6324,1,1.0,51.4811617771,-0.3114306684,5e-05,0.9,0.008139345596614033,0.01298954045791474,380.5605600048965,380.5605600048965,0.0,73,310.57002048909953,True,True
1613,5,6307,1,1.0,51.336672462,0.0763673181,5e-05,0.9,0.008139345596614033,0.01298954045791474,484.2818822875599,484.2818822875599,0.0,8,379.1849357323722,True,True
1614,11,6338,1,1.0,51.5951987193,0.1558297466,5e-05,0.9,0.008139345596614033,0.01298954045791474,354.8251428570941,354.8251428570941,0.0,74,280.48202574454564,True,True
1615,4,6312,1,1.0,51.3771724516,0.0576260169,5e-05,0.9,0.008139345596614033,0.01298954045791474,428.38279746656065,428.38279746656065,0.0,65,352.29157490435585,True,True
1616,3,6315,1,1.0,51.4044771,0.0409034,5e-05,0.9,0.008139345596614033,0.01298954045791474,320.28843610449235,320.28843610449235,0.0,10,265.09071953185673,True,True
1617,12,6340,1,1.0,51.6090335585,0.1618146732,5e-05,0.9,0.008139345596614033,0.01298954045791474,406.9383481319068,406.9383481319068,0.0,74,332.5952310193584,True,True
1618,-31,6332,1,1.0,51.539211353,-0.3914672524,5e-05,0.9,0.008139345596614033,0.01298954045791474,364.8437490272706,364.8437490272706,0.0,63,319.8881710846896,True,True
1619,-22,6313,1,1.0,51.3852242278,-0.2742369221,5e-05,0.9,0.008139345596614033,0.01298954045791474,317.8323010680129,317.8323010680129,0.0,85,274.42742460896415,True,True
1620,-33,6337,1,1.0,51.5852235031,-0.4220647594,5e-05,0.9,0.008139345596614033,0.01298954045791474,228.9008166215542,228.9008166215542,0.0,75,169.65846298403085,True,True
1621,-14,6308,1,1.0,51.3482607393,-0.1724198916,5e-05,0.9,0.008139345596614033,0.01298954045791474,359.4584391906896,359.4584391906896,0.0,90,295.4414769725286,True,True
1622,-26,6342,1,1.0,51.6214136951,-0.3315819056,5e-05,0.9,0.008139345596614033,0.01298954045791474,421.5344177641677,421.5344177641677,0.0,82,365.97975942578273,True,True
1623,13,6320,1,1.0,51.448111984,0.1739596,5e-05,0.9,0.008139345596614033,0.01298954045791474,339.52712940563833,339.52712940563833,0.0,7,278.79934749015814,True,True
1624,17,6327,1,1.0,51.5049729767,0.2263700455,5e-05,0.9,0.008139345596614033,0.01298954045791474,471.38127580966625,471.38127580966625,0.0,94,337.1810654396057,True,True
1625,18,6333,1,1.0,51.5509633266,0.2371196198,5e-05,0.9,0.008139345596614033,0.01298954045791474,310.2386295513447,310.2386295513447,0.0,44,280.2386295513447,True,True
1626,14,6338,1,1.0,51.5899438534,0.1874079589,5e-05,0.9,0.008139345596614033,0.01298954045791474,274.0957308817658,274.0957308817658,0.0,74,199.75261376921733,True,True
1627,7,6307,1,1.0,51.3400598818,0.0938250907,5e-05,0.9,0.008139345596614033,0.01298954045791474,487.43789732277156,487.43789732277156,0.0,65,411.34667476056677,True,True
1628,-36,6335,1,1.0,51.5636733484,-0.4647438528,5e-05,0.9,0.008139345596614033,0.01298954045791474,414.4787657113002,414.4787657113002,0.0,41,363.03914391761214,True,True
1629,10,6316,1,1.0,51.409400574,0.141270502,5e-05,0.9,0.008139345596614033,0.01298954045791474,414.21591882606987,414.21591882606987,0.0,78,347.63167468841147,True,True
1630,7,6337,1,1.0,51.5837946178,0.101325322,5e-05,0.9,0.008139345596614033,0.01298954045791474,352.84962228249964,352.84962228249964,0.0,46,322.84962228249964,True,True
1631,0,6308,1,1.0,51.3501894,0.0080478,5e-05,0.9,0.008139345596614033,0.01298954045791474,319.8504756964545,319.8504756964545,0.0,1,283.84772228226655,True,True
1632,-34,6340,1,1.0,51.6111195564,-0.4332306528,5e-05,0.9,0.008139345596614033,0.01298954045791474,420.5984637412081,420.5984637412081,0.0,75,361.3561101036847,True,True
1633,2,6317,1,1.0,51.4176463415,0.0364726508,5e-05,0.9,0.008139345596614033,0.01298954045791474,328.27963203386355,328.27963203386355,0.0,10,273.08191546122794,True,True
1634,-28,6317,1,1.0,51.4221788017,-0.359147725,5e-05,0.9,0.008139345596614033,0.01298954045791474,303.2027022461706,303.2027022461706,0.0,89,265.60214915467355,True,True
1635,-31,6340,1,1.0,51.6070555705,-0.4025423398,5e-05,0.9,0.008139345596614033,0.01298954045791474,404.6846748341652,404.6846748341652,0.0,75,345.44232119664184,True,True
1636,-25,6313,1,1.0,51.3906304,-0.3127741,5e-05,0.9,0.008139345596614033,0.01298954045791474,251.66877041187553,251.66877041187553,0.0,85,208.26389395282678,True,True
1637,2,6303,1,1.0,51.309540463,0.0365423026,5e-05,0.9,0.008139345596614033,0.01298954045791474,288.8651236252364,288.8651236252364,0.0,8,183.7681770700487,True,True
1638,0,6337,1,1.0,51.5837630269,0.0058080497,5e-05,0.9,0.008139345596614033,0.01298954045791474,324.7334806294316,324.7334806294316,0.0,54,294.7334806294316,True,True
1639,12,6341,1,1.0,51.612349482,0.1576082942,5e-05,0.9,0.008139345596614033,0.01298954045791474,431.4668617139219,431.4668617139219,0.0,74,357.12374460137346,True,True
1640,-27,6317,1,1.0,51.4238653,-0.3407759,5e-05,0.9,0.008139345596614033,0.01298954045791474,258.7737645852143,258.7737645852143,0.0,89,221.17321149371725,True,True
1641,-16,6341,1,1.0,51.6141315444,-0.2042434893,5e-05,0.9,0.008139345596614033,0.01298954045791474,355.9095184594592,355.9095184594592,0.0,29,298.0473348846042,True,True
1642,-17,6344,1,1.0,51.6405114616,-0.2133325874,5e-05,0.9,0.008139345596614033,0.01298954045791474,328.1525094603498,328.1525094603498,0.0,3,289.21432388112106,True,True
1643,1,6306,1,1.0,51.3272947585,0.0208120661,5e-05,0.9,0.008139345596614033,0.01298954045791474,373.5920733964625,373.5920733964625,0.0,8,268.49512684127484,True,True
1644,1,6305,1,1.0,51.320327046,0.0240065295,5e-05,0.9,0.008139345596614033,0.01298954045791474,316.30692740201033,316.30692740201033,0.0,8,211.20998084682265,True,True
1645,-37,6338,1,1.0,51.5896524767,-0.4802871524,5e-05,0.9,0.008139345596614033,0.01298954045791474,463.0,463.0,0.0,75,403.75764636247663,True,True
1646,4,6304,1,1.0,51.3150992172,0.0563100954,5e-05,0.9,0.008139345596614033,0.01298954045791474,361.7209202786949,361.7209202786949,0.0,8,256.6239737235072,True,True
1647,19,6333,1,1.0,51.5499990418,0.2470770278,5e-05,0.9,0.008139345596614033,0.01298954045791474,344.191644530689,344.191644530689,0.0,44,314.191644530689,True,True
1648,0,6344,1,1.0,51.6403598209,0.0117080118,5e-05,0.9,0.008139345596614033,0.01298954045791474,406.52914632809666,406.52914632809666,0.0,12,317.17213522616674,True,True
1649,21,6335,1,1.0,51.5690956263,0.2852463776,5e-05,0.9,0.008139345596614033,0.01298954045791474,471.17148070290045,471.17148070290045,0.0,44,441.17148070290045,True,True
1650,13,6332,1,1.0,51.5464466671,0.1709613083,5e-05,0.9,0.008139345596614033,0.01298954045791474,339.3593751797047,339.3593751797047,0.0,16,278.8969002731051,True,True
1651,14,6327,1,1.0,51.5012430597,0.1822249516,5e-05,0.9,0.008139345596614033,0.01298954045791474,355.5037501292088,355.5037501292088,0.0,26,312.93219480217465,True,True
1652,-18,6319,1,1.0,51.437141,-0.223561,5e-05,0.9,0.008139345596614033,0.01298954045791474,316.92738613650977,316.92738613650977,0.0,92,286.92738613650977,True,True
1653,-20,6343,1,1.0,51.6294034411,-0.2564512631,5e-05,0.9,0.008139345596614033,0.01298954045791474,385.4967405685722,385.4967405685722,0.0,56,299.7371935406088,True,True
1654,6,6318,1,1.0,51.4280766926,0.0792456848,5e-05,0.9,0.008139345596614033,0.01298954045791474,334.0804727552906,334.0804727552906,0.0,78,267.4962286176322,True,True
1655,-19,6343,1,1.0,51.6301904363,-0.2343470637,5e-05,0.9,0.008139345596614033,0.01298954045791474,409.10330922952284,409.10330922952284,0.0,56,323.34376220155946,True,True
1656,-16,6344,1,1.0,51.6432512135,-0.2049946793,5e-05,0.9,0.008139345596614033,0.01298954045791474,293.4124526615195,293.4124526615195,0.0,3,254.47426708229077,True,True
1657,-22,6343,1,1.0,51.6296309972,-0.273710136,5e-05,0.9,0.008139345596614033,0.01298954045791474,406.74335809728524,406.74335809728524,0.0,56,320.98381106932186,True,True
1658,10,6311,1,1.0,51.3739324429,0.1381943745,5e-05,0.9,0.008139345596614033,0.01298954045791474,382.1862098236894,382.1862098236894,0.0,65,306.0949872614846,True,True
1659,-26,6316,1,1.0,51.4101327739,-0.3360133879,5e-05,0.9,0.008139345596614033,0.01298954045791474,359.8726415384181,359.8726415384181,0.0,89,322.2720884469211,True,True
1660,22,6333,1,1.0,51.5510377329,0.2940717624,5e-05,0.9,0.008139345596614033,0.01298954045791474,506.8561910056874,506.8561910056874,0.0,44,476.8561910056874,True,True
1661,-18,6342,1,1.0,51.622185218,-0.2312384573,5e-05,0.9,0.008139345596614033,0.01298954045791474,378.3307670721835,378.3307670721835,0.0,56,292.5712200442201,True,True
1662,-33,6318,1,1.0,51.429282022,-0.4279201766,5e-05,0.9,0.008139345596614033,0.01298954045791474,406.1017585645686,406.1017585645686,0.0,28,325.3838416419808,True,True
1663,-7,6304,1,1.0,51.3151191488,-0.0869879548,5e-05,0.9,0.008139345596614033,0.01298954045791474,377.0283754785359,377.0283754785359,0.0,72,329.4506457515388,True,True
1664,-10,6301,1,1.0,51.289103121,-0.1260043962,5e-05,0.9,0.008139345596614033,0.01298954045791474,478.5886746754488,478.5886746754488,0.0,72,431.01094494845165,True,True
1665,-3,6307,1,1.0,51.3419685947,-0.0366374968,5e-05,0.9,0.008139345596614033,0.01298954045791474,300.84300849475653,300.84300849475653,0.0,1,264.8402550805685,True,True
1666,-34,6341,1,1.0,51.6175356202,-0.4363588393,5e-05,0.9,0.008139345596614033,0.01298954045791474,460.6570325083844,460.6570325083844,0.0,75,401.41467887086105,True,True
1667,6,6322,1,1.0,51.4635439941,0.0813044758,5e-05,0.9,0.008139345596614033,0.01298954045791474,337.7437292000186,337.7437292000186,0.0,24,307.7437292000186,True,True
1668,-17,6347,1,1.0,51.6624243255,-0.2080489306,5e-05,0.9,0.008139345596614033,0.01298954045791474,338.73072108408485,338.73072108408485,0.0,3,299.7925355048561,True,True
1669,-7,6306,1,1.0,51.3300980091,-0.0818641758,5e-05,0.9,0.008139345596614033,0.01298954045791474,361.68471041531774,361.68471041531774,0.0,72,314.1069806883206,True,True
1670,14,6326,1,1.0,51.4896946568,0.1947253489,5e-05,0.9,0.008139345596614033,0.01298954045791474,347.7164519002555,347.7164519002555,0.0,26,305.14489657322133,True,True
1671,-22,6336,1,1.0,51.5747575538,-0.2826203484,5e-05,0.9,0.008139345596614033,0.01298954045791474,385.1501707627098,385.1501707627098,0.0,82,329.59551242432485,True,True
1672,-10,6344,1,1.0,51.6367168569,-0.1258487806,5e-05,0.9,0.008139345596614033,0.01298954045791474,293.6313675640625,293.6313675640625,0.0,81,259.6356876810137,True,True
1673,8,6310,1,1.0,51.3646172589,0.1078827797,5e-05,0.9,0.008139345596614033,0.01298954045791474,338.1347615313023,338.1347615313023,0.0,65,262.0435389690975,True,True
1674,-30,6340,1,1.0,51.6064361892,-0.3779873821,5e-05,0.9,0.008139345596614033,0.01298954045791474,407.68816278325136,407.68816278325136,0.0,36,342.8322287715811,True,True
1675,20,6339,1,1.0,51.598942641,0.2676058955,5e-05,0.9,0.008139345596614033,0.01298954045791474,437.721250094556,437.721250094556,0.0,35,348.01778592996277,True,True
1676,2,6306,1,1.0,51.3309179186,0.0288793988,5e-05,0.9,0.008139345596614033,0.01298954045791474,380.889902553576,380.889902553576,0.0,8,275.7929559983883,True,True
1677,16,6342,1,1.0,51.6265821007,0.2149630107,5e-05,0.9,0.008139345596614033,0.01298954045791474,414.8486987026734,414.8486987026734,0.0,35,325.14523453808016,True,True
1678,-5,6348,1,1.0,51.6743188612,-0.0521814368,5e-05,0.9,0.008139345596614033,0.01298954045791474,324.0951375414189,324.0951375414189,0.0,25,260.1699257196669,True,True
1679,-21,6317,1,1.0,51.4174577782,-0.2688187843,5e-05,0.9,0.008139345596614033,0.01298954045791474,341.5451656211318,341.5451656211318,0.0,60,291.7193933890554,True,True
1680,-10,6349,1,1.0,51.6768730226,-0.1270310394,5e-05,0.9,0.008139345596614033,0.01298954045791474,494.58047250615766,494.58047250615766,0.0,3,455.64228692692893,True,True
1681,11,6316,1,1.0,51.4097843554,0.1437326631,5e-05,0.9,0.008139345596614033,0.01298954045791474,420.79720306920433,420.79720306920433,0.0,78,354.2129589315459,True,True
1682,-26,6319,1,1.0,51.4377183255,-0.3271046634,5e-05,0.9,0.008139345596614033,0.01298954045791474,267.32955583481595,267.32955583481595,0.0,89,229.72900274331894,True,True
1683,5,6304,1,1.0,51.315060823,0.0736323663,5e-05,0.9,0.008139345596614033,0.01298954045791474,426.4564151995525,426.4564151995525,0.0,8,321.3594686443648,True,True
1684,-5,6321,1,1.0,51.4512605918,-0.0597233491,5e-05,0.9,0.008139345596614033,0.01298954045791474,345.5421951984858,345.5421951984858,0.0,30,264.1902527123986,True,True
1685,-34,6339,1,1.0,51.6031981997,-0.4359995864,5e-05,0.9,0.008139345596614033,0.01298954045791474,379.0058889767598,379.0058889767598,0.0,75,319.76353533923646,True,True
1686,-28,6326,1,1.0,51.4920572738,-0.3569153831,5e-05,0.9,0.008139345596614033,0.01298954045791474,356.8874609684564,356.8874609684564,0.0,40,303.4925460187419,True,True
1687,-26,6306,1,1.0,51.3272945593,-0.3274109071,5e-05,0.9,0.008139345596614033,0.01298954045791474,604.5851169482966,604.5851169482966,0.0,85,561.1802404892478,False,False
1688,8,6338,1,1.0,51.589039064,0.1075275825,5e-05,0.9,0.008139345596614033,0.01298954045791474,391.75759061783236,391.75759061783236,0.0,46,361.75759061783236,True,True
1689,-35,6337,1,1.0,51.5790629292,-0.4422407424,5e-05,0.9,0.008139345596614033,0.01298954045791474,317.1910134143103,317.1910134143103,0.0,75,257.94865977678694,True,True
1690,-31,6321,1,1.0,51.4521047423,-0.3968848271,5e-05,0.9,0.008139345596614033,0.01298954045791474,276.1142507737221,276.1142507737221,0.0,28,195.39633385113427,True,True
1691,20,6340,1,1.0,51.6090168164,0.2600730277,5e-05,0.9,0.008139345596614033,0.01298954045791474,414.3293874684277,414.3293874684277,0.0,35,324.62592330383444,True,True
1692,-6,6348,1,1.0,51.6702001752,-0.0659203855,5e-05,0.9,0.008139345596614033,0.01298954045791474,328.61563884226103,328.61563884226103,0.0,25,264.690427020509,True,True
1693,-30,6317,1,1.0,51.4223220915,-0.3845697434,5e-05,0.9,0.008139345596614033,0.01298954045791474,379.1834671795759,379.1834671795759,0.0,89,341.5829140880789,True,True
1694,-27,6329,1,1.0,51.5192176607,-0.3414017283,5e-05,0.9,0.008139345596614033,0.01298954045791474,298.2762259876015,298.2762259876015,0.0,20,268.2762259876015,True,True
1695,-38,6328,1,1.0,51.5124704919,-0.4806233696,5e-05,0.9,0.008139345596614033,0.01298954045791474,358.6203629013727,358.6203629013727,0.0,41,307.18074110768464,True,True
1696,5,6312,1,1.0,51.3758442113,0.0743165944,5e-05,0.9,0.008139345596614033,0.01298954045791474,367.1109755826732,367.1109755826732,0.0,65,291.0197530204684,True,True
1697,10,6327,1,1.0,51.5038162364,0.1305803696,5e-05,0.9,0.008139345596614033,0.01298954045791474,395.9081941092529,395.9081941092529,0.0,26,353.33663878221876,True,True
1698,18,6341,1,1.0,51.617613158,0.2360456562,5e-05,0.9,0.008139345596614033,0.01298954045791474,372.87064610237275,372.87064610237275,0.0,35,283.1671819377795,True,True
1699,-35,6339,1,1.0,51.5998343262,-0.4515674077,5e-05,0.9,0.008139345596614033,0.01298954045791474,395.6175028873404,395.6175028873404,0.0,75,336.375149249817,True,True
1700,6,6340,1,1.0,51.6040973863,0.0906173803,5e-05,0.9,0.008139345596614033,0.01298954045791474,312.00736724583066,312.00736724583066,0.0,33,198.61757384772096,True,True
1701,15,6339,1,1.0,51.5996960695,0.2055516959,5e-05,0.9,0.008139345596614033,0.01298954045791474,312.529210824634,312.529210824634,0.0,35,222.82574666004078,True,True
1702,8,6308,1,1.0,51.3450408459,0.1093574978,5e-05,0.9,0.008139345596614033,0.01298954045791474,455.06436569960573,455.06436569960573,0.0,65,378.97314313740094,True,True
1703,9,6309,1,1.0,51.3590564591,0.1259457375,5e-05,0.9,0.008139345596614033,0.01298954045791474,395.1964714927665,395.1964714927665,0.0,65,319.1052489305617,True,True
1704,-38,6337,1,1.0,51.5834169912,-0.4838501396,5e-05,0.9,0.008139345596614033,0.01298954045791474,471.0223785297318,471.0223785297318,0.0,75,411.7800248922084,True,True
1705,19,6331,1,1.0,51.5353392241,0.2510164809,5e-05,0.9,0.008139345596614033,0.01298954045791474,412.76798193887123,412.76798193887123,0.0,44,382.76798193887123,True,True
1706,10,6328,1,1.0,51.5083143152,0.1425930583,5e-05,0.9,0.008139345596614033,0.01298954045791474,393.1841399658706,393.1841399658706,0.0,26,350.61258463883644,True,True
1707,-25,6341,1,1.0,51.6155053243,-0.3160535242,5e-05,0.9,0.008139345596614033,0.01298954045791474,357.0419319593817,357.0419319593817,0.0,82,301.48727362099675,True,True
1708,11,6340,1,1.0,51.6049196645,0.1552626564,5e-05,0.9,0.008139345596614033,0.01298954045791474,397.6688149032315,397.6688149032315,0.0,74,323.3256977906831,True,True
1709,-33,6322,1,1.0,51.4648866328,-0.423379179,5e-05,0.9,0.008139345596614033,0.01298954045791474,362.3623021793155,362.3623021793155,0.0,28,281.6443852567277,True,True
1710,-4,6306,1,1.0,51.3327118293,-0.0502710956,5e-05,0.9,0.008139345596614033,0.01298954045791474,376.04707930709776,376.04707930709776,0.0,1,340.04432589290974,True,True
1711,-10,6305,1,1.0,51.3229707097,-0.1281766399,5e-05,0.9,0.008139345596614033,0.01298954045791474,269.2923903854256,269.2923903854256,0.0,72,221.71466065842847,True,True
1712,-36,6320,1,1.0,51.445007765,-0.4549254914,5e-05,0.9,0.008139345596614033,0.01298954045791474,437.9768001305529,437.9768001305529,0.0,28,357.258883207965,True,True
1713,17,6342,1,1.0,51.6243258665,0.231210963,5e-05,0.9,0.008139345596614033,0.01298954045791474,403.53316519410987,403.53316519410987,0.0,35,313.8297010295166,True,True
1714,15,6323,1,1.0,51.4686332249,0.197970606,5e-05,0.9,0.008139345596614033,0.01298954045791474,374.22174325567426,374.22174325567426,0.0,26,331.6501879286401,True,True
1715,-8,6307,1,1.0,51.3375057543,-0.0996845556,5e-05,0.9,0.008139345596614033,0.01298954045791474,304.1362595646672,304.1362595646672,0.0,72,256.5585298376701,True,True
1716,6,6312,1,1.0,51.3806354461,0.0811959205,5e-05,0.9,0.008139345596614033,0.01298954045791474,340.987228400213,340.987228400213,0.0,65,264.8960058380082,True,True
1717,-1,6345,1,1.0,51.6462940698,-0.0105334308,5e-05,0.9,0.008139345596614033,0.01298954045791474,404.52050058083034,404.52050058083034,0.0,25,340.5952887590783,True,True
1718,2,6310,1,1.0,51.3627371407,0.0272472466,5e-05,0.9,0.008139345596614033,0.01298954045791474,400.92201465591586,400.92201465591586,0.0,1,364.9192612417279,True,True
1719,-1,6306,1,1.0,51.3347540335,-0.0110152045,5e-05,0.9,0.008139345596614033,0.01298954045791474,324.7107288102068,324.7107288102068,0.0,1,288.70797539601875,True,True
1720,9,6338,1,1.0,51.5886299145,0.1172746853,5e-05,0.9,0.008139345596614033,0.01298954045791474,413.019574438699,413.019574438699,0.0,46,383.019574438699,True,True
1721,-12,6303,1,1.0,51.3068747833,-0.1463141514,5e-05,0.9,0.008139345596614033,0.01298954045791474,404.0411152653642,404.0411152653642,0.0,72,356.4633855383671,True,True
1722,-9,6302,1,1.0,51.2977976844,-0.1108360924,5e-05,0.9,0.008139345596614033,0.01298954045791474,427.0516272572427,427.0516272572427,0.0,72,379.4738975302456,True,True
1723,-12,6344,1,1.0,51.6369121717,-0.14383749,5e-05,0.9,0.008139345596614033,0.01298954045791474,313.3598136950936,313.3598136950936,0.0,81,279.36413381204477,True,True
1724,-34,6323,1,1.0,51.4719309293,-0.4337154907,5e-05,0.9,0.008139345596614033,0.01298954045791474,378.0887789011213,378.0887789011213,0.0,38,259.24589331032905,True,True
1725,-13,6350,1,1.0,51.687531838,-0.1612670099,5e-05,0.9,0.008139345596614033,0.01298954045791474,471.4179791219517,471.4179791219517,0.0,3,432.479793542723,True,True
1726,-25,6337,1,1.0,51.5829724491,-0.3163027487,5e-05,0.9,0.008139345596614033,0.01298954045791474,349.81325535041526,349.81325535041526,0.0,36,284.957321338745,True,True
1727,-23,6319,1,1.0,51.4395575665,-0.2973428165,5e-05,0.9,0.008139345596614033,0.01298954045791474,393.88338003235236,393.88338003235236,0.0,89,356.28282694085533,True,True
1728,-2,6306,1,1.0,51.3338848073,-0.016018257,5e-05,0.9,0.008139345596614033,0.01298954045791474,325.53644448902287,325.53644448902287,0.0,1,289.5336910748349,True,True
1729,-10,6302,1,1.0,51.301082,-0.117312,5e-05,0.9,0.008139345596614033,0.01298954045791474,405.44311714460054,405.44311714460054,0.0,72,357.8653874176034,True,True
1730,-35,6335,1,1.0,51.5685629564,-0.4523605225,5e-05,0.9,0.008139345596614033,0.01298954045791474,376.2500465203801,376.2500465203801,0.0,75,317.00769288285676,True,True
1731,-36,6334,1,1.0,51.5595672608,-0.4600211571,5e-05,0.9,0.008139345596614033,0.01298954045791474,392.0504146076305,392.0504146076305,0.0,41,340.61079281394245,True,True
1732,-24,6344,1,1.0,51.6368757018,-0.3090449184,5e-05,0.9,0.008139345596614033,0.01298954045791474,465.15467898881883,465.15467898881883,0.0,82,409.60002065043386,True,True
1733,12,6329,1,1.0,51.520491543,0.1656541433,5e-05,0.9,0.008139345596614033,0.01298954045791474,414.85940748936963,414.85940748936963,0.0,94,280.65919711930906,True,True
1734,-11,6302,1,1.0,51.2956849702,-0.1313097467,5e-05,0.9,0.008139345596614033,0.01298954045791474,443.0062379971507,443.0062379971507,0.0,72,395.4285082701536,True,True
1735,20,6337,1,1.0,51.5791135558,0.2649724128,5e-05,0.9,0.008139345596614033,0.01298954045791474,419.63703600360645,419.63703600360645,0.0,44,389.63703600360645,True,True
1736,-20,6345,1,1.0,51.6520191,-0.2482739,5e-05,0.9,0.008139345596614033,0.01298954045791474,451.1695315696693,451.1695315696693,0.0,3,412.23134599044056,True,True
1737,-23,6341,1,1.0,51.6170176009,-0.2896142908,5e-05,0.9,0.008139345596614033,0.01298954045791474,343.8637065519691,343.8637065519691,0.0,82,288.3090482135841,True,True
1738,-22,6318,1,1.0,51.4261422666,-0.2746249283,5e-05,0.9,0.008139345596614033,0.01298954045791474,397.4617995954764,397.4617995954764,0.0,60,347.63602736340005,True,True
1739,-36,6332,1,1.0,51.5402110314,-0.4558733933,5e-05,0.9,0.008139345596614033,0.01298954045791474,274.4672292957689,274.4672292957689,0.0,41,223.02760750208083,True,True
1740,-11,6304,1,1.0,51.3143251532,-0.1329323732,5e-05,0.9,0.008139345596614033,0.01298954045791474,339.7002633557589,339.7002633557589,0.0,72,292.1225336287618,True,True
1741,-37,6334,1,1.0,51.5575714141,-0.4703784249,5e-05,0.9,0.008139345596614033,0.01298954045791474,378.06649119565725,378.06649119565725,0.0,41,326.6268694019692,True,True
1742,-16,6347,1,1.0,51.6629941768,-0.1989827729,5e-05,0.9,0.008139345596614033,0.01298954045791474,321.5464961339114,321.5464961339114,0.0,3,282.60831055468265,True,True
1743,5,6309,1,1.0,51.3514183782,0.0659021375,5e-05,0.9,0.008139345596614033,0.01298954045791474,470.68061130538985,470.68061130538985,0.0,65,394.58938874318505,True,True
1744,-1,6314,1,1.0,51.3992399943,-0.0091238828,5e-05,0.9,0.008139345596614033,0.01298954045791474,340.56532117449206,340.56532117449206,0.0,5,301.93699727594435,True,True
1745,-36,6340,1,1.0,51.6099278098,-0.4655270558,5e-05,0.9,0.008139345596614033,0.01298954045791474,474.96071507162696,474.96071507162696,0.0,75,415.7183614341036,True,True
1746,-33,6332,1,1.0,51.5423422895,-0.4275363582,5e-05,0.9,0.008139345596614033,0.01298954045791474,388.3548320041924,388.3548320041924,0.0,41,336.91521021050437,True,True
1747,5,6305,1,1.0,51.3207401995,0.0710133241,5e-05,0.9,0.008139345596614033,0.01298954045791474,421.1481755441849,421.1481755441849,0.0,8,316.0512289889972,True,True
1748,-33,6341,1,1.0,51.6119388545,-0.4261494789,5e-05,0.9,0.008139345596614033,0.01298954045791474,420.6899095955507,420.6899095955507,0.0,75,361.44755595802735,True,True
1749,-37,6337,1,1.0,51.5827854771,-0.4707139401,5e-05,0.9,0.008139345596614033,0.01298954045791474,422.08444212513837,422.08444212513837,0.0,75,362.842088487615,True,True
1750,-1,6348,1,1.0,51.6707185583,-0.0122019772,5e-05,0.9,0.008139345596614033,0.01298954045791474,386.75339377803283,386.75339377803283,0.0,25,322.8281819562808,True,True
1751,6,6308,1,1.0,51.3453876526,0.0892182164,5e-05,0.9,0.008139345596614033,0.01298954045791474,460.17961757563506,460.17961757563506,0.0,65,384.0883950134303,True,True
1752,7,6314,1,1.0,51.3978044754,0.0992593868,5e-05,0.9,0.008139345596614033,0.01298954045791474,369.41418222770216,369.41418222770216,0.0,65,293.32295966549736,True,True
1753,-14,6336,1,1.0,51.5719075,-0.1718625,5e-05,0.9,0.008139345596614033,0.01298954045791474,407.80177222248903,407.80177222248903,0.0,49,345.17439940284817,True,True
1754,-6,6306,1,1.0,51.3326121443,-0.0757428236,5e-05,0.9,0.008139345596614033,0.01298954045791474,384.55894713906076,384.55894713906076,0.0,72,336.98121741206364,True,True
1755,-9,6344,1,1.0,51.6371859716,-0.1156286607,5e-05,0.9,0.008139345596614033,0.01298954045791474,307.5018245615115,307.5018245615115,0.0,81,273.5061446784627,True,True
1756,-33,6333,1,1.0,51.5532141628,-0.4174209512,5e-05,0.9,0.008139345596614033,0.01298954045791474,404.8085176563005,404.8085176563005,0.0,75,345.56616401877716,True,True
1757,-34,6331,1,1.0,51.5359617899,-0.433778063,5e-05,0.9,0.008139345596614033,0.01298954045791474,355.79807634568556,355.79807634568556,0.0,41,304.3584545519975,True,True
1758,13,6341,1,1.0,51.6186854375,0.175582189,5e-05,0.9,0.008139345596614033,0.01298954045791474,452.04154000650027,452.04154000650027,0.0,74,377.69842289395183,True,True
