incident_id,incident_datetime,borough,dispatch_area,zipcode,travel_seconds,response_seconds,start_lat,start_lon,dest_lat,dest_lon,dest_source,depot_id,depot_name,depot_layer,start_source,start_mode,first_due_engine,crow_flies_km,implied_speed_kph,qc_speed_flag,qc_not_nearest_house,qc_keep,initial_call_type,final_call_type,alarm_box_borough,alarm_box_number,alarm_box_location,dispatch_wait_seconds,valid_incident_rspns_time_indc,engines_assigned_quantity,ladders_assigned_quantity,other_units_assigned_quantity,highest_alarm_level,borobox,box_lat,box_lon,box_location,incident_geocode_source,first_due_join,modzcta,nearest_firehouse_depot_id,nearest_firehouse_km
241231-M0599-004-1149,2024-12-31T23:58:30.000,MANHATTAN,599,10001,156.0,188.0,40.75326066,-74.00382216,40.75156446523435,-73.998960240437,zip_centroid,393,CSL 11 AVE & W 30 ST,csl,nearest_synthetic_csl_in_manhattan,fallback_hybrid,,0.4508841428678818,10.405018681566503,ok,False,True,Alarm System - Unnecessary,NonMedical Emergencies,MANHATTAN,599,6 AVE & W 27 ST,32,Y,1.0,1.0,1.0,First Alarm,M0599,,,,unmatched_alarm_box,no_point,10001,12,0.5971677094843669
241231-B1726-003-1148,2024-12-31T23:58:19.000,BROOKLYN,1726,11207,142.0,190.0,40.665123,-73.895447,40.66909294,-73.89710031,alarm_box,118,Engine 290/Ladder 103,fdny_firehouse,first_due_engine_290_nearest_firehouse_citywide,first_due,290.0,0.46293780601945744,11.736451420211598,ok,False,True,Odor - Other Than Smoke,NonMedical Emergencies,BROOKLYN,1726,SUTTER AVE & GEORGIA AVE,48,Y,3.0,2.0,1.0,First Alarm,B1726,40.66909294,-73.89710031,SUTTER AVE & GEORGIA AVE,alarm_box_listing,within_engine,11207,118,0.46293780601945744
241231-B1607-001-1145,2024-12-31T23:57:51.000,BROOKLYN,1607,11213,348.0,368.0,40.670443,-73.933495,40.66782448,-73.93121322,alarm_box,94,Battalion 38/Engine 234/Ladder 123,fdny_firehouse,first_due_engine_234_nearest_firehouse_citywide,first_due,234.0,0.34901675800874826,3.610518186297396,ok,False,True,Elevator Emergency - Occupied,NonMedical Emergencies,BROOKLYN,1607,UTICA AVE & UNION ST,19,Y,0.0,1.0,0.0,First Alarm,B1607,40.66782448,-73.93121322,UTICA AVE & UNION ST,alarm_box_listing,nearest_engine,11213,94,0.34901675800874826
241231-B1092-001-1144,2024-12-31T23:57:28.000,BROOKLYN,1092,11225,485.0,492.0,40.660257,-73.953293,40.65648588,-73.96007277,alarm_box,122,Engine 249/Ladder 113,fdny_firehouse,first_due_engine_249_nearest_firehouse_citywide,first_due,249.0,0.7091562334896988,5.263840083634878,ok,False,True,Medical - No PT Contact EMS is Onscene,Medical Emergencies,BROOKLYN,1092,FLATBUSH AVE & WINTHROP ST,6,Y,1.0,0.0,0.0,First Alarm,B1092,40.65648588,-73.96007277,FLATBUSH AVE & WINTHROP ST,alarm_box_listing,nearest_engine,11225,122,0.7091562334896988
241231-X3568-002-0815,2024-12-31T23:54:14.000,BRONX,3568,10467,376.0,424.0,40.87836638,-73.85892378,40.88278350178068,-73.8630654141429,zip_centroid,247,CSL BRONXWOOD AVE & E 214 ST,csl,nearest_synthetic_csl_in_bronx,fallback_hybrid,,0.6020622966736452,5.764426244747666,ok,False,True,Carbon Monoxide - Code 2 - Incident (1-9 ppm),NonMedical Emergencies,BRONX,3568,JEROME AVE & E 208 ST,47,Y,1.0,1.0,0.0,First Alarm,X3568,,,,unmatched_alarm_box,no_point,10467,67,0.8094509413065711
241231-B2146-001-1141,2024-12-31T23:50:38.000,BROOKLYN,2146,11236,138.0,160.0,40.646611,-73.903569,40.639994739197846,-73.90023555275353,zip_centroid,140,Battalion 58/Engine 257/Ladder 170,fdny_firehouse,nearest_firehouse_in_brooklyn,fallback_hybrid,,0.7876221774896244,20.546665499729333,ok,False,True,Odor - Other Than Smoke,NonMedical Emergencies,BROOKLYN,2146,FARRAGUT RD & E 108 ST,22,Y,3.0,2.0,1.0,First Alarm,B2146,,,,unmatched_alarm_box,no_point,11236,140,0.7876221774896244
241231-M1518-002-1139,2024-12-31T23:48:11.000,MANHATTAN,1518,10035,163.0,183.0,40.803297,-73.936522,40.80176638956237,-73.93752780228272,zip_centroid,30,Battalion 12/Engine 35/Ladder 14,fdny_firehouse,nearest_firehouse_in_manhattan,fallback_hybrid,,0.1900891758011482,4.198288545301432,ok,False,True,Assist Civilian - Non-Medical,NonMedical Emergencies,MANHATTAN,1518,2 AVE & E 129 ST,19,Y,3.0,2.0,1.0,First Alarm,M1518,,,,unmatched_alarm_box,no_point,10035,30,0.1900891758011482
241231-X2913-001-0811,2024-12-31T23:47:12.000,BRONX,2913,10460,302.0,350.0,40.841877,-73.883508,40.843766801299076,-73.88351491281807,zip_centroid,61,Battalion 18/Engine 45/Ladder 58,fdny_firehouse,nearest_firehouse_in_bronx,fallback_hybrid,,0.21013712141219945,2.504945818158669,ok,False,True,Alarm System - Unnecessary,NonMedical Emergencies,BRONX,2913,VYSE AVE & E 174 ST,47,Y,1.0,1.0,0.0,First Alarm,X2913,,,,unmatched_alarm_box,no_point,10460,61,0.21013712141219945
241231-Q7349-001-0717,2024-12-31T23:46:23.000,QUEENS,7349,11377,282.0,293.0,40.745278,-73.913705,40.74475604,-73.91054467,alarm_box,149,Engine 325/Ladder 163,fdny_firehouse,first_due_engine_325_nearest_firehouse_citywide,first_due,325.0,0.27249067489006923,3.478604360298756,ok,False,True,Medical - No PT Contact EMS is Onscene,Medical Emergencies,QUEENS,7349,ROOSEVELT AVE & 54 ST,11,Y,1.0,0.0,0.0,First Alarm,Q7349,40.74475604,-73.91054467,ROOSEVELT AVE & 54 ST,alarm_box_listing,within_engine,11377,149,0.27249067489006923
241231-Q5920-001-0718,2024-12-31T23:45:30.000,QUEENS,5920,11422,178.0,258.0,40.664034,-73.740698,40.66282247,-73.7393901,alarm_box,190,Engine 314,fdny_firehouse,first_due_engine_314_nearest_firehouse_citywide,first_due,314.0,0.17412157669683814,3.5215599781382996,ok,False,True,Vehicle Accident - Other,NonMedical Emergencies,QUEENS,5920,143 AVE & 241 ST,79,Y,1.0,1.0,0.0,First Alarm,Q5920,40.66282247,-73.7393901,143 AVE & 241 ST,alarm_box_listing,within_engine,11422,190,0.17412157669683814
241231-X4276-001-0808,2024-12-31T23:44:38.000,BRONX,4276,10465,245.0,300.0,40.82336032,-73.8222056,40.8265294504822,-73.82747828284283,zip_centroid,550,CSL CALHOUN AVE & CROSS BX XWAY E/B SR,csl,nearest_synthetic_csl_in_bronx,fallback_hybrid,,0.5665776633107518,8.325222807831455,ok,False,True,Utility Emergency - Water,NonMedical Emergencies,BRONX,4276,GRISWOLD AVE & BRUCKNER BLVD N/B,54,Y,1.0,1.0,0.0,First Alarm,X4276,,,,unmatched_alarm_box,no_point,10465,71,0.7578990405493475
241231-X4183-001-0807,2024-12-31T23:44:30.000,BRONX,4183,,300.0,311.0,40.821311,-73.818248,40.82059639,-73.80897677,alarm_box,72,Engine 72,fdny_firehouse,first_due_engine_72_nearest_firehouse_citywide,first_due,72.0,0.7841864494759516,9.41023739371142,ok,False,True,Non-Medical MFA - ERS,NonMedical MFAs,BRONX,4183,REYNOLDS AVE & WISSMAN AVE,10,Y,1.0,0.0,0.0,First Alarm,X4183,40.82059639,-73.80897677,REYNOLDS AVE & WISSMAN AVE,alarm_box_listing,within_engine,,72,0.7841864494759516
241231-Q5899-001-0714,2024-12-31T23:43:08.000,QUEENS,5899,11422,510.0,543.0,40.664034,-73.740698,40.65491886,-73.72638624,alarm_box,190,Engine 314,fdny_firehouse,first_due_engine_314_nearest_firehouse_citywide,first_due,314.0,1.5762900998292078,11.126753645853231,ok,False,True,Assist Civilian - Non-Medical,NonMedical Emergencies,QUEENS,5899,FRANCIS LEWIS & HOOK CREEK BLVDS/NCFD,33,Y,0.0,1.0,0.0,First Alarm,Q5899,40.65491886,-73.72638624,FRANCIS LEWIS BLVD & HOOK CREEK BLVD,alarm_box_listing,within_engine,11422,190,1.5762900998292078
241231-M1494-001-1135,2024-12-31T23:42:54.000,MANHATTAN,1494,10027,343.0,353.0,40.811921,-73.9546,40.81336926,-73.95489163,alarm_box,34,Engine 37/Ladder 40,fdny_firehouse,first_due_engine_37_nearest_firehouse_citywide,first_due,37.0,0.16289865199617634,1.7097234611843581,ok,False,True,Medical - Breathing / Ill or Sick,Medical Emergencies,MANHATTAN,1494,JUNCTION OF WEST 126 ST & W 127 ST,9,Y,1.0,0.0,0.0,First Alarm,M1494,40.81336926,-73.95489163,JUNCTION OF WEST 126 ST & W 127 ST,alarm_box_listing,within_engine,10027,34,0.16289865199617634
241231-B1609-002-1136,2024-12-31T23:42:04.000,BROOKLYN,1609,11213,515.0,521.0,40.670443,-73.933495,40.6705828,-73.93095113,alarm_box,94,Battalion 38/Engine 234/Ladder 123,fdny_firehouse,first_due_engine_234_nearest_firehouse_citywide,first_due,234.0,0.21510733083214112,1.5036628951372972,ok,False,True,Medical - No PT Contact EMS is Onscene,Medical Emergencies,BROOKLYN,1609,UTICA AVE & ST JOHNS PL,6,Y,1.0,0.0,0.0,First Alarm,B1609,40.6705828,-73.93095113,UTICA AVE & ST JOHNS PL,alarm_box_listing,nearest_engine,11213,94,0.21510733083214112
241231-B2188-002-1137,2024-12-31T23:41:44.000,BROOKLYN,2188,11236,266.0,299.0,40.646611,-73.903569,40.639994739197846,-73.90023555275353,zip_centroid,140,Battalion 58/Engine 257/Ladder 170,fdny_firehouse,nearest_firehouse_in_brooklyn,fallback_hybrid,,0.7876221774896244,10.65954826677687,ok,False,True,Non-Medical MFA - Private Fire Alarm,NonMedical MFAs,BROOKLYN,2188,AVENUE N & ROCKAWAY PWAY,32,Y,1.0,1.0,0.0,First Alarm,B2188,,,,unmatched_alarm_box,no_point,11236,140,0.7876221774896244
241231-B0684-002-1135,2024-12-31T23:40:33.000,BROOKLYN,684,11221,116.0,191.0,40.6942806,-73.92673532,40.69252111192363,-73.92555278351443,zip_centroid,271,CSL BUSHWICK AVE & STANHOPE ST,csl,nearest_synthetic_csl_in_brooklyn,fallback_hybrid,,0.21958417472707029,6.814681284633216,ok,False,True,Vehicle Accident - Other,NonMedical Emergencies,BROOKLYN,684,LEXINGTON AVE & THROOP AVE,74,Y,1.0,1.0,0.0,First Alarm,B0684,,,,unmatched_alarm_box,no_point,11221,98,0.33921669121326364
241231-B0485-001-1128,2024-12-31T23:37:22.000,BROOKLYN,485,11201,145.0,186.0,40.69373505,-73.99044693,40.69464231098107,-73.9903123087008,zip_centroid,300,CSL COURT ST & MONTAGUE ST,csl,nearest_synthetic_csl_in_brooklyn,fallback_hybrid,,0.1015192482605608,2.520477887848406,ok,False,True,Utility Emergency - Electric,NonMedical Emergencies,BROOKLYN,485,REMSEN ST & HENRY ST,41,Y,3.0,2.0,1.0,First Alarm,B0485,,,,unmatched_alarm_box,no_point,11201,85,0.5966935368478462
241231-B2367-001-1125,2024-12-31T23:36:46.000,BROOKLYN,2367,11234,264.0,274.0,40.58904772,-73.92842812,40.58390802101884,-73.92225171655224,zip_centroid,524,CSL GOTHAM AVE & SHELL BANK CREEK,csl,nearest_synthetic_csl_in_brooklyn,fallback_hybrid,,0.7737235992602498,10.55077635354886,ok,False,True,Vehicle Accident - Other,NonMedical Emergencies,BROOKLYN,2367,AVENUE H & E 56 ST,10,Y,1.0,1.0,0.0,First Alarm,B2367,,,,unmatched_alarm_box,no_point,11234,144,2.3152766833983587
241231-M0599-003-1129,2024-12-31T23:36:33.000,MANHATTAN,599,10001,404.0,435.0,40.75326066,-74.00382216,40.75156446523435,-73.998960240437,zip_centroid,393,CSL 11 AVE & W 30 ST,csl,nearest_synthetic_csl_in_manhattan,fallback_hybrid,,0.4508841428678818,4.017779490901917,ok,False,True,Alarm System - Unnecessary,NonMedical Emergencies,MANHATTAN,599,6 AVE & W 27 ST,31,Y,1.0,1.0,1.0,First Alarm,M0599,,,,unmatched_alarm_box,no_point,10001,12,0.5971677094843669
241231-M0925-003-1117,2024-12-31T23:30:55.000,MANHATTAN,925,10019,400.0,440.0,40.76598915,-73.98712184,40.76511835718409,-73.98484209984107,zip_centroid,330,CSL 9 AVE & W 54 ST,csl,nearest_synthetic_csl_in_manhattan,fallback_hybrid,,0.21502899424607097,1.9352609482146388,ok,False,True,Elevator Emergency - Occupied,NonMedical Emergencies,MANHATTAN,925,5 AVE & E 58 ST,40,Y,0.0,1.0,0.0,First Alarm,M0925,,,,unmatched_alarm_box,no_point,10019,20,0.41577256238179167
241231-B0659-001-1124,2024-12-31T23:30:47.000,BROOKLYN,659,11216,238.0,271.0,40.68023966,-73.94674916,40.68141528070829,-73.9467295192618,zip_centroid,429,CSL NEW YORK AVE & FULTON ST,csl,nearest_synthetic_csl_in_brooklyn,fallback_hybrid,,0.130733549693534,1.9774822642719432,ok,False,True,Alarm System - Defective,NonMedical Emergencies,BROOKLYN,659,NOSTRAND AVE & GREENE AVE,33,Y,2.0,1.0,1.0,First Alarm,B0659,,,,unmatched_alarm_box,no_point,11216,101,0.5571924447580264
241231-B3303-001-1123,2024-12-31T23:28:54.000,BROOKLYN,3303,11235,308.0,349.0,40.58719508,-73.95325196,40.58434612826166,-73.94889917083387,zip_centroid,491,CSL SHEEPSHEAD BAY RD & E 16 ST,csl,nearest_synthetic_csl_in_brooklyn,fallback_hybrid,,0.4852465140259243,5.6717125016017125,ok,False,True,Alarm System - Defective,NonMedical Emergencies,BROOKLYN,3303,VOORHIES AVE & SHEEPSHEAD BAY RD,41,Y,3.0,2.0,1.0,First Alarm,B3303,,,,unmatched_alarm_box,no_point,11235,143,0.8878958156944061
241231-M0984-001-1116,2024-12-31T23:28:44.000,MANHATTAN,984,10023,131.0,170.0,40.774562,-73.984225,40.77542927,-73.98397151,alarm_box,21,Engine 40/Ladder 35,fdny_firehouse,first_due_engine_40_nearest_firehouse_citywide,first_due,40.0,0.09877008045218609,2.7142922872356485,ok,False,True,Utility Emergency - Electric,NonMedical Emergencies,MANHATTAN,984,AMSTERDAM AVE & W 67 ST,39,Y,1.0,1.0,1.0,First Alarm,M0984,40.77542927,-73.98397151,AMSTERDAM AVE & W 67 ST,alarm_box_listing,nearest_engine,10023,21,0.09877008045218609
241231-X3808-001-0802,2024-12-31T23:27:53.000,BRONX,3808,10466,235.0,278.0,40.893028,-73.85531,40.89092141,-73.85198098,alarm_box,69,Battalion 15/Engine 63/Ladder 39,fdny_firehouse,first_due_engine_63_nearest_firehouse_citywide,first_due,63.0,0.36492912004936956,5.590403541181831,ok,False,True,Private Dwelling Fire,Structural Fires,BRONX,3808,BRONXWOOD AVE & E 232 ST,43,Y,1.0,1.0,0.0,First Alarm,X3808,40.89092141,-73.85198098,BRONXWOOD AVE & E 232 ST,alarm_box_listing,nearest_engine,10466,69,0.36492912004936956
241231-Q1048-004-0707,2024-12-31T23:27:43.000,QUEENS,1048,11691,163.0,215.0,40.604819,-73.75213,40.60580985,-73.75137312,alarm_box,196,Engine 264/Engine 328/Ladder 134,fdny_firehouse,first_due_engine_328_nearest_firehouse_citywide,first_due,328.0,0.12736480532536107,2.8129650255907968,ok,False,True,Alarm System - Unnecessary,NonMedical Emergencies,QUEENS,1048,CENTRAL AVE & BAYPORT PL,52,Y,3.0,2.0,1.0,First Alarm,Q1048,40.60580985,-73.75137312,CENTRAL AVE & BAYPORT PL,alarm_box_listing,within_engine,11691,196,0.12736480532536107
241231-X2852-007-0800,2024-12-31T23:24:50.000,BRONX,2852,10472,323.0,360.0,40.83162392,-73.8672577,40.829582775437075,-73.86602876799958,zip_centroid,388,CSL WESTCHESTER AVE & ST LAWRENCE AVE,csl,nearest_synthetic_csl_in_bronx,fallback_hybrid,,0.24940708876225945,2.779769410353356,ok,False,True,Odor - Other Than Smoke,NonMedical Emergencies,BRONX,2852,ST LAWRENCE AVE & WATSON AVE,36,Y,2.0,2.0,1.0,First Alarm,X2852,,,,unmatched_alarm_box,no_point,10472,63,0.7851658965030821
241231-M0487-001-1111,2024-12-31T23:24:08.000,MANHATTAN,487,10003,136.0,174.0,40.73199633,-73.99021191,40.73119810373629,-73.99107143819182,zip_centroid,452,CSL 4 AVE & E 11 ST,csl,nearest_synthetic_csl_in_manhattan,fallback_hybrid,,0.1145574451553363,3.032402959994196,ok,False,True,Defective Oil Burner,NonMedical Emergencies,MANHATTAN,487,PARK AVE S & E 18 ST,37,Y,1.0,1.0,0.0,First Alarm,M0487,,,,unmatched_alarm_box,no_point,10003,10,0.25144160070443844
241231-Q6432-001-0706,2024-12-31T23:23:24.000,QUEENS,6432,11362,305.0,315.0,40.76677,-73.742328,40.75787438,-73.73742699,alarm_box,175,Engine 313/Ladder 164,fdny_firehouse,first_due_engine_313_nearest_firehouse_citywide,first_due,313.0,1.071818037725886,12.650967002666194,ok,False,True,Medical - No PT Contact EMS is Onscene,Medical Emergencies,QUEENS,6432,HARDING XWAY S & 244 ST,9,Y,1.0,0.0,0.0,First Alarm,Q6432,40.75787438,-73.73742699,HARDING XWAY S & 244 ST,alarm_box_listing,nearest_engine,11362,175,1.071818037725886
241231-B1205-002-1121,2024-12-31T23:18:02.000,BROOKLYN,1205,11215,265.0,313.0,40.66495,-73.981452,40.66013749,-73.98391793,alarm_box,91,Engine 220/Ladder 122,fdny_firehouse,first_due_engine_220_nearest_firehouse_citywide,first_due,220.0,0.5741281259678208,7.799476428242094,ok,False,True,Non-Medical 10-91 (Unnecessary Alarm),NonMedical Emergencies,BROOKLYN,1205,8 AVE & PROSPECT AVE,48,Y,1.0,0.0,0.0,First Alarm,B1205,40.66013749,-73.98391793,8 AVE & PROSPECT AVE,alarm_box_listing,nearest_engine,11215,91,0.5741281259678208
241231-B0917-001-1119,2024-12-31T23:16:35.000,BROOKLYN,917,11213,507.0,538.0,40.670443,-73.933495,40.67519004,-73.93329805,alarm_box,94,Battalion 38/Engine 234/Ladder 123,fdny_firehouse,first_due_engine_234_nearest_firehouse_citywide,first_due,234.0,0.5281080307665927,3.749879508401842,ok,False,True,Utility Emergency - Water,NonMedical Emergencies,BROOKLYN,917,SCHENECTADY AVE & BERGEN ST,31,Y,0.0,1.0,0.0,First Alarm,B0917,40.67519004,-73.93329805,SCHENECTADY AVE & BERGEN ST,alarm_box_listing,within_engine,11213,94,0.5281080307665927
241231-X2558-003-0794,2024-12-31T23:14:40.000,BRONX,2558,10459,315.0,356.0,40.82679445,-73.89191272,40.82565518017367,-73.89260405134473,zip_centroid,348,CSL SOUTHERN BLVD & E 167 ST,csl,nearest_synthetic_csl_in_bronx,fallback_hybrid,,0.1393977411416439,1.5931170416187876,ok,False,True,Elevator Emergency - Occupied,NonMedical Emergencies,BRONX,2558,UNION AVE & HOME ST,41,Y,0.0,1.0,0.0,First Alarm,X2558,,,,unmatched_alarm_box,no_point,10459,59,0.39016622458868444
241231-B0078-001-1116,2024-12-31T23:12:15.000,BROOKLYN,78,11222,371.0,379.0,40.736398,-73.933203,40.7280998,-73.93818933,alarm_box,150,Battalion 45/Engine 259/Ladder 128,fdny_firehouse,first_due_engine_259_nearest_firehouse_citywide,first_due,259.0,1.0138697886162251,9.838089593041538,ok,False,True,Medical - Breathing / Ill or Sick,Medical Emergencies,BROOKLYN,78,BRIDGEWATER ST & APOLLO ST,8,Y,1.0,0.0,0.0,First Alarm,B0078,40.7280998,-73.93818933,BRIDGEWATER ST & APOLLO ST,alarm_box_listing,nearest_engine,11222,150,1.0138697886162251
241231-M0467-006-1100,2024-12-31T23:11:55.000,MANHATTAN,467,10009,233.0,278.0,40.731494,-73.983407,40.7277487,-73.97617988,alarm_box,7,Engine 5,fdny_firehouse,first_due_engine_5_nearest_firehouse_citywide,first_due,5.0,0.7377631481837615,11.398915594255543,ok,False,True,Utility Emergency - Steam,NonMedical Emergencies,MANHATTAN,467,E 13 ST & AVE C/LOISAIDA AVE,44,Y,3.0,2.0,1.0,First Alarm,M0467,40.7277487,-73.97617988,E 13 ST & AVE C/LOISAIDA AVE,alarm_box_listing,nearest_engine,10009,7,0.7377631481837615
241231-B3766-001-1114,2024-12-31T23:10:50.000,BROOKLYN,3766,11218,176.0,189.0,40.651175,-73.975574,40.65034973,-73.97474942,alarm_box,126,Battalion 48/Engine 240,fdny_firehouse,first_due_engine_240_nearest_firehouse_citywide,first_due,240.0,0.11515260208336363,2.355394133523347,ok,False,True,Medical - No PT Contact EMS is Onscene,Medical Emergencies,BROOKLYN,3766,OCEAN PWAY & E 7 ST,13,Y,1.0,0.0,0.0,First Alarm,B3766,40.65034973,-73.97474942,OCEAN PWAY & E 7 ST,alarm_box_listing,within_engine,11218,126,0.11515260208336363
241231-B2036-001-1113,2024-12-31T23:07:25.000,BROOKLYN,2036,,273.0,298.0,40.669446,-73.865383,40.66384044,-73.87839557,alarm_box,120,Battalion 39/Engine 225/Ladder 107,fdny_firehouse,first_due_engine_225_nearest_firehouse_citywide,first_due,225.0,1.2621649777410653,16.643933772409653,ok,False,True,Assist Civilian - Non-Medical,NonMedical Emergencies,BROOKLYN,2036,LINDEN BLVD & LINWOOD ST,24,Y,1.0,1.0,1.0,First Alarm,B2036,40.66384044,-73.87839557,LINDEN BLVD & LINWOOD ST,alarm_box_listing,within_engine,,120,1.2621649777410653
241231-X2571-001-0786,2024-12-31T23:05:55.000,BRONX,2571,10452,445.0,449.0,40.836659,-73.926919,40.83481126,-73.92398192,alarm_box,52,Engine 68/Ladder 49,fdny_firehouse,first_due_engine_68_nearest_firehouse_citywide,first_due,68.0,0.32135387064593834,2.599716706349164,ok,False,True,Medical - Breathing / Ill or Sick,Medical Emergencies,BRONX,2571,JEROME AVE 100 N OF W 166 ST,4,Y,1.0,0.0,0.0,First Alarm,X2571,40.83481126,-73.92398192,JEROME AVE 100' N OF W 166 ST,alarm_box_listing,within_engine,10452,52,0.32135387064593834
241231-Q9749-001-0702,2024-12-31T23:05:37.000,QUEENS,9749,11366,334.0,365.0,40.738158,-73.793385,40.72814237653198,-73.79323244747195,zip_centroid,173,Engine 299/Ladder 152,fdny_firehouse,nearest_firehouse_in_queens,fallback_hybrid,,1.1137606924420662,12.00460626584263,ok,False,True,Utility Emergency - Gas,NonMedical Emergencies,QUEENS,9749,75 AVE & 193 ST,30,Y,2.0,2.0,1.0,First Alarm,Q9749,,,,unmatched_alarm_box,no_point,11366,173,1.1137606924420662
241231-B2343-002-1112,2024-12-31T23:05:33.000,BROOKLYN,2343,11236,358.0,424.0,40.646611,-73.903569,40.639994739197846,-73.90023555275353,zip_centroid,140,Battalion 58/Engine 257/Ladder 170,fdny_firehouse,nearest_firehouse_in_brooklyn,fallback_hybrid,,0.7876221774896244,7.920223013862144,ok,False,True,Alarm System - Unnecessary,NonMedical Emergencies,BROOKLYN,2343,PAERDEGAT AVENUE N & PAERDEGAT 9 ST,65,Y,1.0,1.0,0.0,First Alarm,B2343,,,,unmatched_alarm_box,no_point,11236,140,0.7876221774896244
241231-M1444-003-1095,2024-12-31T23:05:21.000,MANHATTAN,1444,10035,315.0,339.0,40.803297,-73.936522,40.79764056,-73.93126734,alarm_box,30,Battalion 12/Engine 35/Ladder 14,fdny_firehouse,first_due_engine_35_nearest_firehouse_citywide,first_due,35.0,0.7689159170537846,8.787610480614681,ok,False,True,Elevator Emergency - Occupied,NonMedical Emergencies,MANHATTAN,1444,PLEASANT AVE & E 120 ST,23,Y,0.0,1.0,0.0,First Alarm,M1444,40.79764056,-73.93126734,PLEASANT AVE & E 120 ST,alarm_box_listing,within_engine,10035,30,0.7689159170537846
241231-X2381-003-0781,2024-12-31T23:02:39.000,BRONX,2381,10451,648.0,685.0,40.82971,-73.908118,40.82406664,-73.90870859,alarm_box,51,Battalion 26/Engine 50/Ladder 19,fdny_firehouse,first_due_engine_50_nearest_firehouse_citywide,first_due,50.0,0.6294774658378745,3.497097032432636,ok,False,True,Elevator Emergency - Occupied,NonMedical Emergencies,BRONX,2381,3 AVE & E 163 ST,37,Y,0.0,1.0,0.0,First Alarm,X2381,40.82406664,-73.90870859,3 AVE & E 163 ST,alarm_box_listing,within_engine,10451,51,0.6294774658378745
241231-X3623-001-0779,2024-12-31T23:02:31.000,BRONX,3623,10467,259.0,279.0,40.876269,-73.867362,40.87686042,-73.85975142,alarm_box,67,Engine 62/Ladder 32,fdny_firehouse,first_due_engine_62_nearest_firehouse_citywide,first_due,62.0,0.6432440447034325,8.940843864603695,ok,False,True,Assist Civilian - Non-Medical,NonMedical Emergencies,BRONX,3623,BRONXWOOD AVE & TILDEN ST,20,Y,0.0,2.0,0.0,First Alarm,X3623,40.87686042,-73.85975142,BRONXWOOD AVE & TILDEN ST,alarm_box_listing,nearest_engine,10467,67,0.6432440447034325
241231-B1620-008-1104,2024-12-31T23:01:45.000,BROOKLYN,1620,11213,414.0,436.0,40.674781,-73.921728,40.67473588,-73.92499591,alarm_box,95,Engine 227,fdny_firehouse,nearest_firehouse_in_brooklyn,fallback_hybrid,,0.2756371022632519,2.396844367506538,ok,False,True,Elevator Emergency - Occupied,NonMedical Emergencies,BROOKLYN,1620,BUFFALO AVE & BERGEN ST,21,Y,0.0,1.0,0.0,First Alarm,B1620,40.67473588,-73.92499591,BUFFALO AVE & BERGEN ST,alarm_box_listing,outside_polygons,11213,95,0.2756371022632519
241231-B1487-001-1103,2024-12-31T23:01:30.000,BROOKLYN,1487,11219,258.0,290.0,40.640182,-73.990752,40.64293886,-73.99464046,alarm_box,127,Engine 282/Ladder 148,fdny_firehouse,first_due_engine_282_nearest_firehouse_citywide,first_due,282.0,0.44901387183559227,6.265309839566403,ok,False,True,Elevator Emergency - Occupied,NonMedical Emergencies,BROOKLYN,1487,10 AVE & 42 ST,31,Y,0.0,1.0,0.0,First Alarm,B1487,40.64293886,-73.99464046,10 AVE & 42 ST,alarm_box_listing,within_engine,11219,127,0.44901387183559227
241231-B1698-006-1101,2024-12-31T23:00:41.000,BROOKLYN,1698,11212,272.0,322.0,40.67057,-73.907891,40.66798883,-73.90446421,alarm_box,115,Battalion 44/Engine 231/Ladder 120,fdny_firehouse,first_due_engine_231_nearest_firehouse_citywide,first_due,231.0,0.4073150285740513,5.3909342017153845,ok,False,True,Elevator Emergency - Occupied,NonMedical Emergencies,BROOKLYN,1698,SUTTER AVE & SACKMAN ST,50,Y,0.0,1.0,0.0,First Alarm,B1698,40.66798883,-73.90446421,SUTTER AVE & SACKMAN ST,alarm_box_listing,within_engine,11212,115,0.4073150285740513
241231-B0601-001-1099,2024-12-31T22:59:41.000,BROOKLYN,601,11205,190.0,217.0,40.69620749,-73.96158556,40.696519702454395,-73.96636995753218,zip_centroid,536,CSL PARK AVE & CLASSON AVE,csl,nearest_synthetic_csl_in_brooklyn,fallback_hybrid,,0.40484130897494675,7.670677433209518,ok,False,True,Elevator Emergency - Occupied,NonMedical Emergencies,BROOKLYN,601,MYRTLE AVE & ST EDWARDS ST,26,Y,0.0,1.0,0.0,First Alarm,B0601,,,,unmatched_alarm_box,no_point,11205,104,0.6405578547268305
241231-X2874-002-0778,2024-12-31T22:58:49.000,BRONX,2874,10472,377.0,403.0,40.822986,-73.869357,40.82968712,-73.86776219,alarm_box,63,Engine 96/Ladder 54,fdny_firehouse,first_due_engine_96_nearest_firehouse_citywide,first_due,96.0,0.7571169163644713,7.229763657591769,ok,False,True,Elevator Emergency - Occupied,NonMedical Emergencies,BRONX,2874,GLEASON AVE & COMMONWEALTH AVE,26,Y,0.0,1.0,0.0,First Alarm,X2874,40.82968712,-73.86776219,GLEASON AVE & COMMONWEALTH AVE,alarm_box_listing,within_engine,10472,63,0.7571169163644713
241231-X3896-003-0777,2024-12-31T22:58:29.000,BRONX,3896,10466,370.0,374.0,40.893028,-73.85531,40.89623159,-73.85820221,alarm_box,69,Battalion 15/Engine 63/Ladder 39,fdny_firehouse,first_due_engine_63_nearest_firehouse_citywide,first_due,63.0,0.4312692195878949,4.19613294734168,ok,False,True,Medical - Breathing / Ill or Sick,Medical Emergencies,BRONX,3896,MATILDA AVE & E 236 ST,4,Y,1.0,0.0,0.0,First Alarm,X3896,40.89623159,-73.85820221,MATILDA AVE & E 236 ST,alarm_box_listing,nearest_engine,10466,69,0.4312692195878949
241231-X2136-001-0775,2024-12-31T22:58:13.000,BRONX,2136,10454,774.0,786.0,40.813163,-73.922146,40.80780932,-73.92383712,alarm_box,48,Battalion 14/Engine 60/Ladder 17,fdny_firehouse,first_due_engine_60_nearest_firehouse_citywide,first_due,60.0,0.6120793961888408,2.846880912506236,ok,False,True,Medical - No PT Contact EMS is Onscene,Medical Emergencies,BRONX,2136,WILLIS AVE & E 136 ST,11,Y,1.0,0.0,0.0,First Alarm,X2136,40.80780932,-73.92383712,WILLIS AVE & E 136 ST,alarm_box_listing,within_engine,10454,48,0.6120793961888408
241231-Q6894-001-0700,2024-12-31T22:56:23.000,QUEENS,6894,11411,507.0,516.0,40.69288885,-73.75375229,40.69460421026876,-73.73596622950046,zip_centroid,675,CSL 118 AVE & 198 ST,csl,nearest_synthetic_csl_in_queens,fallback_hybrid,,1.51160034285558,10.733256872347313,ok,False,True,Medical - No PT Contact EMS is Onscene,Medical Emergencies,QUEENS,6894,120 AVE & 238 ST/NCFD,8,Y,1.0,0.0,0.0,First Alarm,Q6894,,,,unmatched_alarm_box,no_point,11411,188,1.6675886283624606
241231-B3002-001-1096,2024-12-31T22:55:35.000,BROOKLYN,3002,11234,158.0,173.0,40.58904772,-73.92842812,40.58390802101884,-73.92225171655224,zip_centroid,524,CSL GOTHAM AVE & SHELL BANK CREEK,csl,nearest_synthetic_csl_in_brooklyn,fallback_hybrid,,0.7737235992602498,17.62914529960063,ok,False,True,Medical - No PT Contact EMS is Onscene,Medical Emergencies,BROOKLYN,3002,FILLMORE AVE & HENDRICKSON ST,14,Y,1.0,0.0,0.0,First Alarm,B3002,,,,unmatched_alarm_box,no_point,11234,144,2.3152766833983587
241231-B1049-001-1097,2024-12-31T22:55:02.000,BROOKLYN,1049,11203,306.0,356.0,40.660257,-73.953293,40.65743234,-73.94509416,alarm_box,122,Engine 249/Ladder 113,fdny_firehouse,first_due_engine_249_nearest_firehouse_citywide,first_due,249.0,0.7595751822920878,8.936178615201031,ok,False,True,Alarm System - Unnecessary,NonMedical Emergencies,BROOKLYN,1049,BROOKLYN AVE & WINTHROP ST,50,Y,1.0,1.0,1.0,First Alarm,B1049,40.65743234,-73.94509416,BROOKLYN AVE & WINTHROP ST,alarm_box_listing,nearest_engine,11203,122,0.7595751822920878
241231-X2139-001-0771,2024-12-31T22:54:35.000,BRONX,2139,10454,235.0,267.0,40.813163,-73.922146,40.80937983,-73.92563786,alarm_box,48,Battalion 14/Engine 60/Ladder 17,fdny_firehouse,first_due_engine_60_nearest_firehouse_citywide,first_due,60.0,0.5131515977303791,7.861045752465381,ok,False,True,Elevator Emergency - Occupied,NonMedical Emergencies,BRONX,2139,ALEXANDER AVE & E 137 ST,31,Y,0.0,1.0,0.0,First Alarm,X2139,40.80937983,-73.92563786,ALEXANDER AVE & E 137 ST,alarm_box_listing,within_engine,10454,48,0.5131515977303791
241231-B1066-002-1095,2024-12-31T22:53:35.000,BROOKLYN,1066,11216,279.0,285.0,40.673473,-73.961641,40.6732939,-73.9570204,alarm_box,93,Engine 280/Ladder 132,fdny_firehouse,first_due_engine_280_nearest_firehouse_citywide,first_due,280.0,0.3901839395948519,5.0346314786432504,ok,False,True,Medical - No PT Contact EMS is Onscene,Medical Emergencies,BROOKLYN,1066,FRANKLIN AVE & STERLING PL,6,Y,1.0,0.0,0.0,First Alarm,B1066,40.6732939,-73.9570204,FRANKLIN AVE & STERLING PL,alarm_box_listing,within_engine,11216,93,0.3901839395948519
241231-B2637-001-1093,2024-12-31T22:53:20.000,BROOKLYN,2637,11220,194.0,208.0,40.638157,-74.025161,40.63889901,-74.01676837,alarm_box,129,Engine 241/Ladder 109,fdny_firehouse,first_due_engine_241_nearest_firehouse_citywide,first_due,241.0,0.7129473232072467,13.229950327557155,ok,False,True,Non-Medical MFA - Phone,NonMedical MFAs,BROOKLYN,2637,5 AVE & 61 ST,13,Y,3.0,2.0,1.0,First Alarm,B2637,40.63889901,-74.01676837,5 AVE & 61 ST,alarm_box_listing,nearest_engine,11220,129,0.7129473232072467
241231-Q7134-001-0698,2024-12-31T22:49:21.000,QUEENS,7134,11101,337.0,376.0,40.744986,-73.951755,40.74598173,-73.94160497,alarm_box,148,Engine 258/Ladder 115,fdny_firehouse,first_due_engine_258_nearest_firehouse_citywide,first_due,258.0,0.8622086184891485,9.21053717080396,ok,False,True,Sprinkler System - Malfunction,NonMedical Emergencies,QUEENS,7134,THOMSON AVE OPP 44 DR,38,Y,1.0,1.0,1.0,First Alarm,Q7134,40.74598173,-73.94160497,THOMSON AVE OPP 44 RD,alarm_box_listing,nearest_engine,11101,148,0.8622086184891485
241231-B3366-001-1086,2024-12-31T22:47:34.000,BROOKLYN,3366,11223,264.0,328.0,40.59095287,-73.96651951,40.596569205923075,-73.9725315057552,zip_centroid,555,CSL AVENUE X & E 4 ST,csl,nearest_synthetic_csl_in_brooklyn,fallback_hybrid,,0.8047926846886092,10.974445700299217,ok,False,True,Demolition Debris or Rubbish Fire,NonStructural Fires,BROOKLYN,3366,AVENUE R & OCEAN PWAY,64,Y,1.0,0.0,0.0,First Alarm,B3366,,,,unmatched_alarm_box,no_point,11223,138,0.9139687266603
241231-X3064-003-0767,2024-12-31T22:47:14.000,BRONX,3064,10460,425.0,430.0,40.841877,-73.883508,40.843766801299076,-73.88351491281807,zip_centroid,61,Battalion 18/Engine 45/Ladder 58,fdny_firehouse,nearest_firehouse_in_bronx,fallback_hybrid,,0.21013712141219945,1.7799850284327483,ok,False,True,Medical - Breathing / Ill or Sick,Medical Emergencies,BRONX,3064,WHITE PLAINS RD & ARCHER ST,5,Y,1.0,0.0,0.0,First Alarm,X3064,,,,unmatched_alarm_box,no_point,10460,61,0.21013712141219945
241231-B1269-003-1080,2024-12-31T22:42:48.000,BROOKLYN,1269,11215,279.0,302.0,40.66495,-73.981452,40.66803081,-73.98394302,alarm_box,91,Engine 220/Ladder 122,fdny_firehouse,first_due_engine_220_nearest_firehouse_citywide,first_due,220.0,0.40186645640070456,5.185373630976833,ok,False,True,Assist Civilian - Non-Medical,NonMedical Emergencies,BROOKLYN,1269,6 AVE & 9 ST,23,Y,0.0,1.0,0.0,First Alarm,B1269,40.66803081,-73.98394302,6 AVE & 9 ST,alarm_box_listing,within_engine,11215,91,0.40186645640070456
241231-X3625-001-0762,2024-12-31T22:41:51.000,BRONX,3625,10467,375.0,411.0,40.87836638,-73.85892378,40.88278350178068,-73.8630654141429,zip_centroid,247,CSL BRONXWOOD AVE & E 214 ST,csl,nearest_synthetic_csl_in_bronx,fallback_hybrid,,0.6020622966736452,5.7797980480669935,ok,False,True,Elevator Emergency - Occupied,NonMedical Emergencies,BRONX,3625,BRONX BLVD & E 213 ST,36,Y,0.0,1.0,0.0,First Alarm,X3625,,,,unmatched_alarm_box,no_point,10467,67,0.8094509413065711
241231-X2284-002-0761,2024-12-31T22:40:48.000,BRONX,2284,10455,292.0,334.0,40.815274,-73.903785,40.81717958,-73.90664953,alarm_box,77,Engine 73/Ladder 42,fdny_firehouse,first_due_engine_73_nearest_firehouse_citywide,first_due,73.0,0.32094806020024946,3.9568938928797883,ok,False,True,Assist Civilian - Non-Medical,NonMedical Emergencies,BRONX,2284,WESTCHESTER AVE & FOREST AVE,41,Y,0.0,1.0,0.0,First Alarm,X2284,40.81717958,-73.90664953,WESTCHESTER AVE & FOREST AVE,alarm_box_listing,within_engine,10455,77,0.32094806020024946
241231-Q1377-002-0693,2024-12-31T22:38:03.000,QUEENS,1377,11694,201.0,232.0,40.580747,-73.838055,40.58031579,-73.83542449,alarm_box,192,Engine 268/Ladder 137,fdny_firehouse,first_due_engine_268_nearest_firehouse_citywide,first_due,268.0,0.22726665313161523,4.0704475187751985,ok,False,True,Utility Emergency - Electric,NonMedical Emergencies,QUEENS,1377,ROCKAWAY BEACH BLVD & BEACH 114 ST,30,Y,1.0,0.0,0.0,First Alarm,Q1377,40.58031579,-73.83542449,ROCKAWAY BEACH BLVD & BEACH 114 ST,alarm_box_listing,within_engine,11694,192,0.22726665313161523
241231-Q9172-002-0687,2024-12-31T22:34:10.000,QUEENS,9172,11374,477.0,504.0,40.72266126,-73.86765927,40.723721868262075,-73.8622223191579,zip_centroid,688,CSL PENELOPE AVE & WOODHAVEN BLVD,csl,nearest_synthetic_csl_in_queens,fallback_hybrid,,0.47311371036301586,3.5706695121737044,ok,False,True,Utility Emergency - Water,NonMedical Emergencies,QUEENS,9172,99 ST & 65 RD,27,Y,0.0,1.0,0.0,First Alarm,Q9172,,,,unmatched_alarm_box,no_point,11374,165,1.6383984991300609
241231-X4723-008-0755,2024-12-31T22:33:38.000,BRONX,4723,10453,257.0,287.0,40.854655,-73.917286,40.85151287,-73.92307421,alarm_box,56,Engine 43/Ladder 59,fdny_firehouse,first_due_engine_43_nearest_firehouse_citywide,first_due,43.0,0.5992271171997257,8.393842886844405,ok,False,True,Utility Emergency - Gas,NonMedical Emergencies,BRONX,4723,10 RICHMAN PLZ/SEDGWICK AV & W 176 ST,29,Y,2.0,2.0,1.0,First Alarm,X4723,40.85151287,-73.92307421,10 RICHMAN PLZ/SEDGWICK AV & W 176 ST,alarm_box_listing,within_engine,10453,56,0.5992271171997257
241231-M0133-001-1061,2024-12-31T22:32:47.000,MANHATTAN,133,10038,664.0,695.0,40.709971,-74.005395,40.71277747,-74.00166079,alarm_box,1,Engine 6,fdny_firehouse,first_due_engine_6_nearest_firehouse_citywide,first_due,6.0,0.44322419842033084,2.403022762519866,ok,False,True,Elevator Emergency - Occupied,NonMedical Emergencies,MANHATTAN,133,PARK ROW 200 N OF PEARL ST,31,Y,0.0,1.0,0.0,First Alarm,M0133,40.71277747,-74.00166079,PARK ROW 200' N OF PEARL ST,alarm_box_listing,within_engine,10038,1,0.44322419842033084
241231-M1540-002-1059,2024-12-31T22:31:40.000,MANHATTAN,1540,10027,500.0,527.0,40.813332,-73.94245,40.8133871,-73.94510225,alarm_box,33,Engine 59/Ladder 30,fdny_firehouse,first_due_engine_59_nearest_firehouse_citywide,first_due,59.0,0.2232896514733888,1.6076854906083993,ok,False,True,Medical - Serious Life Threatening,Medical Emergencies,MANHATTAN,1540,POWELL BLVD & W 132 ST,27,Y,1.0,0.0,0.0,First Alarm,M1540,40.8133871,-73.94510225,POWELL BLVD & W 132 ST,alarm_box_listing,within_engine,10027,33,0.2232896514733888
241231-Q4994-001-0685,2024-12-31T22:29:57.000,QUEENS,4994,11422,427.0,498.0,40.664034,-73.740698,40.63943639,-73.74408659,alarm_box,190,Engine 314,fdny_firehouse,first_due_engine_314_nearest_firehouse_citywide,first_due,314.0,2.750027853302048,23.18524653837792,ok,False,True,Sprinkler System - Malfunction,NonMedical Emergencies,QUEENS,4994,BROOKVILLE BLVD & 248 ST/NCFD,71,Y,3.0,3.0,1.0,First Alarm,Q4994,40.63943639,-73.74408659,BROOKVILLE BLVD & 247 ST,alarm_box_listing,within_engine,11422,190,2.750027853302048
241231-Q7508-002-0683,2024-12-31T22:28:50.000,QUEENS,7508,11102,659.0,698.0,40.767526,-73.929232,40.77214955,-73.92899235,alarm_box,153,Engine 262,fdny_firehouse,first_due_engine_262_nearest_firehouse_citywide,first_due,262.0,0.5145112597374758,2.8106836647267266,ok,False,True,Assist Civilian - Non-Medical,NonMedical Emergencies,QUEENS,7508,ASTORIA BLVD & 14 ST,38,Y,0.0,1.0,0.0,First Alarm,Q7508,40.77214955,-73.92899235,ASTORIA BLVD & 14 ST,alarm_box_listing,within_engine,11102,153,0.5145112597374758
241231-Q8713-001-0681,2024-12-31T22:26:38.000,QUEENS,8713,11434,310.0,323.0,40.67130662,-73.80180337,40.658344376091534,-73.79440505498604,zip_centroid,689,CSL VAN WYCK XWAY W SVC RD & 130 AVE,csl,nearest_synthetic_csl_in_queens,fallback_hybrid,,1.5706177472972214,18.239431904096765,ok,False,True,Medical - No PT Contact EMS is Onscene,Medical Emergencies,QUEENS,8713,N CONDUIT AVE & ROCKAWAY BLVD,12,Y,1.0,0.0,0.0,First Alarm,Q8713,,,,unmatched_alarm_box,no_point,11434,187,1.7477660876659569
241231-M0315-001-1054,2024-12-31T22:26:28.000,MANHATTAN,315,10013,207.0,230.0,40.719841,-73.99576,40.72050439,-73.99683631,alarm_box,37,Engine 55,fdny_firehouse,first_due_engine_55_nearest_firehouse_citywide,first_due,55.0,0.11691440388018876,2.0332939805250216,ok,False,True,Vehicle Accident - Other,NonMedical Emergencies,MANHATTAN,315,MULBERRY ST & BROOME ST,22,Y,1.0,1.0,2.0,First Alarm,M0315,40.72050439,-73.99683631,MULBERRY ST & BROOME ST,alarm_box_listing,within_engine,10013,37,0.11691440388018876
241231-B1030-003-1068,2024-12-31T22:26:17.000,BROOKLYN,1030,11225,66.0,118.0,40.660257,-73.953293,40.66284749,-73.94282892,alarm_box,122,Engine 249/Ladder 113,fdny_firehouse,first_due_engine_249_nearest_firehouse_citywide,first_due,249.0,0.9284516712895233,50.642818433974,ok,False,True,Non-Medical MFA - Phone,NonMedical MFAs,BROOKLYN,1030,KINGSTON AVE & LEFFERTS AVE,51,Y,1.0,2.0,0.0,First Alarm,B1030,40.66284749,-73.94282892,KINGSTON AVE & LEFFERTS AVE,alarm_box_listing,within_engine,11225,122,0.9284516712895233
241231-B3904-001-1067,2024-12-31T22:25:41.000,BROOKLYN,3904,11210,181.0,227.0,40.636444,-73.95064,40.63880441,-73.94345085,alarm_box,125,Engine 255/Ladder 157,fdny_firehouse,first_due_engine_255_nearest_firehouse_citywide,first_due,255.0,0.6609636506386455,13.146238355243778,ok,False,True,Utility Emergency - Gas,NonMedical Emergencies,BROOKLYN,3904,FOSTER AVE 250 W OF BROOKLYN AVE,46,Y,2.0,2.0,1.0,First Alarm,B3904,40.63880441,-73.94345085,FOSTER AVE 250' W OF BROOKLYN AVE,alarm_box_listing,nearest_engine,11210,125,0.6609636506386455
241231-M0348-001-1053,2024-12-31T22:24:32.000,MANHATTAN,348,10014,228.0,234.0,40.728041,-74.003434,40.72860449,-74.00531369,alarm_box,45,Battalion 2/Engine 24/Ladder 5,fdny_firehouse,first_due_engine_24_nearest_firehouse_citywide,first_due,24.0,0.17033461854089735,2.6894939769615367,ok,False,True,Medical - No PT Contact EMS is Onscene,Medical Emergencies,MANHATTAN,348,VARICK & HOUSTON ST,6,Y,1.0,0.0,0.0,First Alarm,M0348,40.72860449,-74.00531369,VARICK & HOUSTON ST,alarm_box_listing,within_engine,10014,45,0.17033461854089735
241231-B4272-003-1065,2024-12-31T22:24:00.000,BROOKLYN,4272,11230,332.0,350.0,40.609365,-73.959131,40.6159324,-73.95672888,alarm_box,135,Battalion 33/Engine 276/Ladder 156,fdny_firehouse,first_due_engine_276_nearest_firehouse_citywide,first_due,276.0,0.7578890895784602,8.218074465308606,ok,False,True,Medical - No PT Contact EMS is Onscene,Medical Emergencies,BROOKLYN,4272,AVENUE N & E 18 ST,18,Y,1.0,0.0,0.0,First Alarm,B4272,40.6159324,-73.95672888,AVENUE N & E 18 ST,alarm_box_listing,within_engine,11230,135,0.7578890895784602
241231-B1450-001-1063,2024-12-31T22:22:41.000,BROOKLYN,1450,11232,195.0,235.0,40.651814,-74.005327,40.65430911,-74.0044193,alarm_box,88,Engine 228,fdny_firehouse,first_due_engine_228_nearest_firehouse_citywide,first_due,228.0,0.28781670823060085,5.313539228872631,ok,False,True,Utility Emergency - Gas,NonMedical Emergencies,BROOKLYN,1450,4 AVE & 36 ST,39,Y,2.0,2.0,1.0,First Alarm,B1450,40.65430911,-74.0044193,4 AVE & 36 ST,alarm_box_listing,within_engine,11232,88,0.28781670823060085
241231-M0241-001-1050,2024-12-31T22:22:28.000,MANHATTAN,241,10002,145.0,175.0,40.716439,-73.983927,40.71156838,-73.98356056,alarm_box,5,Battalion 4/Engine 15/Ladder 18,fdny_firehouse,first_due_engine_15_nearest_firehouse_citywide,first_due,15.0,0.5424681340154017,13.468174361761697,ok,False,True,Multiple Dwelling 'A' - Other fire,Structural Fires,MANHATTAN,241,GOUVERNEUR ST 100 N OF WATER ST,30,Y,8.0,5.0,15.0,All Hands Working,M0241,40.71156838,-73.98356056,GOUVERNEUR ST 100' N OF WATER ST,alarm_box_listing,within_engine,10002,5,0.5424681340154017
241231-Q1092-001-0677,2024-12-31T22:21:01.000,QUEENS,1092,11691,305.0,360.0,40.604819,-73.75213,40.59652806,-73.7490545,alarm_box,196,Engine 264/Engine 328/Ladder 134,fdny_firehouse,first_due_engine_264_nearest_firehouse_citywide,first_due,264.0,0.9577779371847168,11.30491991431141,ok,False,True,Odor - Other Than Smoke,NonMedical Emergencies,QUEENS,1092,HEYSON RD & BEACH 15 ST,55,Y,1.0,1.0,1.0,First Alarm,Q1092,40.59652806,-73.7490545,HEYSON RD & BEACH 15 ST,alarm_box_listing,within_engine,11691,196,0.9577779371847168
241231-Q4769-001-0674,2024-12-31T22:17:56.000,QUEENS,4769,11432,159.0,195.0,40.707617,-73.804199,40.70625471,-73.80404836,alarm_box,182,Battalion 50/Engine 298/Ladder 127,fdny_firehouse,first_due_engine_298_nearest_firehouse_citywide,first_due,298.0,0.15201099648227515,3.4417584109194372,ok,False,True,Assist Civilian - Non-Medical,NonMedical Emergencies,QUEENS,4769,88 AVE & 153 ST,36,Y,3.0,2.0,1.0,First Alarm,Q4769,40.70625471,-73.80404836,88 AVE & 153 ST,alarm_box_listing,within_engine,11432,182,0.15201099648227515
241231-M0715-002-1045,2024-12-31T22:17:38.000,MANHATTAN,715,10001,625.0,653.0,40.75326066,-74.00382216,40.75156446523435,-73.998960240437,zip_centroid,393,CSL 11 AVE & W 30 ST,csl,nearest_synthetic_csl_in_manhattan,fallback_hybrid,,0.4508841428678818,2.597092662918999,ok,False,True,Odor - Other Than Smoke,NonMedical Emergencies,MANHATTAN,715,5 AVE & E 34 ST,27,Y,2.0,2.0,1.0,First Alarm,M0715,,,,unmatched_alarm_box,no_point,10001,12,0.5971677094843669
241231-B2300-001-1058,2024-12-31T22:13:29.000,BROOKLYN,2300,11203,280.0,288.0,40.64824326,-73.92899371,40.64868812356477,-73.93389672596783,zip_centroid,372,CSL TILDEN AVE & E 51 ST,csl,nearest_synthetic_csl_in_brooklyn,fallback_hybrid,,0.41659450347815685,5.35621504471916,ok,False,True,Medical - Breathing / Ill or Sick,Medical Emergencies,BROOKLYN,2300,SNYDER AVE & TROY AVE,7,Y,1.0,0.0,0.0,First Alarm,B2300,,,,unmatched_alarm_box,no_point,11203,121,0.46142166734078743
241231-M1168-001-1044,2024-12-31T22:11:57.000,MANHATTAN,1168,10024,282.0,287.0,40.784697,-73.974602,40.78955777,-73.97736044,alarm_box,23,Engine 74,fdny_firehouse,first_due_engine_74_nearest_firehouse_citywide,first_due,74.0,0.5882731202238181,7.509869619878528,ok,False,True,Medical - Victim Deceased,Medical Emergencies,MANHATTAN,1168,WEST END AVE & W 87 ST,4,Y,1.0,0.0,0.0,First Alarm,M1168,40.78955777,-73.97736044,WEST END AVE & W 87 ST,alarm_box_listing,within_engine,10024,23,0.5882731202238181
241231-X4124-002-0741,2024-12-31T22:10:39.000,BRONX,4124,10465,483.0,515.0,40.821311,-73.818248,40.82317587,-73.82788221,alarm_box,72,Engine 72,fdny_firehouse,first_due_engine_72_nearest_firehouse_citywide,first_due,72.0,0.8367790171222691,6.23686223942064,ok,False,True,Assist Civilian - Non-Medical,NonMedical Emergencies,BRONX,4124,RANDALL AVE & BALCOM AVE,32,Y,0.0,1.0,0.0,First Alarm,X4124,40.82317587,-73.82788221,RANDALL AVE & BALCOM AVE,alarm_box_listing,within_engine,10465,72,0.8367790171222691
241231-B1030-002-1056,2024-12-31T22:09:48.000,BROOKLYN,1030,11203,607.0,648.0,40.660257,-73.953293,40.66284749,-73.94282892,alarm_box,122,Engine 249/Ladder 113,fdny_firehouse,first_due_engine_249_nearest_firehouse_citywide,first_due,249.0,0.9284516712895233,5.506467902211341,ok,False,True,Assist Civilian - Non-Medical,NonMedical Emergencies,BROOKLYN,1030,KINGSTON AVE & LEFFERTS AVE,40,Y,0.0,1.0,0.0,First Alarm,B1030,40.66284749,-73.94282892,KINGSTON AVE & LEFFERTS AVE,alarm_box_listing,within_engine,11203,122,0.9284516712895233
241231-B2983-001-1053,2024-12-31T22:09:22.000,BROOKLYN,2983,11223,345.0,368.0,40.59095287,-73.96651951,40.596569205923075,-73.9725315057552,zip_centroid,555,CSL AVENUE X & E 4 ST,csl,nearest_synthetic_csl_in_brooklyn,fallback_hybrid,,0.8047926846886092,8.397836709794182,ok,False,True,Assist Civilian - Non-Medical,NonMedical Emergencies,BROOKLYN,2983,AVENUE P & OCEAN PWAY,22,Y,0.0,1.0,0.0,First Alarm,B2983,,,,unmatched_alarm_box,no_point,11223,138,0.9139687266603
241231-M0808-002-1037,2024-12-31T22:06:37.000,MANHATTAN,808,10017,334.0,343.0,40.748642,-73.974027,40.75271509091915,-73.97330788047502,zip_centroid,18,Engine 21,fdny_firehouse,nearest_firehouse_in_manhattan,fallback_hybrid,,0.456940105092683,4.9251029291426915,ok,False,True,Medical - EMS Link 10-91,Medical Emergencies,MANHATTAN,808,2 AVE & E 45 ST,8,Y,1.0,0.0,0.0,First Alarm,M0808,,,,unmatched_alarm_box,no_point,10017,18,0.456940105092683
241231-B1205-001-1052,2024-12-31T22:06:27.000,BROOKLYN,1205,11215,292.0,341.0,40.66495,-73.981452,40.66013749,-73.98391793,alarm_box,91,Engine 220/Ladder 122,fdny_firehouse,first_due_engine_220_nearest_firehouse_citywide,first_due,220.0,0.5741281259678208,7.078291963986833,ok,False,True,Non-Medical 10-91 (Unnecessary Alarm),NonMedical Emergencies,BROOKLYN,1205,8 AVE & PROSPECT AVE,49,Y,1.0,0.0,0.0,First Alarm,B1205,40.66013749,-73.98391793,8 AVE & PROSPECT AVE,alarm_box_listing,nearest_engine,11215,91,0.5741281259678208
241231-M1301-005-1038,2024-12-31T22:06:14.000,MANHATTAN,1301,10029,296.0,330.0,40.788923,-73.946985,40.79156945,-73.94677199,alarm_box,28,Engine 53/Ladder 43,fdny_firehouse,first_due_engine_53_nearest_firehouse_citywide,first_due,53.0,0.29481770009458,3.585620676825973,ok,False,True,Non-Medical MFA - Phone,NonMedical MFAs,MANHATTAN,1301,LEXINGTON AVE & E 105 ST,34,Y,1.0,0.0,0.0,First Alarm,M1301,40.79156945,-73.94677199,LEXINGTON AVE & E 105 ST,alarm_box_listing,within_engine,10029,28,0.29481770009458
241231-M0866-001-1034,2024-12-31T22:02:36.000,MANHATTAN,866,10019,247.0,307.0,40.76598915,-73.98712184,40.76511835718409,-73.98484209984107,zip_centroid,330,CSL 9 AVE & W 54 ST,csl,nearest_synthetic_csl_in_manhattan,fallback_hybrid,,0.21502899424607097,3.134025827068241,ok,False,True,Multiple Dwelling 'B' Fire,Structural Fires,MANHATTAN,866,8 AVE & W 51 ST,60,Y,3.0,3.0,1.0,First Alarm,M0866,,,,unmatched_alarm_box,no_point,10019,20,0.41577256238179167
241231-B2343-001-1050,2024-12-31T22:01:37.000,BROOKLYN,2343,11236,336.0,387.0,40.646611,-73.903569,40.639994739197846,-73.90023555275353,zip_centroid,140,Battalion 58/Engine 257/Ladder 170,fdny_firehouse,nearest_firehouse_in_brooklyn,fallback_hybrid,,0.7876221774896244,8.43880904453169,ok,False,True,Alarm System - Unnecessary,NonMedical Emergencies,BROOKLYN,2343,PAERDEGAT AVENUE N & PAERDEGAT 9 ST,51,Y,1.0,1.0,0.0,First Alarm,B2343,,,,unmatched_alarm_box,no_point,11236,140,0.7876221774896244
241231-X2716-003-0734,2024-12-31T22:00:28.000,BRONX,2716,10452,172.0,201.0,40.83836092,-73.92491804,40.836711134538305,-73.9240363632889,zip_centroid,319,CSL NELSON AVE & W 168 ST,csl,nearest_synthetic_csl_in_bronx,fallback_hybrid,,0.1978752454797345,4.141574905389792,ok,False,True,Odor - Other Than Smoke,NonMedical Emergencies,BRONX,2716,MERRIAM AVE & W 169 ST,28,Y,6.0,2.0,1.0,First Alarm,X2716,,,,unmatched_alarm_box,no_point,10452,52,0.24257821789985676
241231-Q7414-001-0665,2024-12-31T21:57:58.000,QUEENS,7414,11103,113.0,123.0,40.75529168,-73.90846545,40.75822398,-73.9174038,alarm_box,612,CSL 32 AVE & 51 ST,csl,nearest_synthetic_csl_in_queens,fallback_hybrid,,0.8204397209160736,26.13790261325544,ok,False,True,Medical - Breathing / Ill or Sick,Medical Emergencies,QUEENS,7414,BROADWAY & 42 ST,10,Y,1.0,0.0,0.0,First Alarm,Q7414,40.75822398,-73.9174038,BROADWAY & 42 ST,alarm_box_listing,outside_polygons,11103,154,1.3250623197871894
241231-M1588-003-1030,2024-12-31T21:57:32.000,MANHATTAN,1588,10030,241.0,281.0,40.813332,-73.94245,40.81666227,-73.93899152,alarm_box,33,Engine 59/Ladder 30,fdny_firehouse,first_due_engine_59_nearest_firehouse_citywide,first_due,59.0,0.4709968047579651,7.035636917546367,ok,False,True,Carbon Monoxide - Code 1 - Investigation,NonMedical Emergencies,MANHATTAN,1588,W 139 ST & LENOX AVE/MALCOLM X BLVD,39,Y,1.0,1.0,0.0,First Alarm,M1588,40.81666227,-73.93899152,W 139 ST & LENOX AVE/MALCOLM X BLVD,alarm_box_listing,within_engine,10030,33,0.4709968047579651
241231-Q1314-001-0667,2024-12-31T21:57:25.000,QUEENS,1314,11692,376.0,440.0,40.586283,-73.816238,40.58866769,-73.80274869,alarm_box,194,Engine 266,fdny_firehouse,nearest_firehouse_in_queens,fallback_hybrid,,1.1695336268626482,11.19766238485514,ok,False,True,Private Dwelling Fire,Structural Fires,QUEENS,1314,ROCKAWAY BEACH BLVD & BEACH BREEZE PL,64,Y,1.0,1.0,0.0,First Alarm,Q1314,40.58866769,-73.80274869,ROCKAWAY BEACH BLVD & BEACH 75 ST,alarm_box_listing,outside_polygons,11692,194,1.1695336268626482
241231-M0263-001-1028,2024-12-31T21:55:59.000,MANHATTAN,263,10002,304.0,310.0,40.716439,-73.983927,40.71764959,-73.98867047,alarm_box,5,Battalion 4/Engine 15/Ladder 18,fdny_firehouse,first_due_engine_15_nearest_firehouse_citywide,first_due,15.0,0.4218301450967139,4.995356981408454,ok,False,True,Medical - EMS Link 10-91,Medical Emergencies,MANHATTAN,263,ESSEX ST & BROOME ST,5,Y,1.0,0.0,0.0,First Alarm,M0263,40.71764959,-73.98867047,ESSEX ST & BROOME ST,alarm_box_listing,within_engine,10002,5,0.4218301450967139
241231-B3096-004-1045,2024-12-31T21:55:37.000,BROOKLYN,3096,11210,189.0,225.0,40.62885277,-73.95017657,40.62576354335876,-73.94439549249944,zip_centroid,455,CSL AVENUE I & E 27 ST,csl,nearest_synthetic_csl_in_brooklyn,fallback_hybrid,,0.5966772608066885,11.365281158222638,ok,False,True,Manhole Fire - Other,NonStructural Fires,BROOKLYN,3096,AVENUE J & NOSTRAND AVE,36,Y,3.0,2.0,1.0,First Alarm,B3096,,,,unmatched_alarm_box,no_point,11210,125,1.2992732261854336
241231-Q1344-002-0659,2024-12-31T21:53:12.000,QUEENS,1344,,335.0,378.0,40.586283,-73.816238,40.58806409,-73.81824057,alarm_box,194,Engine 266,fdny_firehouse,first_due_engine_266_nearest_firehouse_citywide,first_due,266.0,0.26042104818936995,2.798554547706662,ok,False,True,Utility Emergency - Electric,NonMedical Emergencies,QUEENS,1344,CROSS BAY BLVD & BEACH CHANNEL DR,43,Y,1.0,0.0,0.0,First Alarm,Q1344,40.58806409,-73.81824057,CROSS BAY BLVD & BEACH CHANNEL DR,alarm_box_listing,within_engine,,194,0.26042104818936995
241231-M0981-001-1027,2024-12-31T21:53:01.000,MANHATTAN,981,10065,215.0,224.0,40.767062,-73.963612,40.76714303,-73.96644668,alarm_box,39,Engine 39/Ladder 16,fdny_firehouse,first_due_engine_39_nearest_firehouse_citywide,first_due,39.0,0.23889457104752135,4.000095143121287,ok,False,True,Medical - No PT Contact EMS is Onscene,Medical Emergencies,MANHATTAN,981,PARK AVE & E 66 ST,9,Y,1.0,0.0,0.0,First Alarm,M0981,40.76714303,-73.96644668,PARK AVE & E 66 ST,alarm_box_listing,within_engine,10065,39,0.23889457104752135
241231-R0242-001-0204,2024-12-31T21:52:50.000,RICHMOND / STATEN ISLAND,242,10304,141.0,176.0,40.625033,-74.077692,40.62666372,-74.07564614,alarm_box,203,Engine 153/Ladder 77,fdny_firehouse,first_due_engine_153_nearest_firehouse_citywide,first_due,153.0,0.250381681533296,6.392723783828833,ok,False,True,Assist Civilian - Non-Medical,NonMedical Emergencies,RICHMOND / STATEN ISLAND,242,BAY ST & CANAL ST,35,Y,3.0,2.0,1.0,First Alarm,R0242,40.62666372,-74.07564614,BAY ST & CANAL ST,alarm_box_listing,within_engine,10304,203,0.250381681533296
241231-Q8677-001-0657,2024-12-31T21:52:30.000,QUEENS,8677,11434,218.0,252.0,40.67130662,-73.80180337,40.658344376091534,-73.79440505498604,zip_centroid,689,CSL VAN WYCK XWAY W SVC RD & 130 AVE,csl,nearest_synthetic_csl_in_queens,fallback_hybrid,,1.5706177472972214,25.936806836100903,ok,False,True,Utility Emergency - Electric,NonMedical Emergencies,QUEENS,8677,125 AVE & 174 PL,34,Y,3.0,2.0,1.0,First Alarm,Q8677,,,,unmatched_alarm_box,no_point,11434,187,1.7477660876659569
241231-B0769-002-1034,2024-12-31T21:47:27.000,BROOKLYN,769,11221,226.0,250.0,40.696397,-73.914659,40.6970604,-73.91932073,alarm_box,113,Engine 277/Ladder 112,fdny_firehouse,first_due_engine_277_nearest_firehouse_citywide,first_due,277.0,0.3998693906736769,6.369600913386003,ok,False,True,Elevator Emergency - Unoccupied,NonMedical Emergencies,BROOKLYN,769,WILSON AVE & BLEECKER ST,24,Y,0.0,1.0,0.0,First Alarm,B0769,40.6970604,-73.91932073,WILSON AVE & BLEECKER ST,alarm_box_listing,within_engine,11221,113,0.3998693906736769
241231-Q9852-001-0646,2024-12-31T21:41:12.000,QUEENS,9852,11432,117.0,155.0,40.71699938,-73.78961771,40.71495048336277,-73.79223361830964,zip_centroid,504,CSL CROYDEN RD & MAYFIELD RD,csl,nearest_synthetic_csl_in_queens,fallback_hybrid,,0.31703645903177435,9.754967970208442,ok,False,True,Odor - Other Smoke,NonMedical Emergencies,QUEENS,9852,81 AVE & 166 ST,37,Y,4.0,2.0,1.0,First Alarm,Q9852,,,,unmatched_alarm_box,no_point,11432,182,1.296943762528787
241231-Q1088-001-0645,2024-12-31T21:39:29.000,QUEENS,1088,11691,248.0,304.0,40.604819,-73.75213,40.6022738,-73.75335639,alarm_box,196,Engine 264/Engine 328/Ladder 134,fdny_firehouse,first_due_engine_264_nearest_firehouse_citywide,first_due,264.0,0.30135702422675975,4.374537448452964,ok,False,True,Odor - Other Smoke,NonMedical Emergencies,QUEENS,1088,CORNAGA AVE & BEACH 20 ST,56,Y,1.0,1.0,1.0,First Alarm,Q1088,40.6022738,-73.75335639,CORNAGA AVE & BEACH 20 ST,alarm_box_listing,within_engine,11691,196,0.30135702422675975
241231-M0869-001-1021,2024-12-31T21:38:55.000,MANHATTAN,869,10019,483.0,500.0,40.76598915,-73.98712184,40.76511835718409,-73.98484209984107,zip_centroid,330,CSL 9 AVE & W 54 ST,csl,nearest_synthetic_csl_in_manhattan,fallback_hybrid,,0.21502899424607097,1.602700578231585,ok,False,True,Medical - EMS Link 10-91,Medical Emergencies,MANHATTAN,869,11 AVE & W 52 ST,17,Y,1.0,0.0,0.0,First Alarm,M0869,,,,unmatched_alarm_box,no_point,10019,20,0.41577256238179167
241231-Q9195-001-0642,2024-12-31T21:37:37.000,QUEENS,9195,11374,294.0,314.0,40.737914,-73.851944,40.73366789,-73.85765183,alarm_box,159,Division 14/Engine 324,fdny_firehouse,first_due_engine_324_nearest_firehouse_citywide,first_due,324.0,0.673944621283979,8.252383117763008,ok,False,True,Demolition Debris or Rubbish Fire,NonStructural Fires,QUEENS,9195,62 DR & 99 ST,20,Y,1.0,0.0,0.0,First Alarm,Q9195,40.73366789,-73.85765183,62 DR & 99 ST,alarm_box_listing,within_engine,11374,159,0.673944621283979
241231-B1550-005-1024,2024-12-31T21:37:03.000,BROOKLYN,1550,11226,196.0,235.0,40.660257,-73.953293,40.65504828,-73.95630035,alarm_box,122,Engine 249/Ladder 113,fdny_firehouse,first_due_engine_249_nearest_firehouse_citywide,first_due,249.0,0.6323038667216938,11.613744490806623,ok,False,True,Odor - Other Smoke,NonMedical Emergencies,BROOKLYN,1550,BEDFORD AVE & CLARKSON AVE,39,Y,3.0,2.0,1.0,First Alarm,B1550,40.65504828,-73.95630035,BEDFORD AVE & CLARKSON AVE,alarm_box_listing,nearest_engine,11226,122,0.6323038667216938
241231-M0038-001-1018,2024-12-31T21:35:42.000,MANHATTAN,38,10005,351.0,386.0,40.703694,-74.007717,40.70621286749491,-74.00866799501469,zip_centroid,0,Engine 4/Ladder 15,fdny_firehouse,nearest_firehouse_in_manhattan,fallback_hybrid,,0.2913313689050057,2.9880140400513406,ok,False,True,Alarm System - Unnecessary,NonMedical Emergencies,MANHATTAN,38,NEW ST & EXCHANGE PL,35,Y,1.0,1.0,1.0,First Alarm,M0038,,,,unmatched_alarm_box,no_point,10005,0,0.2913313689050057
241231-Q9719-001-0640,2024-12-31T21:35:24.000,QUEENS,9719,,164.0,171.0,40.738158,-73.793385,40.73883925,-73.79277363,alarm_box,173,Engine 299/Ladder 152,fdny_firehouse,nearest_firehouse_in_queens,fallback_hybrid,,0.09160505097950569,2.010842582476954,ok,False,True,Medical - No PT Contact EMS is Onscene,Medical Emergencies,QUEENS,9719,HARDING XWAY S & UTOPIA PWAY,6,Y,1.0,0.0,0.0,First Alarm,Q9719,40.73883925,-73.79277363,HARDING XWAY S & UTOPIA PWAY,alarm_box_listing,outside_polygons,,173,0.09160505097950569
241231-R2335-001-0200,2024-12-31T21:35:12.000,RICHMOND / STATEN ISLAND,2335,10314,203.0,247.0,40.614264,-74.158172,40.60772385,-74.14729789,alarm_box,207,Engine 166/Ladder 86,fdny_firehouse,first_due_engine_166_nearest_firehouse_citywide,first_due,166.0,1.171085178058845,20.76801300991055,ok,False,True,Utility Emergency - Gas,NonMedical Emergencies,RICHMOND / STATEN ISLAND,2335,SOUTH GANNON AVE & WILLOWBROOK RD,43,Y,3.0,2.0,1.0,First Alarm,R2335,40.60772385,-74.14729789,SOUTH GANNON AVE & WILLOWBROOK RD,alarm_box_listing,within_engine,10314,207,1.171085178058845
241231-B2520-001-1021,2024-12-31T21:35:08.000,BROOKLYN,2520,11204,188.0,233.0,40.612127,-73.979153,40.621009956196076,-73.98593371737667,zip_centroid,134,Engine 330/Ladder 172,fdny_firehouse,nearest_firehouse_in_brooklyn,fallback_hybrid,,1.1415762907852618,21.859971525675224,ok,False,True,Assist Civilian - Non-Medical,NonMedical Emergencies,BROOKLYN,2520,17 AVE & 42 ST,44,Y,3.0,2.0,1.0,First Alarm,B2520,,,,unmatched_alarm_box,no_point,11204,134,1.1415762907852618
241231-Q9817-001-0639,2024-12-31T21:35:06.000,QUEENS,9817,11435,240.0,269.0,40.693527,-73.806938,40.6954486,-73.81156642,alarm_box,183,Engine 303/Ladder 126,fdny_firehouse,first_due_engine_303_nearest_firehouse_citywide,first_due,303.0,0.44488273799683103,6.673241069952466,ok,False,True,Assist Civilian - Non-Medical,NonMedical Emergencies,QUEENS,9817,97 AVE & REMINGTON ST,28,Y,1.0,0.0,0.0,First Alarm,Q9817,40.6954486,-73.81156642,97 AVE & REMINGTON ST,alarm_box_listing,within_engine,11435,183,0.44488273799683103
241231-B0751-001-1020,2024-12-31T21:34:35.000,BROOKLYN,751,11237,194.0,248.0,40.70363,-73.91602,40.70295279,-73.91705042,alarm_box,112,Battalion 28/Engine 271/Ladder 124,fdny_firehouse,first_due_engine_271_nearest_firehouse_citywide,first_due,271.0,0.11495756630803407,2.133233189221251,ok,False,True,Carbon Monoxide - Code 1 - Investigation,NonMedical Emergencies,BROOKLYN,751,WYCKOFF AVE & HIMROD ST,54,Y,1.0,1.0,0.0,First Alarm,B0751,40.70295279,-73.91705042,WYCKOFF AVE & HIMROD ST,alarm_box_listing,nearest_engine,11237,112,0.11495756630803407
241231-M0881-006-1017,2024-12-31T21:31:50.000,MANHATTAN,881,10022,425.0,461.0,40.75962491,-73.97008101,40.758106456852204,-73.9682197312134,zip_centroid,566,CSL LEXINGTON AVE & E 55 ST,csl,nearest_synthetic_csl_in_manhattan,fallback_hybrid,,0.2304011887751341,1.9516335990364302,ok,False,True,Other Commercial Building Fire,Structural Fires,MANHATTAN,881,MADISON AVE & E 53 ST,35,Y,0.0,1.0,1.0,First Alarm,M0881,,,,unmatched_alarm_box,no_point,10022,24,0.256285084662852
241231-B3551-001-1016,2024-12-31T21:31:00.000,BROOKLYN,3551,11224,269.0,277.0,40.57776,-73.993011,40.576958945988395,-73.9911152881316,zip_centroid,137,Engine 318/Ladder 166,fdny_firehouse,nearest_firehouse_in_brooklyn,fallback_hybrid,,0.1832135741020589,2.451928872741309,ok,False,True,Medical - Breathing / Ill or Sick,Medical Emergencies,BROOKLYN,3551,CROPSEY AVE & HART PL,8,Y,1.0,0.0,0.0,First Alarm,B3551,,,,unmatched_alarm_box,no_point,11224,137,0.1832135741020589
241231-R0388-001-0196,2024-12-31T21:29:22.000,RICHMOND / STATEN ISLAND,388,,263.0,269.0,40.630985,-74.116719,40.62305442,-74.1132625,alarm_box,201,Engine 156,fdny_firehouse,first_due_engine_156_nearest_firehouse_citywide,first_due,156.0,0.9288345768607735,12.714085462733022,ok,False,True,Non-Medical MFA - ERS,NonMedical MFAs,RICHMOND / STATEN ISLAND,388,BROADWAY & CLOVE RD,6,Y,1.0,0.0,0.0,First Alarm,R0388,40.62305442,-74.1132625,BROADWAY & CLOVE RD,alarm_box_listing,nearest_engine,,201,0.9288345768607735
241231-M1442-001-1016,2024-12-31T21:28:46.000,MANHATTAN,1442,10035,220.0,226.0,40.803297,-73.936522,40.80181638,-73.93928689,alarm_box,30,Battalion 12/Engine 35/Ladder 14,fdny_firehouse,first_due_engine_35_nearest_firehouse_citywide,first_due,35.0,0.28507093578675463,4.664797131055985,ok,False,True,Medical - No PT Contact EMS is Onscene,Medical Emergencies,MANHATTAN,1442,LEXINGTON AVE & E 121 ST,6,Y,1.0,0.0,0.0,First Alarm,M1442,40.80181638,-73.93928689,LEXINGTON AVE & E 121 ST,alarm_box_listing,nearest_engine,10035,30,0.28507093578675463
241231-B3237-003-1013,2024-12-31T21:28:28.000,BROOKLYN,3237,11229,360.0,418.0,40.602267,-73.935188,40.59892367,-73.935804,alarm_box,144,Engine 321,fdny_firehouse,first_due_engine_321_nearest_firehouse_citywide,first_due,321.0,0.375381379729279,3.7538137972927896,ok,False,True,Non-Medical MFA - Phone,NonMedical MFAs,BROOKLYN,3237,AVENUE V & BRAGG ST,57,Y,4.0,2.0,1.0,First Alarm,B3237,40.59892367,-73.935804,AVENUE V & BRAGG ST,alarm_box_listing,within_engine,11229,144,0.375381379729279
241231-B0245-001-1010,2024-12-31T21:27:25.000,BROOKLYN,245,11206,351.0,356.0,40.706236,-73.95062,40.71058776,-73.9471046,alarm_box,106,Battalion 35/Engine 216/Ladder 108,fdny_firehouse,first_due_engine_216_nearest_firehouse_citywide,first_due,216.0,0.5674104128261876,5.819593977704488,ok,False,True,Medical - No PT Contact EMS is Onscene,Medical Emergencies,BROOKLYN,245,MAUJER ST & LEONARD ST,5,Y,1.0,0.0,0.0,First Alarm,B0245,40.71058776,-73.9471046,MAUJER ST & LEONARD ST,alarm_box_listing,within_engine,11206,106,0.5674104128261876
241231-B0876-007-1008,2024-12-31T21:25:40.000,BROOKLYN,876,11221,208.0,214.0,40.689591,-73.924433,40.68781049,-73.9236898,alarm_box,98,Battalion 37/Engine 222,fdny_firehouse,first_due_engine_222_nearest_firehouse_citywide,first_due,222.0,0.207663613049196,3.5941779181591618,ok,False,True,Medical - No PT Contact EMS is Onscene,Medical Emergencies,BROOKLYN,876,RALPH AVE & MADISON ST,6,Y,1.0,0.0,0.0,First Alarm,B0876,40.68781049,-73.9236898,RALPH AVE & MADISON ST,alarm_box_listing,within_engine,11221,98,0.207663613049196
241231-R0595-001-0193,2024-12-31T21:25:26.000,RICHMOND / STATEN ISLAND,595,,224.0,229.0,40.61805942,-74.12362161,40.61923358,-74.12798141,alarm_box,517,CSL UTTER AVE & MANOR RD,csl,nearest_synthetic_csl_in_staten_island,fallback_hybrid,,0.39045782446966637,6.275215036119638,ok,False,True,Non-Medical MFA - ERS,NonMedical MFAs,RICHMOND / STATEN ISLAND,595,CONSTANT AVE & WESTCOTT BLVD,5,Y,1.0,0.0,0.0,First Alarm,R0595,40.61923358,-74.12798141,CONSTANT AVE & WESTCOTT BLVD,alarm_box_listing,outside_polygons,,202,0.5036924962549317
241231-X2936-001-0720,2024-12-31T21:25:25.000,BRONX,2936,10453,175.0,180.0,40.8494181,-73.91112232,40.85260992626471,-73.91321825605405,zip_centroid,254,CSL JEROME AVE & MOUNT HOPE PL,csl,nearest_synthetic_csl_in_bronx,fallback_hybrid,,0.3962851555993346,8.152151772329168,ok,False,True,Medical - Breathing / Ill or Sick,Medical Emergencies,BRONX,2936,GRAND CONCOURSE & E 175 ST,4,Y,1.0,0.0,0.0,First Alarm,X2936,,,,unmatched_alarm_box,no_point,10453,56,0.4108025319368385
241231-X4926-001-0721,2024-12-31T21:25:00.000,BRONX,4926,10467,367.0,402.0,40.87836638,-73.85892378,40.88278350178068,-73.8630654141429,zip_centroid,247,CSL BRONXWOOD AVE & E 214 ST,csl,nearest_synthetic_csl_in_bronx,fallback_hybrid,,0.6020622966736452,5.90578819625374,ok,False,True,Utility Emergency - Water,NonMedical Emergencies,BRONX,4926,HULL AVE & E 209 ST,34,Y,1.0,1.0,1.0,First Alarm,X4926,,,,unmatched_alarm_box,no_point,10467,67,0.8094509413065711
241231-Q2005-001-0632,2024-12-31T21:24:39.000,QUEENS,2005,11421,447.0,458.0,40.688614,-73.855934,40.69298474055938,-73.85721954025291,zip_centroid,177,Engine 293,fdny_firehouse,nearest_firehouse_in_queens,fallback_hybrid,,0.49794355004127866,4.010283624493519,ok,False,True,Medical - No PT Contact EMS is Onscene,Medical Emergencies,QUEENS,2005,86 RD & 75 ST,10,Y,1.0,0.0,0.0,First Alarm,Q2005,,,,unmatched_alarm_box,no_point,11421,177,0.49794355004127866
241231-Q7883-001-0628,2024-12-31T21:21:40.000,QUEENS,7883,11372,417.0,448.0,40.755804,-73.885639,40.75120018,-73.89026244,alarm_box,156,Engine 307/Ladder 154,fdny_firehouse,first_due_engine_307_nearest_firehouse_citywide,first_due,307.0,0.643219801442957,5.552976703104664,ok,False,True,Utility Emergency - Gas,NonMedical Emergencies,QUEENS,7883,35 AVE & 76 ST,30,Y,2.0,2.0,1.0,First Alarm,Q7883,40.75120018,-73.89026244,35 AVE & 76 ST,alarm_box_listing,within_engine,11372,156,0.643219801442957
241231-Q7518-002-0627,2024-12-31T21:19:57.000,QUEENS,7518,11102,305.0,350.0,40.767526,-73.929232,40.77499412,-73.9342742,alarm_box,153,Engine 262,fdny_firehouse,first_due_engine_262_nearest_firehouse_citywide,first_due,262.0,0.9326750011405411,11.008622964281797,ok,False,True,Alarm System - Unnecessary,NonMedical Emergencies,QUEENS,7518,27 AVE & 3 ST,44,Y,1.0,1.0,1.0,First Alarm,Q7518,40.77499412,-73.9342742,27 AVE & 3 ST,alarm_box_listing,within_engine,11102,153,0.9326750011405411
241231-X2529-001-0716,2024-12-31T21:18:38.000,BRONX,2529,10452,198.0,233.0,40.836659,-73.926919,40.83450471,-73.93035513,alarm_box,52,Engine 68/Ladder 49,fdny_firehouse,first_due_engine_68_nearest_firehouse_citywide,first_due,68.0,0.37543079659248735,6.82601448349977,ok,False,True,Odor - Other Smoke,NonMedical Emergencies,BRONX,2529,KING BLVD & W 165 ST,35,Y,4.0,3.0,1.0,First Alarm,X2529,40.83450471,-73.93035513,KING BLVD & W 165 ST,alarm_box_listing,within_engine,10452,52,0.37543079659248735
241231-B1449-002-0994,2024-12-31T21:18:23.000,BROOKLYN,1449,11232,90.0,100.0,40.651814,-74.005327,40.65126597,-74.00390816,alarm_box,88,Engine 228,fdny_firehouse,first_due_engine_228_nearest_firehouse_citywide,first_due,228.0,0.134315415588454,5.37261662353816,ok,False,True,Medical - Breathing / Ill or Sick,Medical Emergencies,BROOKLYN,1449,5 AVE & 39 ST,9,Y,1.0,0.0,0.0,First Alarm,B1449,40.65126597,-74.00390816,5 AVE & 39 ST,alarm_box_listing,within_engine,11232,88,0.134315415588454
241231-B2048-001-0993,2024-12-31T21:17:59.000,BROOKLYN,2048,11208,324.0,331.0,40.669446,-73.865383,40.66979735,-73.87056172,alarm_box,120,Battalion 39/Engine 225/Ladder 107,fdny_firehouse,nearest_firehouse_in_brooklyn,fallback_hybrid,,0.4385125356891824,4.872361507657582,ok,False,True,Medical - Breathing / Ill or Sick,Medical Emergencies,BROOKLYN,2048,EUCLID AVE & DUMONT AVE,7,Y,1.0,0.0,0.0,First Alarm,B2048,40.66979735,-73.87056172,EUCLID AVE & DUMONT AVE,alarm_box_listing,outside_polygons,11208,120,0.4385125356891824
241231-B4106-001-0995,2024-12-31T21:17:56.000,BROOKLYN,4106,11234,229.0,274.0,40.58904772,-73.92842812,40.58390802101884,-73.92225171655224,zip_centroid,524,CSL GOTHAM AVE & SHELL BANK CREEK,csl,nearest_synthetic_csl_in_brooklyn,fallback_hybrid,,0.7737235992602498,12.163340425051963,ok,False,True,Private Dwelling Fire,Structural Fires,BROOKLYN,4106,AVENUE N & E 48 ST,44,Y,1.0,1.0,0.0,First Alarm,B4106,,,,unmatched_alarm_box,no_point,11234,144,2.3152766833983587
241231-X3884-001-0714,2024-12-31T21:14:57.000,BRONX,3884,10470,438.0,442.0,40.89659383,-73.86954189,40.89518159734686,-73.87185745378329,zip_centroid,753,CSL E 233 ST & E 234 ST NEAR KEPLER AVE,csl,nearest_synthetic_csl_in_bronx,fallback_hybrid,,0.2500792497526148,2.0554458883776556,ok,False,True,Medical - EMS Link 10-91,Medical Emergencies,BRONX,3884,WHITE PLAINS RD & E 241 ST,3,Y,1.0,0.0,0.0,First Alarm,X3884,,,,unmatched_alarm_box,no_point,10470,69,1.4113530997626331
241231-B2195-001-0983,2024-12-31T21:13:02.000,BROOKLYN,2195,11236,279.0,317.0,40.646611,-73.903569,40.639994739197846,-73.90023555275353,zip_centroid,140,Battalion 58/Engine 257/Ladder 170,fdny_firehouse,nearest_firehouse_in_brooklyn,fallback_hybrid,,0.7876221774896244,10.162866806317734,ok,False,True,Elevator Emergency - Occupied,NonMedical Emergencies,BROOKLYN,2195,SKIDMORE AVE & ROCKAWAY PKWY,38,Y,0.0,1.0,0.0,First Alarm,B2195,,,,unmatched_alarm_box,no_point,11236,140,0.7876221774896244
241231-Q4947-001-0624,2024-12-31T21:11:44.000,QUEENS,4947,11420,302.0,309.0,40.674054,-73.795083,40.67222239,-73.80745271,alarm_box,187,Engine 302/Ladder 155,fdny_firehouse,first_due_engine_302_nearest_firehouse_citywide,first_due,302.0,1.0628906739580466,12.67021995446678,ok,False,True,Medical - Breathing / Ill or Sick,Medical Emergencies,QUEENS,4947,SUTTER AVE & 131 ST,7,Y,1.0,0.0,0.0,First Alarm,Q4947,40.67222239,-73.80745271,SUTTER AVE & 131 ST,alarm_box_listing,within_engine,11420,187,1.0628906739580466
241231-X2588-003-0711,2024-12-31T21:11:15.000,BRONX,2588,10456,326.0,354.0,40.834679,-73.913625,40.83257252,-73.91051469,alarm_box,79,Battalion 17/Engine 92/Ladder 44,fdny_firehouse,first_due_engine_92_nearest_firehouse_citywide,first_due,92.0,0.35119401070127904,3.8782160690938787,ok,False,True,Alarm System - Unnecessary,NonMedical Emergencies,BRONX,2588,CLAY AVE & E 168 ST,28,Y,2.0,1.0,0.0,First Alarm,X2588,40.83257252,-73.91051469,CLAY AVE & E 168 ST,alarm_box_listing,within_engine,10456,79,0.35119401070127904
241231-M1714-001-1003,2024-12-31T21:10:19.000,MANHATTAN,1714,10032,351.0,400.0,40.841279,-73.937195,40.84350076,-73.93798195,alarm_box,46,Engine 67,fdny_firehouse,first_due_engine_67_nearest_firehouse_citywide,first_due,67.0,0.25576387968982245,2.6232192788699735,ok,False,True,Elevator Emergency - Occupied,NonMedical Emergencies,MANHATTAN,1714,ST NICHOLAS AVE & W 172 ST,49,Y,0.0,1.0,0.0,First Alarm,M1714,40.84350076,-73.93798195,ST NICHOLAS AVE & W 172 ST,alarm_box_listing,within_engine,10032,46,0.25576387968982245
241231-X2845-003-0708,2024-12-31T21:08:33.000,BRONX,2845,10472,247.0,269.0,40.83162392,-73.8672577,40.829582775437075,-73.86602876799958,zip_centroid,388,CSL WESTCHESTER AVE & ST LAWRENCE AVE,csl,nearest_synthetic_csl_in_bronx,fallback_hybrid,,0.24940708876225945,3.635083075077466,ok,False,True,Odor - Other Smoke,NonMedical Emergencies,BRONX,2845,EVERGREEN AVE & WATSON AVE,22,Y,4.0,2.0,1.0,First Alarm,X2845,,,,unmatched_alarm_box,no_point,10472,63,0.7851658965030821
241231-B2151-003-0980,2024-12-31T21:07:47.000,BROOKLYN,2151,11236,195.0,222.0,40.646611,-73.903569,40.639994739197846,-73.90023555275353,zip_centroid,140,Battalion 58/Engine 257/Ladder 170,fdny_firehouse,nearest_firehouse_in_brooklyn,fallback_hybrid,,0.7876221774896244,14.540717122885372,ok,False,True,Medical - No PT Contact EMS is Onscene,Medical Emergencies,BROOKLYN,2151,GLENWOOD RD & E 103 ST,27,Y,1.0,0.0,0.0,First Alarm,B2151,,,,unmatched_alarm_box,no_point,11236,140,0.7876221774896244
241231-X4905-001-0707,2024-12-31T21:07:26.000,BRONX,4905,10458,228.0,267.0,40.870279,-73.886581,40.87061165,-73.89054969,alarm_box,62,Battalion 27/Engine 79/Ladder 37,fdny_firehouse,first_due_engine_79_nearest_firehouse_citywide,first_due,79.0,0.33574949643227187,5.301307838404292,ok,False,True,Odor - Other Smoke,NonMedical Emergencies,BRONX,4905,MINERVA PL & GRAND CONCOURSE,39,Y,4.0,2.0,1.0,First Alarm,X4905,40.87061165,-73.89054969,MINERVA PL & GRAND CONCOURSE,alarm_box_listing,within_engine,10458,62,0.33574949643227187
241231-X3525-001-0705,2024-12-31T21:06:47.000,BRONX,3525,10458,466.0,473.0,40.86836792,-73.88980523,40.86461650805717,-73.88972537988687,zip_centroid,250,CSL BRIGGS AVE & E 197 ST,csl,nearest_synthetic_csl_in_bronx,fallback_hybrid,,0.4171920136565026,3.222942594771265,ok,False,True,Medical - Serious Life Threatening,Medical Emergencies,BRONX,3525,DECATUR AVE & E 201 ST,6,Y,1.0,0.0,0.0,First Alarm,X3525,,,,unmatched_alarm_box,no_point,10458,62,0.6829037292150765
241231-B2986-001-0978,2024-12-31T21:06:40.000,BROOKLYN,2986,11230,521.0,557.0,40.6175894,-73.96381145,40.62235786354158,-73.96565043616631,zip_centroid,513,CSL CONEY ISLAND AVE & AVENUE M,csl,nearest_synthetic_csl_in_brooklyn,fallback_hybrid,,0.5524799529098702,3.8175198281680087,ok,False,True,Downed Tree,NonMedical Emergencies,BROOKLYN,2986,AVENUE M & E 7 ST,35,Y,0.0,1.0,0.0,First Alarm,B2986,,,,unmatched_alarm_box,no_point,11230,133,1.030868083281345
241231-Q5732-001-0621,2024-12-31T21:06:10.000,QUEENS,5732,11413,369.0,377.0,40.693122,-73.755649,40.68502067,-73.75330786,alarm_box,188,Battalion 54/Engine 317/Ladder 165,fdny_firehouse,first_due_engine_317_nearest_firehouse_citywide,first_due,317.0,0.9221998453477803,8.997071661929565,ok,False,True,Medical - No PT Contact EMS is Onscene,Medical Emergencies,QUEENS,5732,NASHVILLE BLVD & 193 ST,8,Y,1.0,0.0,0.0,First Alarm,Q5732,40.68502067,-73.75330786,NASHVILLE BLVD & 193 ST,alarm_box_listing,nearest_engine,11413,188,0.9221998453477803
241231-Q2129-001-0619,2024-12-31T21:05:25.000,QUEENS,2129,11417,316.0,336.0,40.682524,-73.84186,40.676047998092066,-73.84865647201624,zip_centroid,178,Engine 285/Ladder 142,fdny_firehouse,nearest_firehouse_in_queens,fallback_hybrid,,0.9203340041207314,10.48481776846403,ok,False,True,Utility Emergency - Gas,NonMedical Emergencies,QUEENS,2129,ALBERT RD & WHITELAW ST,20,Y,2.0,2.0,1.0,First Alarm,Q2129,,,,unmatched_alarm_box,no_point,11417,178,0.9203340041207314
241231-M0466-002-0996,2024-12-31T21:04:28.000,MANHATTAN,466,10009,356.0,371.0,40.731494,-73.983407,40.72972545,-73.98085871,alarm_box,7,Engine 5,fdny_firehouse,first_due_engine_5_nearest_firehouse_citywide,first_due,5.0,0.29116842215635547,2.9443997746148307,ok,False,True,Medical - No PT Contact EMS is Onscene,Medical Emergencies,MANHATTAN,466,AVENUE A & E 13 ST,14,Y,1.0,0.0,0.0,First Alarm,M0466,40.72972545,-73.98085871,AVENUE A & E 13 ST,alarm_box_listing,nearest_engine,10009,7,0.29116842215635547
241231-X4457-001-0701,2024-12-31T20:57:25.000,BRONX,4457,10475,323.0,358.0,40.869725,-73.831197,40.86813117898569,-73.82633906605989,zip_centroid,70,Engine 66/Ladder 61,fdny_firehouse,nearest_firehouse_in_bronx,fallback_hybrid,,0.44527536248805505,4.962821377575846,ok,False,True,Odor - Other Than Smoke,NonMedical Emergencies,BRONX,4457,FOOT OF DE KRUIF PL/CO-OP CITY,34,Y,2.0,1.0,1.0,First Alarm,X4457,,,,unmatched_alarm_box,no_point,10475,70,0.44527536248805505
241231-X2764-003-0700,2024-12-31T20:57:09.000,BRONX,2764,10456,316.0,348.0,40.82971,-73.908118,40.82898240818156,-73.90949161407787,zip_centroid,51,Battalion 26/Engine 50/Ladder 19,fdny_firehouse,nearest_firehouse_in_bronx,fallback_hybrid,,0.14107553388165955,1.607189626499919,ok,False,True,Elevator Emergency - Unoccupied,NonMedical Emergencies,BRONX,2764,WEBSTER AVE 600 S OF E 171 ST,32,Y,0.0,1.0,0.0,First Alarm,X2764,,,,unmatched_alarm_box,no_point,10456,51,0.14107553388165955
241231-B3926-003-0971,2024-12-31T20:57:00.000,BROOKLYN,3926,11235,582.0,620.0,40.58719508,-73.95325196,40.58434612826166,-73.94889917083387,zip_centroid,491,CSL SHEEPSHEAD BAY RD & E 16 ST,csl,nearest_synthetic_csl_in_brooklyn,fallback_hybrid,,0.4852465140259243,3.001524829026336,ok,False,True,Elevator Emergency - Occupied,NonMedical Emergencies,BROOKLYN,3926,NOSTRAND AVE & AVENUE X,37,Y,0.0,2.0,0.0,First Alarm,B3926,,,,unmatched_alarm_box,no_point,11235,143,0.8878958156944061
241231-X2369-001-0698,2024-12-31T20:56:24.000,BRONX,2369,10474,284.0,291.0,40.81450332,-73.88648314,40.811771973232396,-73.88507140514197,zip_centroid,732,CSL SPOFFORD AVE & FAILE ST,csl,nearest_synthetic_csl_in_bronx,fallback_hybrid,,0.3261230261079555,4.1339538520726755,ok,False,True,Medical - Breathing / Ill or Sick,Medical Emergencies,BRONX,2369,GARRISON AVE & WHITTIER ST,6,Y,1.0,0.0,0.0,First Alarm,X2369,,,,unmatched_alarm_box,no_point,10474,54,0.79064855801567
241231-M1581-002-0990,2024-12-31T20:54:26.000,MANHATTAN,1581,10031,179.0,222.0,40.821948,-73.950762,40.82082794,-73.9508288,alarm_box,41,Engine 80/Ladder 23,fdny_firehouse,first_due_engine_80_nearest_firehouse_citywide,first_due,80.0,0.1246717698245725,2.50736520317576,ok,False,True,Odor - Other Than Smoke,NonMedical Emergencies,MANHATTAN,1581,AMSTERDAM AVE & W 138 ST,42,Y,3.0,2.0,1.0,First Alarm,M1581,40.82082794,-73.9508288,AMSTERDAM AVE & W 138 ST,alarm_box_listing,within_engine,10031,41,0.1246717698245725
241231-B2150-001-0969,2024-12-31T20:54:04.000,BROOKLYN,2150,11212,318.0,356.0,40.66157348,-73.91547732,40.664602207240236,-73.9145581386799,zip_centroid,237,CSL LIVONIA AVE & SARATOGA AVE,csl,nearest_synthetic_csl_in_brooklyn,fallback_hybrid,,0.34558812133748135,3.91231835476394,ok,False,True,Private Dwelling Fire,Structural Fires,BROOKLYN,2150,LOTT AVE & BRISTOL ST,38,Y,1.0,1.0,0.0,First Alarm,B2150,,,,unmatched_alarm_box,no_point,11212,116,0.4954073200194883
241231-M0962-001-0987,2024-12-31T20:54:01.000,MANHATTAN,962,10065,274.0,284.0,40.767062,-73.963612,40.76311273,-73.96251524,alarm_box,39,Engine 39/Ladder 16,fdny_firehouse,first_due_engine_39_nearest_firehouse_citywide,first_due,39.0,0.448747790625564,5.895956373182592,ok,False,True,Medical - No PT Contact EMS is Onscene,Medical Emergencies,MANHATTAN,962,2 AVE & E 63 ST,9,Y,1.0,0.0,0.0,First Alarm,M0962,40.76311273,-73.96251524,2 AVE & E 63 ST,alarm_box_listing,nearest_engine,10065,39,0.448747790625564
241231-R3478-001-0188,2024-12-31T20:50:02.000,RICHMOND / STATEN ISLAND,3478,10308,288.0,302.0,40.55242985,-74.14369573,40.55182572682922,-74.14896466622126,zip_centroid,757,CSL FIELDWAY AVE & AMBOY RD,csl,nearest_synthetic_csl_in_staten_island,fallback_hybrid,,0.4501994282615399,5.627492853269249,ok,False,True,Medical - No PT Contact EMS is Onscene,Medical Emergencies,RICHMOND / STATEN ISLAND,3478,MANSION AVE 500 E OF WATERSIDE PKWY,13,Y,1.0,0.0,0.0,First Alarm,R3478,,,,unmatched_alarm_box,no_point,10308,213,0.9787243004166494
241231-R0167-001-0187,2024-12-31T20:49:33.000,RICHMOND / STATEN ISLAND,167,10301,318.0,324.0,40.630985,-74.116719,40.63466214,-74.10252682,alarm_box,201,Engine 156,fdny_firehouse,first_due_engine_156_nearest_firehouse_citywide,first_due,156.0,1.2654908590891958,14.32631161233052,ok,False,True,Medical - Breathing / Ill or Sick,Medical Emergencies,RICHMOND / STATEN ISLAND,167,CASTLETON AVE & CONYINGHAM AVE,5,Y,1.0,0.0,0.0,First Alarm,R0167,40.63466214,-74.10252682,CASTLETON AVE & CONYINGHAM AVE,alarm_box_listing,within_engine,10301,201,1.2654908590891958
241231-M1495-003-0983,2024-12-31T20:49:24.000,MANHATTAN,1495,10027,245.0,264.0,40.811921,-73.9546,40.81147758,-73.95021573,alarm_box,34,Engine 37/Ladder 40,fdny_firehouse,first_due_engine_37_nearest_firehouse_citywide,first_due,37.0,0.3722563215014955,5.469888805736261,ok,False,True,Odor - Other Than Smoke,NonMedical Emergencies,MANHATTAN,1495,8 AVE & W 127 ST,19,Y,2.0,2.0,1.0,First Alarm,M1495,40.81147758,-73.95021573,8 AVE & W 127 ST,alarm_box_listing,within_engine,10027,34,0.3722563215014955
241231-Q7519-001-0612,2024-12-31T20:49:09.000,QUEENS,7519,11102,309.0,341.0,40.767526,-73.929232,40.77614096,-73.93255949,alarm_box,153,Engine 262,fdny_firehouse,first_due_engine_262_nearest_firehouse_citywide,first_due,262.0,0.9980805106264774,11.628122453900708,ok,False,True,Alarm System - Unnecessary,NonMedical Emergencies,QUEENS,7519,26 AVE & 4 ST,31,Y,1.0,1.0,0.0,First Alarm,Q7519,40.77614096,-73.93255949,26 AVE & 4 ST,alarm_box_listing,within_engine,11102,153,0.9980805106264774
241231-B2926-001-0966,2024-12-31T20:49:02.000,BROOKLYN,2926,11230,316.0,355.0,40.6175894,-73.96381145,40.62235786354158,-73.96565043616631,zip_centroid,513,CSL CONEY ISLAND AVE & AVENUE M,csl,nearest_synthetic_csl_in_brooklyn,fallback_hybrid,,0.5524799529098702,6.294075412897255,ok,False,True,Alarm System - Defective,NonMedical Emergencies,BROOKLYN,2926,AVENUE I & E 7 ST,38,Y,1.0,1.0,0.0,First Alarm,B2926,,,,unmatched_alarm_box,no_point,11230,133,1.030868083281345
241231-M0467-004-0981,2024-12-31T20:48:03.000,MANHATTAN,467,10009,376.0,422.0,40.731494,-73.983407,40.7277487,-73.97617988,alarm_box,7,Engine 5,fdny_firehouse,first_due_engine_5_nearest_firehouse_citywide,first_due,5.0,0.7377631481837615,7.063689716653036,ok,False,True,Elevator Emergency - Occupied,NonMedical Emergencies,MANHATTAN,467,E 13 ST & AVE C/LOISAIDA AVE,45,Y,0.0,1.0,0.0,First Alarm,M0467,40.7277487,-73.97617988,E 13 ST & AVE C/LOISAIDA AVE,alarm_box_listing,nearest_engine,10009,7,0.7377631481837615
241231-X2119-001-0691,2024-12-31T20:47:42.000,BRONX,2119,10454,499.0,520.0,40.805819,-73.915834,40.80166459,-73.91322342,alarm_box,53,Engine 83/Ladder 29,fdny_firehouse,first_due_engine_83_nearest_firehouse_citywide,first_due,83.0,0.5115454092127086,3.6905079622560146,ok,False,True,Medical - No PT Contact EMS is Onscene,Medical Emergencies,BRONX,2119,WILLOW AVE & E 134 ST,20,Y,1.0,0.0,0.0,First Alarm,X2119,40.80166459,-73.91322342,WILLOW AVE & E 134 ST,alarm_box_listing,nearest_engine,10454,53,0.5115454092127086
241231-M1455-001-0980,2024-12-31T20:47:25.000,MANHATTAN,1455,10027,317.0,332.0,40.811921,-73.9546,40.80886222,-73.95212524,alarm_box,34,Engine 37/Ladder 40,fdny_firehouse,first_due_engine_37_nearest_firehouse_citywide,first_due,37.0,0.39882557143957614,4.5292493917428205,ok,False,True,Medical - Serious Life Threatening,Medical Emergencies,MANHATTAN,1455,8 AVE & W 123 ST,15,Y,1.0,0.0,0.0,First Alarm,M1455,40.80886222,-73.95212524,8 AVE & W 123 ST,alarm_box_listing,nearest_engine,10027,34,0.39882557143957614
241231-B1635-001-0964,2024-12-31T20:47:14.000,BROOKLYN,1635,11212,184.0,245.0,40.66157348,-73.91547732,40.664602207240236,-73.9145581386799,zip_centroid,237,CSL LIVONIA AVE & SARATOGA AVE,csl,nearest_synthetic_csl_in_brooklyn,fallback_hybrid,,0.34558812133748135,6.761506721820287,ok,False,True,Carbon Monoxide - Code 2 - Incident (1-9 ppm),NonMedical Emergencies,BROOKLYN,1635,CLARKSON AVE & ROCKAWAY PWAY,60,Y,1.0,1.0,0.0,First Alarm,B1635,,,,unmatched_alarm_box,no_point,11212,116,0.4954073200194883
241231-B3538-002-0963,2024-12-31T20:47:01.000,BROOKLYN,3538,11224,243.0,287.0,40.57776,-73.993011,40.576958945988395,-73.9911152881316,zip_centroid,137,Engine 318/Ladder 166,fdny_firehouse,nearest_firehouse_in_brooklyn,fallback_hybrid,,0.1832135741020589,2.714275171882354,ok,False,True,Alarm System - Defective,NonMedical Emergencies,BROOKLYN,3538,MERMAID AVE & W 24 ST,44,Y,1.0,1.0,2.0,First Alarm,B3538,,,,unmatched_alarm_box,no_point,11224,137,0.1832135741020589
241231-Q8365-002-0611,2024-12-31T20:46:33.000,QUEENS,8365,11363,280.0,323.0,40.76677,-73.742328,40.773745104844195,-73.74475020174756,zip_centroid,175,Engine 313/Ladder 164,fdny_firehouse,nearest_firehouse_in_queens,fallback_hybrid,,0.8019703884540839,10.311047851552507,ok,False,True,Utility Emergency - Water,NonMedical Emergencies,QUEENS,8365,CROSS IS PKWY- LIE TO NORTHERN BLVD,42,Y,2.0,2.0,1.0,First Alarm,Q8365,,,,unmatched_alarm_box,no_point,11363,175,0.8019703884540839
241231-M1075-001-0979,2024-12-31T20:46:07.000,MANHATTAN,1075,10075,303.0,314.0,40.771454,-73.958154,40.77201996,-73.95601508,alarm_box,25,Engine 44,fdny_firehouse,first_due_engine_44_nearest_firehouse_citywide,first_due,44.0,0.19079558547755118,2.2668782432976378,ok,False,True,Medical - No PT Contact EMS is Onscene,Medical Emergencies,MANHATTAN,1075,2 AVE & E 77 ST,11,Y,1.0,0.0,0.0,First Alarm,M1075,40.77201996,-73.95601508,2 AVE & E 77 ST,alarm_box_listing,within_engine,10075,25,0.19079558547755118
241231-M0876-002-0978,2024-12-31T20:42:57.000,MANHATTAN,876,10022,191.0,234.0,40.75962491,-73.97008101,40.758106456852204,-73.9682197312134,zip_centroid,566,CSL LEXINGTON AVE & E 55 ST,csl,nearest_synthetic_csl_in_manhattan,fallback_hybrid,,0.2304011887751341,4.342640207280015,ok,False,True,Non-Medical MFA - Private Fire Alarm,NonMedical MFAs,MANHATTAN,876,3 AVE & E 52 ST,42,Y,3.0,2.0,1.0,First Alarm,M0876,,,,unmatched_alarm_box,no_point,10022,24,0.256285084662852
241231-X3102-001-0690,2024-12-31T20:41:38.000,BRONX,3102,10460,220.0,246.0,40.841877,-73.883508,40.843766801299076,-73.88351491281807,zip_centroid,61,Battalion 18/Engine 45/Ladder 58,fdny_firehouse,nearest_firehouse_in_bronx,fallback_hybrid,,0.21013712141219945,3.4386074412905367,ok,False,True,Alarm System - Defective,NonMedical Emergencies,BRONX,3102,DALY AVE & E 178 ST,25,Y,1.0,1.0,0.0,First Alarm,X3102,,,,unmatched_alarm_box,no_point,10460,61,0.21013712141219945
241231-B1394-001-0958,2024-12-31T20:41:30.000,BROOKLYN,1394,11231,299.0,334.0,40.680386,-74.006438,40.67615722541801,-74.00604476588369,zip_centroid,87,Battalion 32/Engine 202/Ladder 101,fdny_firehouse,nearest_firehouse_in_brooklyn,fallback_hybrid,,0.47138610882840243,5.675551811980766,ok,False,True,Alarm System - Unnecessary,NonMedical Emergencies,BROOKLYN,1394,VAN DYKE ST & CONOVER ST,34,Y,1.0,1.0,1.0,First Alarm,B1394,,,,unmatched_alarm_box,no_point,11231,87,0.47138610882840243
241231-B3523-001-0957,2024-12-31T20:39:19.000,BROOKLYN,3523,11224,187.0,222.0,40.57776,-73.993011,40.576958945988395,-73.9911152881316,zip_centroid,137,Engine 318/Ladder 166,fdny_firehouse,nearest_firehouse_in_brooklyn,fallback_hybrid,,0.1832135741020589,3.5271062393979253,ok,False,True,Alarm System - Unnecessary,NonMedical Emergencies,BROOKLYN,3523,SURF AVE & W 35 ST,34,Y,1.0,1.0,1.0,First Alarm,B3523,,,,unmatched_alarm_box,no_point,11224,137,0.1832135741020589
241231-Q3250-007-0605,2024-12-31T20:36:31.000,QUEENS,3250,11374,745.0,777.0,40.737914,-73.851944,40.73475447,-73.86066996,alarm_box,159,Division 14/Engine 324,fdny_firehouse,first_due_engine_324_nearest_firehouse_citywide,first_due,324.0,0.8148324432508861,3.937445363359987,ok,False,True,Elevator Emergency - Unoccupied,NonMedical Emergencies,QUEENS,3250,98 ST & HARDING XWAY S,31,Y,0.0,1.0,0.0,First Alarm,Q3250,40.73475447,-73.86066996,98 ST & HARDING XWAY S,alarm_box_listing,within_engine,11374,159,0.8148324432508861
241231-Q7541-001-0603,2024-12-31T20:36:20.000,QUEENS,7541,11103,280.0,289.0,40.768225,-73.908849,40.76885247,-73.91094175,alarm_box,154,Engine 263/Ladder 117,fdny_firehouse,first_due_engine_263_nearest_firehouse_citywide,first_due,263.0,0.1895471245550007,2.4370344585642947,ok,False,True,Medical - Breathing / Ill or Sick,Medical Emergencies,QUEENS,7541,ASTORIA BLVD S & STEINWAY ST,9,Y,1.0,0.0,0.0,First Alarm,Q7541,40.76885247,-73.91094175,ASTORIA BLVD S & STEINWAY ST,alarm_box_listing,nearest_engine,11103,154,0.1895471245550007
241231-B3443-001-0955,2024-12-31T20:32:17.000,BROOKLYN,3443,11214,351.0,414.0,40.598957,-73.988518,40.59841924364046,-73.99625356427286,zip_centroid,136,Engine 253,fdny_firehouse,nearest_firehouse_in_brooklyn,fallback_hybrid,,0.6558358351898291,6.72652138656235,ok,False,True,Medical MFA - EMS Link,Medical MFAs,BROOKLYN,3443,AVENUE Z & W 17 ST,62,Y,1.0,0.0,0.0,First Alarm,B3443,,,,unmatched_alarm_box,no_point,11214,136,0.6558358351898291
241231-Q9424-003-0600,2024-12-31T20:30:16.000,QUEENS,9424,11355,550.0,595.0,40.74424412,-73.82953367,40.750823237855116,-73.82074210024575,zip_centroid,664,CSL 59 AVE & 136 ST,csl,nearest_synthetic_csl_in_queens,fallback_hybrid,,1.041001603926738,6.813828680247739,ok,False,True,Elevator Emergency - Occupied,NonMedical Emergencies,QUEENS,9424,ELDER AVE & COLDEN ST,45,Y,0.0,1.0,0.0,First Alarm,Q9424,,,,unmatched_alarm_box,no_point,11355,168,1.1192365438746035
241231-Q8911-001-0598,2024-12-31T20:30:06.000,QUEENS,8911,11436,313.0,320.0,40.674054,-73.795083,40.67626883232255,-73.79719129926784,zip_centroid,187,Engine 302/Ladder 155,fdny_firehouse,nearest_firehouse_in_queens,fallback_hybrid,,0.3037512245036009,3.493624307389659,ok,False,True,Medical - Breathing / Ill or Sick,Medical Emergencies,QUEENS,8911,133 AVE & INWOOD ST,7,Y,1.0,0.0,0.0,First Alarm,Q8911,,,,unmatched_alarm_box,no_point,11436,187,0.3037512245036009
241231-M0457-001-0967,2024-12-31T20:27:56.000,MANHATTAN,457,10009,172.0,200.0,40.731494,-73.983407,40.72844574,-73.98178942,alarm_box,7,Engine 5,fdny_firehouse,first_due_engine_5_nearest_firehouse_citywide,first_due,5.0,0.36532995693592185,7.646440959123946,ok,False,True,Utility Emergency - Steam,NonMedical Emergencies,MANHATTAN,457,AVENUE A & E 11 ST,28,Y,3.0,2.0,1.0,First Alarm,M0457,40.72844574,-73.98178942,AVENUE A & E 11 ST,alarm_box_listing,nearest_engine,10009,7,0.36532995693592185
241231-M0815-003-0965,2024-12-31T20:27:09.000,MANHATTAN,815,10036,163.0,208.0,40.76098873,-73.99076377,40.75886307955852,-73.98967525427115,zip_centroid,339,CSL 9 AVE & W 46 ST,csl,nearest_synthetic_csl_in_manhattan,fallback_hybrid,,0.2535192445210474,5.599198038501661,ok,False,True,Remove Civilian - Non-Fire,NonMedical Emergencies,MANHATTAN,815,8 AVE & W 45 ST,44,Y,0.0,1.0,0.0,First Alarm,M0815,,,,unmatched_alarm_box,no_point,10036,19,0.31869326163084016
241231-X2174-001-0684,2024-12-31T20:27:04.000,BRONX,2174,10454,397.0,402.0,40.805819,-73.915834,40.80696618,-73.91166729,alarm_box,53,Engine 83/Ladder 29,fdny_firehouse,first_due_engine_83_nearest_firehouse_citywide,first_due,83.0,0.3731737187491585,3.383943041554082,ok,False,True,Medical - No PT Contact EMS is Onscene,Medical Emergencies,BRONX,2174,JACKSON AVE & E 141 ST,4,Y,1.0,0.0,0.0,First Alarm,X2174,40.80696618,-73.91166729,JACKSON AVE & E 141 ST,alarm_box_listing,within_engine,10454,53,0.3731737187491585
241231-B1088-002-0951,2024-12-31T20:26:01.000,BROOKLYN,1088,11225,128.0,178.0,40.660257,-73.953293,40.65949596,-73.96056091,alarm_box,122,Engine 249/Ladder 113,fdny_firehouse,first_due_engine_249_nearest_firehouse_citywide,first_due,249.0,0.6188717187670922,17.40576709032447,ok,False,True,Odor - Other Smoke,NonMedical Emergencies,BROOKLYN,1088,FLATBUSH AVE & MIDWOOD ST,49,Y,3.0,2.0,1.0,First Alarm,B1088,40.65949596,-73.96056091,FLATBUSH AVE & MIDWOOD ST,alarm_box_listing,nearest_engine,11225,122,0.6188717187670922
241231-M1683-001-0963,2024-12-31T20:24:55.000,MANHATTAN,1683,10032,469.0,500.0,40.835918,-73.940959,40.83729647,-73.94680584,alarm_box,35,Engine 84/Ladder 34,fdny_firehouse,first_due_engine_84_nearest_firehouse_citywide,first_due,84.0,0.5152094570402805,3.9546994570256078,ok,False,True,Assist Civilian - Non-Medical,NonMedical Emergencies,MANHATTAN,1683,RIVERSIDE DR & W 160 ST,31,Y,0.0,1.0,0.0,First Alarm,M1683,40.83729647,-73.94680584,RIVERSIDE DR & W 160 ST,alarm_box_listing,within_engine,10032,35,0.5152094570402805
241231-X2394-006-0680,2024-12-31T20:24:29.000,BRONX,2394,10452,239.0,276.0,40.836659,-73.926919,40.83005254,-73.92241311,alarm_box,52,Engine 68/Ladder 49,fdny_firehouse,first_due_engine_68_nearest_firehouse_citywide,first_due,68.0,0.8266511385207732,12.451648948430057,ok,False,True,Odor - Other Than Smoke,NonMedical Emergencies,BRONX,2394,WALTON AVE & E 164 ST,36,Y,3.0,3.0,1.0,First Alarm,X2394,40.83005254,-73.92241311,WALTON AVE & E 164 ST,alarm_box_listing,within_engine,10452,52,0.8266511385207732
241231-B3926-001-0948,2024-12-31T20:23:49.000,BROOKLYN,3926,11235,201.0,236.0,40.58719508,-73.95325196,40.58434612826166,-73.94889917083387,zip_centroid,491,CSL SHEEPSHEAD BAY RD & E 16 ST,csl,nearest_synthetic_csl_in_brooklyn,fallback_hybrid,,0.4852465140259243,8.690982340762822,ok,False,True,Utility Emergency - Electric,NonMedical Emergencies,BROOKLYN,3926,NOSTRAND AVE & AVENUE X,35,Y,3.0,2.0,1.0,First Alarm,B3926,,,,unmatched_alarm_box,no_point,11235,143,0.8878958156944061
241231-Q1094-002-0597,2024-12-31T20:23:27.000,QUEENS,1094,11691,254.0,262.0,40.604819,-73.75213,40.60533444,-73.75527385,alarm_box,196,Engine 264/Engine 328/Ladder 134,fdny_firehouse,first_due_engine_328_nearest_firehouse_citywide,first_due,328.0,0.27152402003607196,3.84837193751913,ok,False,True,Medical - Breathing / Ill or Sick,Medical Emergencies,QUEENS,1094,MOTT AVE & BEACH CHANNEL DR,8,Y,1.0,0.0,0.0,First Alarm,Q1094,40.60533444,-73.75527385,MOTT AVE & BEACH CHANNEL DR,alarm_box_listing,nearest_engine,11691,196,0.27152402003607196
241231-M1495-002-0962,2024-12-31T20:22:13.000,MANHATTAN,1495,10027,208.0,249.0,40.811921,-73.9546,40.81147758,-73.95021573,alarm_box,34,Engine 37/Ladder 40,fdny_firehouse,first_due_engine_37_nearest_firehouse_citywide,first_due,37.0,0.3722563215014955,6.442897872141269,ok,False,True,Odor - Other Than Smoke,NonMedical Emergencies,MANHATTAN,1495,8 AVE & W 127 ST,41,Y,2.0,2.0,1.0,First Alarm,M1495,40.81147758,-73.95021573,8 AVE & W 127 ST,alarm_box_listing,within_engine,10027,34,0.3722563215014955
241231-M0288-001-0961,2024-12-31T20:21:46.000,MANHATTAN,288,10002,405.0,413.0,40.716439,-73.983927,40.71933897,-73.98591092,alarm_box,5,Battalion 4/Engine 15/Ladder 18,fdny_firehouse,first_due_engine_15_nearest_firehouse_citywide,first_due,15.0,0.3632325055828788,3.2287333829589224,ok,False,True,Medical - No PT Contact EMS is Onscene,Medical Emergencies,MANHATTAN,288,SUFFOLK ST & RIVINGTON ST,7,Y,1.0,0.0,0.0,First Alarm,M0288,40.71933897,-73.98591092,SUFFOLK ST & RIVINGTON ST,alarm_box_listing,nearest_engine,10002,5,0.3632325055828788
241231-M0997-001-0960,2024-12-31T20:21:22.000,MANHATTAN,997,10023,272.0,280.0,40.77542927,-73.98397151,40.77732058,-73.98647908,alarm_box,577,CSL AMSTERDAM AVE & W 67 ST,csl,nearest_synthetic_csl_in_manhattan,fallback_hybrid,,0.2980117426910985,3.9442730650292446,ok,False,True,Medical - Breathing / Ill or Sick,Medical Emergencies,MANHATTAN,997,WEST END AVE & W 68 ST,8,Y,1.0,0.0,0.0,First Alarm,M0997,40.77732058,-73.98647908,WEST END AVE & W 68 ST,alarm_box_listing,outside_polygons,10023,21,0.3607144794512221
241231-M0479-001-0959,2024-12-31T20:20:34.000,MANHATTAN,479,10003,419.0,426.0,40.737948,-73.991035,40.73600514,-73.98926982,alarm_box,16,Engine 14,fdny_firehouse,first_due_engine_14_nearest_firehouse_citywide,first_due,14.0,0.2622789311231601,2.253470529936459,ok,False,True,Medical - EMS Link 10-91,Medical Emergencies,MANHATTAN,479,PARK AVE S & E 16 ST,7,Y,1.0,0.0,0.0,First Alarm,M0479,40.73600514,-73.98926982,PARK AVE S & E 16 ST,alarm_box_listing,nearest_engine,10003,16,0.2622789311231601
241231-M1676-001-0954,2024-12-31T20:17:37.000,MANHATTAN,1676,10032,154.0,200.0,40.835918,-73.940959,40.83468077,-73.94442546,alarm_box,35,Engine 84/Ladder 34,fdny_firehouse,first_due_engine_84_nearest_firehouse_citywide,first_due,84.0,0.32245144828769046,7.537826063868089,ok,False,True,Utility Emergency - Water,NonMedical Emergencies,MANHATTAN,1676,BROADWAY & W 158 ST,46,Y,0.0,1.0,0.0,First Alarm,M1676,40.83468077,-73.94442546,BROADWAY & W 158 ST,alarm_box_listing,within_engine,10032,35,0.32245144828769046
241231-M1945-002-0952,2024-12-31T20:16:27.000,MANHATTAN,1945,10044,429.0,437.0,40.759679,-73.940085,40.76433964,-73.94763663,alarm_box,151,Engine 260,fdny_firehouse,first_due_engine_260_nearest_firehouse_citywide,first_due,260.0,0.8204186928133108,6.884632387244566,ok,False,True,Medical - Breathing / Ill or Sick,Medical Emergencies,MANHATTAN,1945,MAIN ST N OF MOTOR GATE-ROOSEVELT IS,8,Y,1.0,0.0,0.0,First Alarm,M1945,40.76433964,-73.94763663,MAIN ST N OF MOTOR GATE-ROOSEVELT IS.,alarm_box_listing,within_engine,10044,151,0.8204186928133108
241231-B2656-001-0932,2024-12-31T20:14:34.000,BROOKLYN,2656,11220,279.0,325.0,40.63932033,-74.02354939,40.64077225876275,-74.01815637377871,zip_centroid,519,CSL 3 AVE & 65 ST,csl,nearest_synthetic_csl_in_brooklyn,fallback_hybrid,,0.4828355368927241,6.230135959906118,ok,False,True,Demolition Debris or Rubbish Fire,NonStructural Fires,BROOKLYN,2656,4 AVE & 62 ST,45,Y,1.0,0.0,0.0,First Alarm,B2656,,,,unmatched_alarm_box,no_point,11220,129,0.6586990787746585
241231-Q5776-001-0589,2024-12-31T20:13:32.000,QUEENS,5776,11422,411.0,422.0,40.664034,-73.740698,40.66003955050017,-73.73509073818687,zip_centroid,190,Engine 314,fdny_firehouse,nearest_firehouse_in_queens,fallback_hybrid,,0.6488270628060268,5.683156754505344,ok,False,True,Assist Civilian - Non-Medical,NonMedical Emergencies,QUEENS,5776,131 AVE & 234 ST,11,Y,1.0,0.0,0.0,First Alarm,Q5776,,,,unmatched_alarm_box,no_point,11422,190,0.6488270628060268
241231-Q5251-001-0590,2024-12-31T20:13:10.000,QUEENS,5251,11423,608.0,648.0,40.714467,-73.763078,40.71284692,-73.77615816,alarm_box,185,Engine 301/Ladder 150,fdny_firehouse,first_due_engine_301_nearest_firehouse_citywide,first_due,301.0,1.1170617795187041,6.614181589255485,ok,False,True,Utility Emergency - Water,NonMedical Emergencies,QUEENS,5251,89 AVE & 185 ST,39,Y,0.0,1.0,0.0,First Alarm,Q5251,40.71284692,-73.77615816,89 AVE & 185 ST,alarm_box_listing,nearest_engine,11423,185,1.1170617795187041
241231-B1556-001-0929,2024-12-31T20:12:03.000,BROOKLYN,1556,11226,282.0,312.0,40.648746,-73.949987,40.64724404,-73.96047114,alarm_box,123,Battalion 41/Engine 248,fdny_firehouse,first_due_engine_248_nearest_firehouse_citywide,first_due,248.0,0.9001389949743183,11.491136106055126,ok,False,True,Elevator Emergency - Occupied,NonMedical Emergencies,BROOKLYN,1556,OCEAN AVE & ALBEMARLE RD,30,Y,0.0,1.0,0.0,First Alarm,B1556,40.64724404,-73.96047114,OCEAN AVE & ALBEMARLE RD,alarm_box_listing,nearest_engine,11226,123,0.9001389949743183
241231-Q1231-003-0587,2024-12-31T20:11:24.000,QUEENS,1231,11691,250.0,266.0,40.593539,-73.779164,40.59526686,-73.78183631,alarm_box,198,Battalion 47/Engine 265/Ladder 121,fdny_firehouse,first_due_engine_265_nearest_firehouse_citywide,first_due,265.0,0.2963519880304231,4.267468627638093,ok,False,True,Medical - Breathing / Ill or Sick,Medical Emergencies,QUEENS,1231,BEACH CHANNEL DR & BEACH 51 ST,16,Y,1.0,0.0,0.0,First Alarm,Q1231,40.59526686,-73.78183631,BEACH CHANNEL DR & BEACH 51 ST,alarm_box_listing,within_engine,11691,198,0.2963519880304231
241231-X4723-002-0670,2024-12-31T20:10:29.000,BRONX,4723,10453,334.0,361.0,40.854655,-73.917286,40.85151287,-73.92307421,alarm_box,56,Engine 43/Ladder 59,fdny_firehouse,first_due_engine_43_nearest_firehouse_citywide,first_due,43.0,0.5992271171997257,6.4587353949671025,ok,False,True,Elevator Emergency - Occupied,NonMedical Emergencies,BRONX,4723,10 RICHMAN PLZ/SEDGWICK AV & W 176 ST,27,Y,0.0,1.0,0.0,First Alarm,X4723,40.85151287,-73.92307421,10 RICHMAN PLZ/SEDGWICK AV & W 176 ST,alarm_box_listing,within_engine,10453,56,0.5992271171997257
241231-B1039-002-0923,2024-12-31T20:09:27.000,BROOKLYN,1039,11213,152.0,197.0,40.670443,-73.933495,40.66930004,-73.94509413,alarm_box,94,Battalion 38/Engine 234/Ladder 123,fdny_firehouse,first_due_engine_234_nearest_firehouse_citywide,first_due,234.0,0.9864778742188395,23.36394965255146,ok,False,True,Multiple Dwelling 'A' - Other fire,Structural Fires,BROOKLYN,1039,BROOKLYN AVE & EASTERN PWAY,45,Y,4.0,3.0,1.0,First Alarm,B1039,40.66930004,-73.94509413,BROOKLYN AVE & EASTERN PWAY,alarm_box_listing,nearest_engine,11213,94,0.9864778742188395
241231-M0314-001-0945,2024-12-31T20:07:05.000,MANHATTAN,314,10012,208.0,238.0,40.72495123,-73.99490827,40.72594239486469,-73.99790654151013,zip_centroid,682,CSL MULBERRY ST & HOUSTON ST,csl,nearest_synthetic_csl_in_manhattan,fallback_hybrid,,0.2756515217425405,4.770891722467047,ok,False,True,Alarm System - Defective,NonMedical Emergencies,MANHATTAN,314,CROSBY ST & BROOME ST,29,Y,1.0,1.0,1.0,First Alarm,M0314,,,,unmatched_alarm_box,no_point,10012,8,0.34326293150380077
241231-M1678-001-0944,2024-12-31T20:06:46.000,MANHATTAN,1678,10032,471.0,505.0,40.835918,-73.940959,40.83378667,-73.94036011,alarm_box,35,Engine 84/Ladder 34,fdny_firehouse,first_due_engine_84_nearest_firehouse_citywide,first_due,84.0,0.24228974118178562,1.8518961109435843,ok,False,True,Assist Civilian - Non-Medical,NonMedical Emergencies,MANHATTAN,1678,ST NICHOLAS AVE & W 159 ST,34,Y,0.0,1.0,0.0,First Alarm,M1678,40.83378667,-73.94036011,ST NICHOLAS AVE & W 159 ST,alarm_box_listing,within_engine,10032,35,0.24228974118178562
241231-Q8543-001-0585,2024-12-31T20:05:51.000,QUEENS,8543,11421,250.0,259.0,40.688614,-73.855934,40.687617,-73.85814112,alarm_box,177,Engine 293,fdny_firehouse,first_due_engine_293_nearest_firehouse_citywide,first_due,293.0,0.21661385433403718,3.119239502410135,ok,False,True,Medical - No PT Contact EMS is Onscene,Medical Emergencies,QUEENS,8543,91 AVE & 84 ST,8,Y,1.0,0.0,0.0,First Alarm,Q8543,40.687617,-73.85814112,91 AVE & 84 ST,alarm_box_listing,within_engine,11421,177,0.21661385433403718
241231-Q5999-001-0584,2024-12-31T20:04:58.000,QUEENS,5999,11413,361.0,404.0,40.66966638,-73.75643734,40.66757911387556,-73.7525149800106,zip_centroid,697,CSL SPRINGFIELD BLVD & EDGEWOOD AVE,csl,nearest_synthetic_csl_in_queens,fallback_hybrid,,0.4041099235821803,4.029905055113155,ok,False,True,Private Dwelling Fire,Structural Fires,QUEENS,5999,136 AVE & 222 ST,42,Y,1.0,1.0,0.0,First Alarm,Q5999,,,,unmatched_alarm_box,no_point,11413,189,0.7592621488405996
241231-X3507-001-0668,2024-12-31T20:03:39.000,BRONX,3507,10458,389.0,443.0,40.86836792,-73.88980523,40.86461650805717,-73.88972537988687,zip_centroid,250,CSL BRIGGS AVE & E 197 ST,csl,nearest_synthetic_csl_in_bronx,fallback_hybrid,,0.4171920136565026,3.8609029541475817,ok,False,True,Assist Civilian - Non-Medical,NonMedical Emergencies,BRONX,3507,VALENTINE AVE & E 198 ST,54,Y,0.0,1.0,0.0,First Alarm,X3507,,,,unmatched_alarm_box,no_point,10458,62,0.6829037292150765
241231-M1426-001-0940,2024-12-31T20:03:33.000,MANHATTAN,1426,10035,315.0,334.0,40.803297,-73.936522,40.79859361,-73.93351655,alarm_box,30,Battalion 12/Engine 35/Ladder 14,fdny_firehouse,first_due_engine_35_nearest_firehouse_citywide,first_due,35.0,0.5809640605936668,6.639589263927621,ok,False,True,Elevator Emergency - Occupied,NonMedical Emergencies,MANHATTAN,1426,1 AVE & E 120 ST,19,Y,0.0,1.0,0.0,First Alarm,M1426,40.79859361,-73.93351655,1 AVE & E 120 ST,alarm_box_listing,within_engine,10035,30,0.5809640605936668
241231-B0406-003-0918,2024-12-31T20:02:22.000,BROOKLYN,406,11205,214.0,334.0,40.69620749,-73.96158556,40.696519702454395,-73.96636995753218,zip_centroid,536,CSL PARK AVE & CLASSON AVE,csl,nearest_synthetic_csl_in_brooklyn,fallback_hybrid,,0.40484130897494675,6.810414543503777,ok,False,True,Assist Civilian - Non-Medical,NonMedical Emergencies,BROOKLYN,406,PARK AVE & NAVY ST,119,Y,1.0,0.0,0.0,First Alarm,B0406,,,,unmatched_alarm_box,no_point,11205,104,0.6405578547268305
241231-B1698-005-0912,2024-12-31T19:59:59.000,BROOKLYN,1698,11212,221.0,233.0,40.67057,-73.907891,40.66798883,-73.90446421,alarm_box,115,Battalion 44/Engine 231/Ladder 120,fdny_firehouse,first_due_engine_231_nearest_firehouse_citywide,first_due,231.0,0.4073150285740513,6.6349959405727805,ok,False,True,Medical - No PT Contact EMS is Onscene,Medical Emergencies,BROOKLYN,1698,SUTTER AVE & SACKMAN ST,12,Y,1.0,0.0,0.0,First Alarm,B1698,40.66798883,-73.90446421,SUTTER AVE & SACKMAN ST,alarm_box_listing,within_engine,11212,115,0.4073150285740513
241231-M0567-003-0933,2024-12-31T19:57:00.000,MANHATTAN,567,10011,257.0,294.0,40.74582636,-74.00181131,40.74374198373285,-74.00056296911586,zip_centroid,467,CSL 9 AVE & W 22 ST,csl,nearest_synthetic_csl_in_manhattan,fallback_hybrid,,0.2545152520021646,3.56519419147001,ok,False,True,Alarm System - Unnecessary,NonMedical Emergencies,MANHATTAN,567,5 AVE & 16 ST,36,Y,0.0,1.0,1.0,First Alarm,M0567,,,,unmatched_alarm_box,no_point,10011,14,0.42076977535900995
241231-M0923-002-0934,2024-12-31T19:56:54.000,MANHATTAN,923,10022,266.0,313.0,40.75962491,-73.97008101,40.758106456852204,-73.9682197312134,zip_centroid,566,CSL LEXINGTON AVE & E 55 ST,csl,nearest_synthetic_csl_in_manhattan,fallback_hybrid,,0.2304011887751341,3.1182115774078296,ok,False,True,Alarm System - Unnecessary,NonMedical Emergencies,MANHATTAN,923,3 AVE & E 58 ST,46,Y,1.0,3.0,1.0,First Alarm,M0923,,,,unmatched_alarm_box,no_point,10022,24,0.256285084662852
