cell_id,_ix,_iy,n_incidents,weight,lat,lon,share,cell_km,cell_dlat,cell_dlon,response_s,response_s_current,response_s_delta,assigned_site,covered,covered_current
0,-6238,4510,791,791.0,40.791317656131476,-73.94602431605563,0.0098875,1.0,0.009043717329571148,0.011855153759827281,61.51338871040436,61.51338871040436,0.0,28,True,True
1,-6237,4511,726,726.0,40.80066811707989,-73.93627958126721,0.009075,1.0,0.009043717329571148,0.011855153759827281,63.977827279364824,63.977827279364824,0.0,30,True,True
2,-6236,4512,655,655.0,40.80958855725191,-73.92275085496183,0.0081875,1.0,0.009043717329571148,0.011855153759827281,30.0,81.97521348366207,-51.975213483662074,221,True,True
3,-6241,4506,633,633.0,40.75580356556082,-73.98293540126382,0.0079125,1.0,0.009043717329571148,0.011855153759827281,35.455706974650866,35.455706974650866,0.0,44,True,True
4,-6238,4511,592,592.0,40.79948465371621,-73.94678458445946,0.0074,1.0,0.009043717329571148,0.011855153759827281,30.0,30.0,0.0,27,True,True
5,-6242,4502,588,588.0,40.71924312585034,-73.993511664966,0.00735,1.0,0.009043717329571148,0.011855153759827281,48.563084018830835,48.563084018830835,0.0,37,True,True
6,-6241,4502,570,570.0,40.71954736315789,-73.9821119859649,0.007125,1.0,0.009043717329571148,0.011855153759827281,58.72513527309833,58.72513527309833,0.0,6,True,True
7,-6235,4515,565,565.0,40.83643191150442,-73.90987910088495,0.0070625,1.0,0.009043717329571148,0.011855153759827281,76.93404345140829,76.93404345140829,0.0,79,True,True
8,-6238,4512,551,551.0,40.81070257713249,-73.94565191470055,0.0068875,1.0,0.009043717329571148,0.011855153759827281,81.4587463131469,81.4587463131469,0.0,33,True,True
9,-6242,4506,549,549.0,40.75556878506375,-73.9929240273224,0.0068625,1.0,0.009043717329571148,0.011855153759827281,68.44080775368755,68.44080775368755,0.0,12,True,True
10,-6235,4514,541,541.0,40.827604343807764,-73.91111727356747,0.0067625,1.0,0.009043717329571148,0.011855153759827281,72.53750443143494,72.53750443143494,0.0,51,True,True
11,-6236,4515,537,537.0,40.83687205214152,-73.92384066480447,0.0067125,1.0,0.009043717329571148,0.011855153759827281,58.46609500020866,58.46609500020866,0.0,52,True,True
12,-6241,4505,520,520.0,40.746300417307694,-73.98218663846153,0.0065,1.0,0.009043717329571148,0.011855153759827281,30.0,112.74838233593182,-82.74838233593182,231,True,True
13,-6241,4507,516,516.0,40.763516042635665,-73.98283836627907,0.00645,1.0,0.009043717329571148,0.011855153759827281,83.62029482651592,83.62029482651592,0.0,20,True,True
14,-6242,4505,510,510.0,40.746315576470586,-73.99304998039216,0.006375,1.0,0.009043717329571148,0.011855153759827281,62.922539498904456,62.922539498904456,0.0,15,True,True
15,-6233,4516,502,502.0,40.84562531673306,-73.88674842828685,0.006275,1.0,0.009043717329571148,0.011855153759827281,30.0,98.23931109776856,-68.23931109776856,234,True,True
16,-6242,4503,482,482.0,40.7278158153527,-73.99363302904564,0.006025,1.0,0.009043717329571148,0.011855153759827281,36.930811912747075,36.930811912747075,0.0,9,True,True
17,-6234,4517,465,465.0,40.85578818709677,-73.89960107096775,0.0058125,1.0,0.009043717329571148,0.011855153759827281,83.27394272466174,83.27394272466174,0.0,81,True,True
18,-6238,4513,454,454.0,40.819501218061674,-73.94534364757709,0.005675,1.0,0.009043717329571148,0.011855153759827281,70.50081264562297,70.50081264562297,0.0,40,True,True
19,-6235,4513,446,446.0,40.81811706502242,-73.90987295515694,0.005575,1.0,0.009043717329571148,0.011855153759827281,104.55914301403928,104.55914301403928,0.0,50,True,True
20,-6241,4503,446,446.0,40.72758705829597,-73.98186116591928,0.005575,1.0,0.009043717329571148,0.011855153759827281,90.8059014244875,90.8059014244875,0.0,7,True,True
21,-6235,4496,433,433.0,40.664839309468825,-73.90953315704388,0.0054125,1.0,0.009043717329571148,0.011855153759827281,30.0,123.99417419767033,-93.99417419767033,240,True,True
22,-6234,4516,425,425.0,40.84681974823529,-73.89884894588235,0.0053125,1.0,0.009043717329571148,0.011855153759827281,30.0,30.0,0.0,58,True,True
23,-6241,4499,418,418.0,40.69206172488038,-73.98307240430623,0.005225,1.0,0.009043717329571148,0.011855153759827281,78.05549549196384,78.05549549196384,0.0,82,True,True
24,-6235,4517,415,415.0,40.85359686987952,-73.91137477108434,0.0051875,1.0,0.009043717329571148,0.011855153759827281,100.39306961388375,100.39306961388375,0.0,56,True,True
25,-6235,4497,411,411.0,40.67417336496351,-73.9114436836983,0.0051375,1.0,0.009043717329571148,0.011855153759827281,98.62356949270274,98.62356949270274,0.0,115,True,True
26,-6240,4506,410,410.0,40.75585745853659,-73.97042083414634,0.005125,1.0,0.009043717329571148,0.011855153759827281,34.95569372275119,34.95569372275119,0.0,24,True,True
27,-6234,4514,407,407.0,40.82804113267813,-73.90048007125307,0.0050875,1.0,0.009043717329571148,0.011855153759827281,88.98897573472135,88.98897573472135,0.0,59,True,True
28,-6242,4486,398,398.0,40.575463763819094,-73.99328745477386,0.004975,1.0,0.009043717329571148,0.011855153759827281,57.854614878408775,57.854614878408775,0.0,137,True,True
29,-6243,4501,394,394.0,40.71032977664974,-74.00681793654823,0.004925,1.0,0.009043717329571148,0.011855153759827281,36.12638634509056,36.12638634509056,0.0,1,True,True
30,-6241,4504,393,393.0,40.737855038167936,-73.98268700254454,0.0049125,1.0,0.009043717329571148,0.011855153759827281,103.97760526160683,103.97760526160683,0.0,17,True,True
31,-6239,4511,392,392.0,40.800847979591836,-73.95842690816326,0.0049,1.0,0.009043717329571148,0.011855153759827281,114.08517587173012,114.08517587173012,0.0,32,True,True
32,-6237,4516,391,391.0,40.84676759590793,-73.9353384117647,0.0048875,1.0,0.009043717329571148,0.011855153759827281,78.17349391922343,78.17349391922343,0.0,42,True,True
33,-6238,4509,389,389.0,40.78350087917738,-73.94691238560411,0.0048625,1.0,0.009043717329571148,0.011855153759827281,30.0,115.77766949498272,-85.77766949498272,252,True,True
34,-6234,4513,384,384.0,40.819624971354166,-73.89987607291667,0.0048,1.0,0.009043717329571148,0.011855153759827281,112.78529267395768,112.78529267395768,0.0,77,True,True
35,-6234,4518,382,382.0,40.863423513089,-73.89894818062827,0.004775,1.0,0.009043717329571148,0.011855153759827281,30.0,118.3210605445634,-88.3210605445634,254,True,True
36,-6239,4512,380,380.0,40.81093792631579,-73.9563307763158,0.00475,1.0,0.009043717329571148,0.011855153759827281,45.43951004679515,45.43951004679515,0.0,34,True,True
37,-6235,4516,380,380.0,40.84687269736842,-73.91022088421052,0.00475,1.0,0.009043717329571148,0.011855153759827281,63.99526701184793,63.99526701184793,0.0,55,True,True
38,-6238,4514,380,380.0,40.82761256578947,-73.94591943157894,0.00475,1.0,0.009043717329571148,0.011855153759827281,30.0,140.38679538281977,-110.38679538281977,257,True,True
39,-6238,4500,380,380.0,40.70135007631579,-73.94448230526316,0.00475,1.0,0.009043717329571148,0.011855153759827281,89.4430314072563,89.4430314072563,0.0,100,True,True
40,-6234,4496,380,380.0,40.66610605526316,-73.89919125,0.00475,1.0,0.009043717329571148,0.011855153759827281,70.85725979188632,70.85725979188632,0.0,118,True,True
41,-6243,4502,378,378.0,40.719269592592596,-74.0055280079365,0.004725,1.0,0.009043717329571148,0.011855153759827281,31.38940553492816,31.38940553492816,0.0,3,True,True
42,-6242,4504,378,378.0,40.737386642857146,-73.99332421428572,0.004725,1.0,0.009043717329571148,0.011855153759827281,48.88358346705316,48.88358346705316,0.0,16,True,True
43,-6237,4499,373,373.0,40.692147155495974,-73.93478231367293,0.0046625,1.0,0.009043717329571148,0.011855153759827281,61.65164269880479,61.65164269880479,0.0,97,True,True
44,-6233,4517,370,370.0,40.85424943243243,-73.88754135945946,0.004625,1.0,0.009043717329571148,0.011855153759827281,58.73306068866349,58.73306068866349,0.0,75,True,True
45,-6236,4513,368,368.0,40.819280211956524,-73.92169979076087,0.0046,1.0,0.009043717329571148,0.011855153759827281,57.55218454288045,57.55218454288045,0.0,49,True,True
46,-6236,4518,368,368.0,40.86369164673913,-73.9233271548913,0.0046,1.0,0.009043717329571148,0.011855153759827281,49.075874813535734,49.075874813535734,0.0,36,True,True
47,-6236,4499,364,364.0,40.69213397802198,-73.92346325,0.00455,1.0,0.009043717329571148,0.011855153759827281,64.19845050009225,64.19845050009225,0.0,98,True,True
48,-6240,4510,363,363.0,40.792309793388426,-73.97044747107438,0.0045375,1.0,0.009043717329571148,0.011855153759827281,104.04044418117417,104.04044418117417,0.0,31,True,True
49,-6242,4499,355,355.0,40.692613771830985,-73.99195341971831,0.0044375,1.0,0.009043717329571148,0.011855153759827281,87.74284930878619,87.74284930878619,0.0,85,True,True
50,-6236,4497,346,346.0,40.67355100867052,-73.9232866734104,0.004325,1.0,0.009043717329571148,0.011855153759827281,46.7062249992006,46.7062249992006,0.0,95,True,True
51,-6241,4498,336,336.0,40.68390741369048,-73.98123207738095,0.0042,1.0,0.009043717329571148,0.011855153759827281,77.63720835377649,77.63720835377649,0.0,83,True,True
52,-6236,4514,335,335.0,40.82732650447761,-73.92111130746268,0.0041875,1.0,0.009043717329571148,0.011855153759827281,30.0,167.31309406176473,-137.31309406176473,271,True,True
53,-6236,4496,333,333.0,40.66522867867868,-73.92263452552552,0.0041625,1.0,0.009043717329571148,0.011855153759827281,118.12284392018984,118.12284392018984,0.0,116,True,True
54,-6233,4518,331,331.0,40.86493119637462,-73.88949833836858,0.0041375,1.0,0.009043717329571148,0.011855153759827281,122.51662927408975,122.51662927408975,0.0,62,True,True
55,-6237,4500,327,327.0,40.70070779816514,-73.93590357186544,0.0040875,1.0,0.009043717329571148,0.011855153759827281,117.24336625298751,117.24336625298751,0.0,110,True,True
56,-6231,4520,321,321.0,40.881761794392524,-73.86341777570092,0.0040125,1.0,0.009043717329571148,0.011855153759827281,131.16168363681604,131.16168363681604,0.0,67,True,True
57,-6237,4514,321,321.0,40.82856484423676,-73.93710016199377,0.0040125,1.0,0.009043717329571148,0.011855153759827281,30.0,162.04071910647448,-132.04071910647448,276,True,True
58,-6226,4500,317,317.0,40.701951217665616,-73.80563792429022,0.0039625,1.0,0.009043717329571148,0.011855153759827281,30.0,122.23487830188192,-92.23487830188192,277,True,True
59,-6240,4507,315,315.0,40.76400384761905,-73.96912490793652,0.0039375,1.0,0.009043717329571148,0.011855153759827281,111.18991462548294,111.18991462548294,0.0,39,True,True
60,-6237,4512,314,314.0,40.80954408598726,-73.93646366560509,0.003925,1.0,0.009043717329571148,0.011855153759827281,124.75931561404055,124.75931561404055,0.0,33,True,True
61,-6239,4495,314,314.0,40.65520935350319,-73.95812061146496,0.003925,1.0,0.009043717329571148,0.011855153759827281,130.90396883495652,130.90396883495652,0.0,122,True,True
62,-6238,4499,309,309.0,40.69305181877023,-73.94551794174758,0.0038625,1.0,0.009043717329571148,0.011855153759827281,112.31442442174097,112.31442442174097,0.0,100,True,True
63,-6239,4513,309,309.0,40.817757702265375,-73.9557466343042,0.0038625,1.0,0.009043717329571148,0.011855153759827281,119.78660176223256,119.78660176223256,0.0,41,True,True
64,-6236,4500,307,307.0,40.701559664495115,-73.92213751140066,0.0038375,1.0,0.009043717329571148,0.011855153759827281,102.05827965303052,102.05827965303052,0.0,111,True,True
65,-6235,4512,302,302.0,40.810563264900665,-73.91204937086093,0.003775,1.0,0.009043717329571148,0.011855153759827281,118.00078540940504,118.00078540940504,0.0,53,True,True
66,-6243,4503,298,298.0,40.72899783557047,-74.00430187919463,0.003725,1.0,0.009043717329571148,0.011855153759827281,36.57902029398511,36.57902029398511,0.0,45,True,True
67,-6237,4513,294,294.0,40.818595574829935,-73.93696478231293,0.003675,1.0,0.009043717329571148,0.011855153759827281,95.10051328775701,95.10051328775701,0.0,40,True,True
68,-6242,4501,293,293.0,40.71182649829351,-73.99384439249147,0.0036625,1.0,0.009043717329571148,0.011855153759827281,83.06861918150868,83.06861918150868,0.0,4,True,True
69,-6233,4514,291,291.0,40.827757402061856,-73.88990655670104,0.0036375,1.0,0.009043717329571148,0.011855153759827281,91.6363590932222,91.6363590932222,0.0,59,True,True
70,-6239,4494,291,291.0,40.64670888316151,-73.95879316838489,0.0036375,1.0,0.009043717329571148,0.011855153759827281,144.82193505328888,144.82193505328888,0.0,123,True,True
71,-6238,4501,290,290.0,40.709973113793104,-73.9467820551724,0.003625,1.0,0.009043717329571148,0.011855153759827281,103.02159056961405,103.02159056961405,0.0,106,True,True
72,-6239,4501,288,288.0,40.710216833333334,-73.95862723263889,0.0036,1.0,0.009043717329571148,0.011855153759827281,80.18433911631018,80.18433911631018,0.0,105,True,True
73,-6240,4499,285,285.0,40.694403571929826,-73.96750383859649,0.0035625,1.0,0.009043717329571148,0.011855153759827281,98.07167608122307,98.07167608122307,0.0,103,True,True
74,-6241,4508,285,285.0,40.77385725263158,-73.98283548070177,0.0035625,1.0,0.009043717329571148,0.011855153759827281,38.53782711931957,38.53782711931957,0.0,21,True,True
75,-6243,4505,284,284.0,40.74639379577465,-74.00344979929578,0.00355,1.0,0.009043717329571148,0.011855153759827281,148.87105081266512,148.87105081266512,0.0,14,True,True
76,-6239,4508,282,282.0,40.773414393617024,-73.9577279574468,0.003525,1.0,0.009043717329571148,0.011855153759827281,51.92493655630891,51.92493655630891,0.0,25,True,True
77,-6242,4507,281,281.0,40.76376028825623,-73.99281818505338,0.0035125,1.0,0.009043717329571148,0.011855153759827281,92.69389985872638,92.69389985872638,0.0,38,True,True
78,-6238,4498,275,275.0,40.68293128,-73.94615409454545,0.0034375,1.0,0.009043717329571148,0.011855153759827281,96.20282234946569,96.20282234946569,0.0,101,True,True
79,-6233,4513,275,275.0,40.81909370181818,-73.88879476363637,0.0034375,1.0,0.009043717329571148,0.011855153759827281,32.18466663883524,32.18466663883524,0.0,54,True,True
80,-6233,4515,273,273.0,40.83671329304029,-73.8870615970696,0.0034125,1.0,0.009043717329571148,0.011855153759827281,123.1980577445491,123.1980577445491,0.0,61,True,True
81,-6231,4513,271,271.0,40.81859239852399,-73.86416853505536,0.0033875,1.0,0.009043717329571148,0.011855153759827281,124.51293869366462,124.51293869366462,0.0,63,True,True
82,-6239,4507,270,270.0,40.7654924037037,-73.95935348518519,0.003375,1.0,0.009043717329571148,0.011855153759827281,81.66518840574106,81.66518840574106,0.0,39,True,True
83,-6233,4519,266,266.0,40.8726624887218,-73.8861679924812,0.003325,1.0,0.009043717329571148,0.011855153759827281,59.6768357198137,59.6768357198137,0.0,62,True,True
84,-6238,4493,266,266.0,40.63761754887218,-73.94666077819548,0.003325,1.0,0.009043717329571148,0.011855153759827281,75.21053774503496,75.21053774503496,0.0,125,True,True
85,-6236,4487,265,265.0,40.5840052490566,-73.92223867169811,0.0033125,1.0,0.009043717329571148,0.011855153759827281,400.47679602073396,400.47679602073396,0.0,144,True,True
86,-6237,4497,265,265.0,40.67360475471698,-73.93507645660377,0.0033125,1.0,0.009043717329571148,0.011855153759827281,77.84900678886083,77.84900678886083,0.0,94,True,True
87,-6237,4496,261,261.0,40.6657038697318,-73.93420432183908,0.0032625,1.0,0.009043717329571148,0.011855153759827281,103.64458924015783,103.64458924015783,0.0,94,True,True
88,-6234,4515,260,260.0,40.83564793846154,-73.9005180423077,0.00325,1.0,0.009043717329571148,0.011855153759827281,119.5807424495638,119.5807424495638,0.0,80,True,True
89,-6232,4514,259,259.0,40.82787722007722,-73.876094,0.0032375,1.0,0.009043717329571148,0.011855153759827281,146.30428913298033,146.30428913298033,0.0,63,True,True
90,-6237,4517,259,259.0,40.854561115830116,-73.93306375289575,0.0032375,1.0,0.009043717329571148,0.011855153759827281,125.29717005336671,125.29717005336671,0.0,42,True,True
91,-6237,4515,258,258.0,40.83603551937984,-73.93676405813953,0.003225,1.0,0.009043717329571148,0.011855153759827281,74.0274145740242,74.0274145740242,0.0,35,True,True
92,-6241,4509,258,258.0,40.782142829457364,-73.98037743798449,0.003225,1.0,0.009043717329571148,0.011855153759827281,30.0,30.0,0.0,22,True,True
93,-6239,4493,252,252.0,40.63833713492063,-73.95814876984127,0.00315,1.0,0.009043717329571148,0.011855153759827281,126.591900019409,126.591900019409,0.0,125,True,True
94,-6238,4506,245,245.0,40.755770326530616,-73.94467061632653,0.0030625,1.0,0.009043717329571148,0.011855153759827281,112.18410869554249,112.18410869554249,0.0,151,True,True
95,-6236,4516,243,243.0,40.845369477366255,-73.92137733333333,0.0030375,1.0,0.009043717329571148,0.011855153759827281,172.44683152098483,172.44683152098483,0.0,42,True,True
96,-6232,4497,234,234.0,40.67396455555555,-73.87500231623932,0.002925,1.0,0.009043717329571148,0.011855153759827281,91.88131910595256,91.88131910595256,0.0,119,True,True
97,-6235,4500,234,234.0,40.700737205128206,-73.91053658974359,0.002925,1.0,0.009043717329571148,0.011855153759827281,109.1258785874751,109.1258785874751,0.0,112,True,True
98,-6239,4497,233,233.0,40.673565596566526,-73.95843898712447,0.0029125,1.0,0.009043717329571148,0.011855153759827281,60.16791683897346,60.16791683897346,0.0,93,True,True
99,-6239,4499,232,232.0,40.691608012931034,-73.95831291810345,0.0029,1.0,0.009043717329571148,0.011855153759827281,93.10126354072284,93.10126354072284,0.0,102,True,True
100,-6231,4514,231,231.0,40.82826495670996,-73.86536178787878,0.0028875,1.0,0.009043717329571148,0.011855153759827281,128.06157311256652,128.06157311256652,0.0,63,True,True
101,-6238,4497,229,229.0,40.6745521441048,-73.94658978165938,0.0028625,1.0,0.009043717329571148,0.011855153759827281,214.75996054034684,214.75996054034684,0.0,94,True,True
102,-6233,4497,228,228.0,40.673823640350875,-73.88919417982456,0.00285,1.0,0.009043717329571148,0.011855153759827281,73.07275637951878,73.07275637951878,0.0,117,True,True
103,-6228,4506,226,226.0,40.755540982300886,-73.82817780088496,0.002825,1.0,0.009043717329571148,0.011855153759827281,98.56205985290129,98.56205985290129,0.0,168,True,True
104,-6243,4497,226,226.0,40.67564907522124,-74.00620820796459,0.002825,1.0,0.009043717329571148,0.011855153759827281,103.09737966572199,103.09737966572199,0.0,87,True,True
105,-6222,4489,225,225.0,40.60277289333333,-73.75482102222222,0.0028125,1.0,0.009043717329571148,0.011855153759827281,68.73991398401317,68.73991398401317,0.0,196,True,True
106,-6232,4496,225,225.0,40.666633319999995,-73.87244641777778,0.0028125,1.0,0.009043717329571148,0.011855153759827281,127.46097091123262,127.46097091123262,0.0,120,True,True
107,-6231,4518,221,221.0,40.86445952488688,-73.86496944343891,0.0027625,1.0,0.009043717329571148,0.011855153759827281,237.04505846981564,237.04505846981564,0.0,67,True,True
108,-6234,4519,218,218.0,40.871068522935786,-73.90098973853212,0.002725,1.0,0.009043717329571148,0.011855153759827281,130.52513387392167,130.52513387392167,0.0,76,True,True
109,-6236,4498,217,217.0,40.68282480645161,-73.9218136451613,0.0027125,1.0,0.009043717329571148,0.011855153759827281,146.05896758027242,146.05896758027242,0.0,98,True,True
110,-6238,4515,213,213.0,40.83648867136151,-73.94349017370892,0.0026625,1.0,0.009043717329571148,0.011855153759827281,52.138551000858044,52.138551000858044,0.0,35,True,True
111,-6228,4507,213,213.0,40.76337937089202,-73.82797935211268,0.0026625,1.0,0.009043717329571148,0.011855153759827281,83.19168287618383,83.19168287618383,0.0,168,True,True
112,-6231,4516,210,210.0,40.844734204761906,-73.86297847619048,0.002625,1.0,0.009043717329571148,0.011855153759827281,76.68778044292564,76.68778044292564,0.0,64,True,True
113,-6231,4519,210,210.0,40.873437071428576,-73.86472041904761,0.002625,1.0,0.009043717329571148,0.011855153759827281,79.40720171262001,79.40720171262001,0.0,67,True,True
114,-6236,4517,207,207.0,40.85265100483092,-73.92375327536232,0.0025875,1.0,0.009043717329571148,0.011855153759827281,113.24839549040539,113.24839549040539,0.0,56,True,True
115,-6240,4511,206,206.0,40.799976898058254,-73.96879849514563,0.002575,1.0,0.009043717329571148,0.011855153759827281,84.04370179076106,84.04370179076106,0.0,31,True,True
116,-6233,4505,202,202.0,40.74704501980197,-73.88741127722773,0.002525,1.0,0.009043717329571148,0.011855153759827281,179.69075632046938,179.69075632046938,0.0,156,True,True
117,-6230,4521,202,202.0,40.891421084158424,-73.8522925990099,0.002525,1.0,0.009043717329571148,0.011855153759827281,66.85654622988139,66.85654622988139,0.0,69,True,True
118,-6239,4498,202,202.0,40.6827464009901,-73.95755618811882,0.002525,1.0,0.009043717329571148,0.011855153759827281,116.59650709185121,116.59650709185121,0.0,101,True,True
119,-6231,4504,201,201.0,40.73727641293532,-73.8621271243781,0.0025125,1.0,0.009043717329571148,0.011855153759827281,158.89060937161645,158.89060937161645,0.0,159,True,True
120,-6237,4498,201,201.0,40.682604845771145,-73.93450008955223,0.0025125,1.0,0.009043717329571148,0.011855153759827281,53.031700114545224,53.031700114545224,0.0,99,True,True
121,-6235,4495,199,199.0,40.65619390452261,-73.91129234170855,0.0024875,1.0,0.009043717329571148,0.011855153759827281,144.16029114240823,144.16029114240823,0.0,116,True,True
122,-6238,4494,197,197.0,40.64682091878173,-73.94805574111676,0.0024625,1.0,0.009043717329571148,0.011855153759827281,59.96387096193733,59.96387096193733,0.0,123,True,True
123,-6235,4520,196,196.0,40.88119210204081,-73.9097063622449,0.00245,1.0,0.009043717329571148,0.011855153759827281,130.88034620380807,130.88034620380807,0.0,76,True,True
124,-6240,4498,195,195.0,40.683165148717954,-73.97050303076922,0.0024375,1.0,0.009043717329571148,0.011855153759827281,74.76099785800622,74.76099785800622,0.0,92,True,True
125,-6237,4507,191,191.0,40.76351567539267,-73.9349284973822,0.0023875,1.0,0.009043717329571148,0.011855153759827281,116.75354067706037,116.75354067706037,0.0,151,True,True
126,-6239,4500,191,191.0,40.699718209424084,-73.95707290575916,0.0023875,1.0,0.009043717329571148,0.011855153759827281,91.66323636286444,91.66323636286444,0.0,102,True,True
127,-6231,4515,190,190.0,40.83649933684211,-73.86304729473684,0.002375,1.0,0.009043717329571148,0.011855153759827281,202.06316290339296,202.06316290339296,0.0,78,True,True
128,-6231,4517,190,190.0,40.854939157894734,-73.86529171578947,0.002375,1.0,0.009043717329571148,0.011855153759827281,175.75900658864572,175.75900658864572,0.0,64,True,True
129,-6239,4496,184,184.0,40.66504177717391,-73.95724932065217,0.0023,1.0,0.009043717329571148,0.011855153759827281,119.97188848668802,119.97188848668802,0.0,122,True,True
130,-6231,4505,183,183.0,40.74760714754098,-73.86320066666667,0.0022875,1.0,0.009043717329571148,0.011855153759827281,55.00684388909464,55.00684388909464,0.0,157,True,True
131,-6239,4509,181,181.0,40.78081133149171,-73.95643912707182,0.0022625,1.0,0.009043717329571148,0.011855153759827281,58.67740469509507,58.67740469509507,0.0,26,True,True
132,-6242,4498,181,181.0,40.68372440883978,-73.9932649281768,0.0022625,1.0,0.009043717329571148,0.011855153759827281,175.47296976903624,175.47296976903624,0.0,83,True,True
133,-6239,4502,181,181.0,40.7186385801105,-73.95826762430939,0.0022625,1.0,0.009043717329571148,0.011855153759827281,124.16773161281102,124.16773161281102,0.0,105,True,True
134,-6228,4518,179,179.0,40.867407932960894,-73.82621789385476,0.0022375,1.0,0.009043717329571148,0.011855153759827281,97.16781997308384,97.16781997308384,0.0,70,True,True
135,-6233,4495,179,179.0,40.65702143575419,-73.88616491620111,0.0022375,1.0,0.009043717329571148,0.011855153759827281,214.49155528398214,214.49155528398214,0.0,118,True,True
136,-6242,4493,178,178.0,40.638298393258424,-73.99395031460675,0.002225,1.0,0.009043717329571148,0.011855153759827281,72.09729957882692,72.09729957882692,0.0,127,True,True
137,-6235,4498,178,178.0,40.68324966292135,-73.9113392752809,0.002225,1.0,0.009043717329571148,0.011855153759827281,30.0,30.0,0.0,96,True,True
138,-6241,4501,177,177.0,40.71261692655367,-73.98322402824859,0.0022125,1.0,0.009043717329571148,0.011855153759827281,86.72186177671689,86.72186177671689,0.0,5,True,True
139,-6232,4505,176,176.0,40.74681368181818,-73.87582421022726,0.0022,1.0,0.009043717329571148,0.011855153759827281,163.4428523163662,163.4428523163662,0.0,157,True,True
140,-6225,4501,174,174.0,40.709509454022985,-73.79249485632184,0.002175,1.0,0.009043717329571148,0.011855153759827281,183.60262641386007,183.60262641386007,0.0,182,True,True
141,-6236,4507,173,173.0,40.76517650867052,-73.92371080346821,0.0021625,1.0,0.009043717329571148,0.011855153759827281,104.14462743739303,104.14462743739303,0.0,153,True,True
142,-6241,4496,172,172.0,40.665715325581395,-73.98187029651163,0.00215,1.0,0.009043717329571148,0.011855153759827281,30.39785454662965,30.39785454662965,0.0,91,True,True
143,-6233,4496,171,171.0,40.665063801169595,-73.88718548538012,0.0021375,1.0,0.009043717329571148,0.011855153759827281,131.47305175036388,131.47305175036388,0.0,118,True,True
144,-6228,4519,168,168.0,40.87169435119048,-73.82898496428572,0.0021,1.0,0.009043717329571148,0.011855153759827281,63.022123232026566,63.022123232026566,0.0,70,True,True
145,-6243,4504,168,168.0,40.73686383333333,-74.00405261309524,0.0021,1.0,0.009043717329571148,0.011855153759827281,82.63395105739949,82.63395105739949,0.0,11,True,True
146,-6232,4515,167,167.0,40.83640671257485,-73.87607106586826,0.0020875,1.0,0.009043717329571148,0.011855153759827281,160.8458830203998,160.8458830203998,0.0,61,True,True
147,-6243,4494,167,167.0,40.647077958083834,-74.00646653293414,0.0020875,1.0,0.009043717329571148,0.011855153759827281,104.47606084243142,104.47606084243142,0.0,88,True,True
148,-6237,4506,166,166.0,40.75557905421687,-73.93450607228915,0.002075,1.0,0.009043717329571148,0.011855153759827281,32.765785001165355,32.765785001165355,0.0,152,True,True
149,-6230,4519,166,166.0,40.87343695783132,-73.85075380120482,0.002075,1.0,0.009043717329571148,0.011855153759827281,118.40902013452099,118.40902013452099,0.0,68,True,True
150,-6225,4500,166,166.0,40.701588957831326,-73.79284167469879,0.002075,1.0,0.009043717329571148,0.011855153759827281,195.42333826108404,210.33786656863796,-14.914528307553923,277,True,True
151,-6238,4496,164,164.0,40.66456604268293,-73.94706209146341,0.00205,1.0,0.009043717329571148,0.011855153759827281,133.87118337997418,133.87118337997418,0.0,122,True,True
152,-6236,4495,159,159.0,40.65617062893082,-73.9223854716981,0.0019875,1.0,0.009043717329571148,0.011855153759827281,123.85908332544446,123.85908332544446,0.0,116,True,True
153,-6249,4491,158,158.0,40.61966019620253,-74.07913785443037,0.001975,1.0,0.009043717329571148,0.011855153759827281,116.9176508143615,116.9176508143615,0.0,203,True,True
154,-6242,4496,157,157.0,40.664929108280255,-73.99235124203821,0.0019625,1.0,0.009043717329571148,0.011855153759827281,161.33947500103054,161.33947500103054,0.0,90,True,True
155,-6235,4505,156,156.0,40.74637428205128,-73.9108685448718,0.00195,1.0,0.009043717329571148,0.011855153759827281,59.83580942904671,59.83580942904671,0.0,149,True,True
156,-6238,4495,156,156.0,40.65562060897436,-73.94699598717949,0.00195,1.0,0.009043717329571148,0.011855153759827281,138.7234710734138,138.7234710734138,0.0,122,True,True
157,-6242,4489,155,155.0,40.60163756774194,-73.9942487419355,0.0019375,1.0,0.009043717329571148,0.011855153759827281,109.98251804489037,109.98251804489037,0.0,136,True,True
158,-6232,4520,155,155.0,40.880387400000004,-73.87647642580644,0.0019375,1.0,0.009043717329571148,0.011855153759827281,164.20875762682007,164.20875762682007,0.0,67,True,True
159,-6230,4513,155,155.0,40.81903960645161,-73.84934237419355,0.0019375,1.0,0.009043717329571148,0.011855153759827281,264.9288146288312,264.9288146288312,0.0,78,True,True
160,-6234,4497,155,155.0,40.67449186451613,-73.89898618064517,0.0019375,1.0,0.009043717329571148,0.011855153759827281,105.52557579713248,105.52557579713248,0.0,117,True,True
161,-6237,4510,153,153.0,40.79391932026144,-73.9374397254902,0.0019125,1.0,0.009043717329571148,0.011855153759827281,62.175039757944944,62.175039757944944,0.0,29,True,True
162,-6240,4493,151,151.0,40.63766770860927,-73.97058656953642,0.0018875,1.0,0.009043717329571148,0.011855153759827281,85.50097271458972,85.50097271458972,0.0,124,True,True
163,-6238,4502,150,150.0,40.71949464,-73.94656799333333,0.001875,1.0,0.009043717329571148,0.011855153759827281,53.23247363428106,53.23247363428106,0.0,108,True,True
164,-6244,4493,150,150.0,40.63907242,-74.01906073333333,0.001875,1.0,0.009043717329571148,0.011855153759827281,102.69960480648521,102.69960480648521,0.0,129,True,True
165,-6238,4508,150,150.0,40.774825633333336,-73.94921638,0.001875,1.0,0.009043717329571148,0.011855153759827281,126.06662258133292,126.06662258133292,0.0,26,True,True
166,-6234,4520,150,150.0,40.88189786,-73.90032246,0.001875,1.0,0.009043717329571148,0.011855153759827281,118.36769100723933,118.36769100723933,0.0,76,True,True
167,-6245,4491,147,147.0,40.61988331972789,-74.0289814217687,0.0018375,1.0,0.009043717329571148,0.011855153759827281,61.9765421080536,61.9765421080536,0.0,130,True,True
168,-6237,4495,145,145.0,40.65551617931035,-73.93431306206897,0.0018125,1.0,0.009043717329571148,0.011855153759827281,137.68899323294914,137.68899323294914,0.0,121,True,True
169,-6235,4499,145,145.0,40.69251785517241,-73.9112106275862,0.0018125,1.0,0.009043717329571148,0.011855153759827281,99.75037968222642,99.75037968222642,0.0,114,True,True
170,-6232,4498,145,145.0,40.68334723448276,-73.87547353103449,0.0018125,1.0,0.009043717329571148,0.011855153759827281,125.69085216119488,125.69085216119488,0.0,119,True,True
171,-6244,4494,145,145.0,40.64612350344827,-74.01651786896552,0.0018125,1.0,0.009043717329571148,0.011855153759827281,63.92728054082934,63.92728054082934,0.0,146,True,True
172,-6231,4506,143,143.0,40.75528038461539,-73.86377162937063,0.0017875,1.0,0.009043717329571148,0.011855153759827281,167.00386361287693,167.00386361287693,0.0,158,True,True
173,-6235,4506,141,141.0,40.75609034042553,-73.91140621985816,0.0017625,1.0,0.009043717329571148,0.011855153759827281,218.54183855170172,218.54183855170172,0.0,149,True,True
174,-6229,4520,141,141.0,40.88340504964539,-73.84170156737588,0.0017625,1.0,0.009043717329571148,0.011855153759827281,136.33510236473228,136.33510236473228,0.0,68,True,True
175,-6225,4499,139,139.0,40.693201532374104,-73.79292989928058,0.0017375,1.0,0.009043717329571148,0.011855153759827281,181.66735991741126,181.66735991741126,0.0,184,True,True
176,-6228,4514,138,138.0,40.82677339130435,-73.82591652173913,0.001725,1.0,0.009043717329571148,0.011855153759827281,138.13175155665124,138.13175155665124,0.0,71,True,True
177,-6239,4490,138,138.0,40.61010657246376,-73.95789034782608,0.001725,1.0,0.009043717329571148,0.011855153759827281,37.27943188627124,37.27943188627124,0.0,135,True,True
178,-6240,4505,137,137.0,40.74782915328468,-73.97308738686131,0.0017125,1.0,0.009043717329571148,0.011855153759827281,35.08114667823638,35.08114667823638,0.0,18,True,True
179,-6235,4508,136,136.0,40.773995110294116,-73.91111496323529,0.0017,1.0,0.009043717329571148,0.011855153759827281,30.0,30.0,0.0,155,True,True
180,-6241,4490,135,135.0,40.61148017777778,-73.98158741481481,0.0016875,1.0,0.009043717329571148,0.011855153759827281,51.389916519352504,51.389916519352504,0.0,134,True,True
181,-6230,4522,135,135.0,40.8998314,-73.85250677037037,0.0016875,1.0,0.009043717329571148,0.011855153759827281,147.4350098696384,147.4350098696384,0.0,69,True,True
182,-6243,4493,134,134.0,40.63832117910448,-74.0069916119403,0.001675,1.0,0.009043717329571148,0.011855153759827281,172.954705058021,172.954705058021,0.0,146,True,True
183,-6232,4506,134,134.0,40.75472158955223,-73.87472056716418,0.001675,1.0,0.009043717329571148,0.011855153759827281,170.02662853187613,170.02662853187613,0.0,156,True,True
184,-6242,4508,132,132.0,40.772098287878784,-73.99048293181818,0.00165,1.0,0.009043717329571148,0.011855153759827281,114.26989361418762,114.26989361418762,0.0,21,True,True
185,-6231,4496,131,131.0,40.66764006870229,-73.86477929770992,0.0016375,1.0,0.009043717329571148,0.011855153759827281,49.626139307472634,49.626139307472634,0.0,120,True,True
186,-6238,4492,130,130.0,40.62957050769231,-73.9460366,0.001625,1.0,0.009043717329571148,0.011855153759827281,158.3001858646032,158.3001858646032,0.0,125,True,True
187,-6238,4487,129,129.0,40.584487418604645,-73.94813993798451,0.0016125,1.0,0.009043717329571148,0.011855153759827281,174.16470117146787,174.16470117146787,0.0,143,True,True
188,-6234,4495,128,128.0,40.6564142734375,-73.898378078125,0.0016,1.0,0.009043717329571148,0.011855153759827281,182.04751181377907,182.04751181377907,0.0,118,True,True
189,-6230,4515,126,126.0,40.83662051587302,-73.85223234920635,0.001575,1.0,0.009043717329571148,0.011855153759827281,95.05756429467208,95.05756429467208,0.0,78,True,True
190,-6234,4494,126,126.0,40.64744187301587,-73.89826316666667,0.001575,1.0,0.009043717329571148,0.011855153759827281,91.39692232677947,91.39692232677947,0.0,140,True,True
191,-6240,4494,126,126.0,40.64732507936508,-73.97024013492063,0.001575,1.0,0.009043717329571148,0.011855153759827281,118.81095737816739,118.81095737816739,0.0,126,True,True
192,-6231,4521,125,125.0,40.890503087999996,-73.861520024,0.0015625,1.0,0.009043717329571148,0.011855153759827281,114.06764401917833,114.06764401917833,0.0,69,True,True
193,-6231,4497,125,125.0,40.673963799999996,-73.86422002399999,0.0015625,1.0,0.009043717329571148,0.011855153759827281,100.5506858867252,100.5506858867252,0.0,120,True,True
194,-6235,4519,124,124.0,40.87437148387097,-73.90889791935484,0.00155,1.0,0.009043717329571148,0.011855153759827281,102.67744413920218,102.67744413920218,0.0,76,True,True
195,-6240,4490,124,124.0,40.61054279032258,-73.97098107258066,0.00155,1.0,0.009043717329571148,0.011855153759827281,133.99774159524335,133.99774159524335,0.0,134,True,True
196,-6234,4505,124,124.0,40.74662225,-73.89912159677421,0.00155,1.0,0.009043717329571148,0.011855153759827281,126.87528619432614,126.87528619432614,0.0,160,True,True
197,-6234,4493,123,123.0,40.638925203252036,-73.89954796747968,0.0015375,1.0,0.009043717329571148,0.011855153759827281,168.687844776425,168.687844776425,0.0,140,True,True
198,-6241,4486,123,123.0,40.575944235772354,-73.98342464227642,0.0015375,1.0,0.009043717329571148,0.011855153759827281,118.59822613196266,118.59822613196266,0.0,139,True,True
199,-6241,4500,123,123.0,40.700453308943096,-73.98436375609755,0.0015375,1.0,0.009043717329571148,0.011855153759827281,110.42576552742294,110.42576552742294,0.0,82,True,True
200,-6240,4502,121,121.0,40.721076363636364,-73.97395733884298,0.0015125,1.0,0.009043717329571148,0.011855153759827281,136.614072654158,136.614072654158,0.0,6,True,True
201,-6235,4511,120,120.0,40.804019241666666,-73.91364380833333,0.0015,1.0,0.009043717329571148,0.011855153759827281,60.47765139607776,60.47765139607776,0.0,53,True,True
202,-6249,4492,120,120.0,40.627874616666666,-74.07772399166667,0.0015,1.0,0.009043717329571148,0.011855153759827281,67.81461757549457,67.81461757549457,0.0,203,True,True
203,-6230,4503,119,119.0,40.72753208403362,-73.85281914285714,0.0014875,1.0,0.009043717329571148,0.011855153759827281,208.34568247275183,208.34568247275183,0.0,159,True,True
204,-6241,4497,118,118.0,40.67423145762712,-73.98311661864408,0.001475,1.0,0.009043717329571148,0.011855153759827281,88.81806513706094,88.81806513706094,0.0,90,True,True
205,-6240,4509,117,117.0,40.784002393162396,-73.97290811965813,0.0014625,1.0,0.009043717329571148,0.011855153759827281,42.10826232166799,42.10826232166799,0.0,23,True,True
206,-6236,4505,117,117.0,40.744788615384614,-73.92210344444445,0.0014625,1.0,0.009043717329571148,0.011855153759827281,133.60547758895996,133.60547758895996,0.0,149,True,True
207,-6240,4492,117,117.0,40.63013407692308,-73.9707344871795,0.0014625,1.0,0.009043717329571148,0.011855153759827281,96.38267142820965,96.38267142820965,0.0,133,True,True
208,-6244,4501,117,117.0,40.70934117094018,-74.01431637606836,0.0014625,1.0,0.009043717329571148,0.011855153759827281,40.65413607873248,40.65413607873248,0.0,43,True,True
209,-6238,4505,116,116.0,40.746627172413795,-73.94500437931035,0.00145,1.0,0.009043717329571148,0.011855153759827281,114.82661933722603,114.82661933722603,0.0,148,True,True
210,-6232,4504,116,116.0,40.737539267241374,-73.87677088793103,0.00145,1.0,0.009043717329571148,0.011855153759827281,50.99604312114639,50.99604312114639,0.0,162,True,True
211,-6241,4488,116,116.0,40.592432344827586,-73.98113331034483,0.00145,1.0,0.009043717329571148,0.011855153759827281,174.89249054417294,174.89249054417294,0.0,136,True,True
212,-6235,4507,115,115.0,40.764975695652176,-73.91085414782609,0.0014375,1.0,0.009043717329571148,0.011855153759827281,81.66002986911296,81.66002986911296,0.0,154,True,True
213,-6232,4519,114,114.0,40.87370279824562,-73.87676479824562,0.001425,1.0,0.009043717329571148,0.011855153759827281,155.48304353211046,155.48304353211046,0.0,67,True,True
214,-6239,4491,114,114.0,40.61878301754386,-73.95786631578947,0.001425,1.0,0.009043717329571148,0.011855153759827281,190.945036022956,190.945036022956,0.0,135,True,True
215,-6233,4520,112,112.0,40.88188608035715,-73.88592730357144,0.0014,1.0,0.009043717329571148,0.011855153759827281,230.91817726966144,230.91817726966144,0.0,62,True,True
216,-6230,4520,112,112.0,40.88210242857143,-73.85228227678571,0.0014,1.0,0.009043717329571148,0.011855153759827281,126.4953959994049,126.4953959994049,0.0,68,True,True
217,-6237,4508,111,111.0,40.773527576576576,-73.93351785585585,0.0013875,1.0,0.009043717329571148,0.011855153759827281,141.809649542753,141.809649542753,0.0,153,True,True
218,-6250,4493,111,111.0,40.638225090090096,-74.0883396036036,0.0013875,1.0,0.009043717329571148,0.011855153759827281,30.547675046575964,30.547675046575964,0.0,199,True,True
219,-6233,4500,111,111.0,40.7013005945946,-73.88843005405406,0.0013875,1.0,0.009043717329571148,0.011855153759827281,40.04464431338293,40.04464431338293,0.0,164,True,True
220,-6233,4506,110,110.0,40.754156509090905,-73.8873045909091,0.001375,1.0,0.009043717329571148,0.011855153759827281,53.5669564606938,53.5669564606938,0.0,156,True,True
221,-6224,4488,110,110.0,40.59417872727273,-73.78252108181819,0.001375,1.0,0.009043717329571148,0.011855153759827281,63.8465433490525,63.8465433490525,0.0,198,True,True
222,-6242,4492,109,109.0,40.629161972477064,-73.99354055963303,0.0013625,1.0,0.009043717329571148,0.011855153759827281,78.38712267287887,78.38712267287887,0.0,128,True,True
223,-6234,4500,109,109.0,40.70179177981652,-73.89994302752294,0.0013625,1.0,0.009043717329571148,0.011855153759827281,202.5179530565167,202.5179530565167,0.0,164,True,True
224,-6238,4488,108,108.0,40.59321855555555,-73.94519420370369,0.00135,1.0,0.009043717329571148,0.011855153759827281,234.5907703368613,234.5907703368613,0.0,144,True,True
225,-6239,4487,108,108.0,40.58318743518518,-73.9590303611111,0.00135,1.0,0.009043717329571148,0.011855153759827281,35.921987169273976,35.921987169273976,0.0,143,True,True
226,-6229,4516,107,107.0,40.84548322429907,-73.83908269158879,0.0013375,1.0,0.009043717329571148,0.011855153759827281,118.09698618353934,118.09698618353934,0.0,65,True,True
227,-6237,4488,107,107.0,40.59489352336449,-73.9366811775701,0.0013375,1.0,0.009043717329571148,0.011855153759827281,153.649793250051,153.649793250051,0.0,144,True,True
228,-6230,4498,107,107.0,40.68359826168224,-73.85120380373831,0.0013375,1.0,0.009043717329571148,0.011855153759827281,129.6034246498852,129.6034246498852,0.0,177,True,True
229,-6226,4501,107,107.0,40.70849331775701,-73.8034601775701,0.0013375,1.0,0.009043717329571148,0.011855153759827281,34.32884450433767,34.32884450433767,0.0,182,True,True
230,-6236,4508,107,107.0,40.77253826168224,-73.92280408411214,0.0013375,1.0,0.009043717329571148,0.011855153759827281,144.8603951155849,144.8603951155849,0.0,153,True,True
231,-6229,4502,105,105.0,40.71952307619047,-73.84074983809523,0.0013125,1.0,0.009043717329571148,0.011855153759827281,64.54494096212306,64.54494096212306,0.0,163,True,True
232,-6227,4503,103,103.0,40.72816403883495,-73.81522684466019,0.0012875,1.0,0.009043717329571148,0.011855153759827281,197.964613417723,197.964613417723,0.0,172,True,True
233,-6228,4498,103,103.0,40.68441790291262,-73.82716091262135,0.0012875,1.0,0.009043717329571148,0.011855153759827281,69.39624380056196,69.39624380056196,0.0,181,True,True
234,-6243,4495,103,103.0,40.65513002912622,-74.0057294368932,0.0012875,1.0,0.009043717329571148,0.011855153759827281,76.89052888065115,76.89052888065115,0.0,88,True,True
235,-6239,4504,103,103.0,40.73694434951456,-73.95604785436893,0.0012875,1.0,0.009043717329571148,0.011855153759827281,149.29825592936,149.29825592936,0.0,107,True,True
236,-6243,4492,101,101.0,40.628975425742574,-74.00568921782178,0.0012625,1.0,0.009043717329571148,0.011855153759827281,128.0364325863729,128.0364325863729,0.0,128,True,True
237,-6240,4489,100,100.0,40.60190903,-73.96985101,0.00125,1.0,0.009043717329571148,0.011855153759827281,142.56470400607031,142.56470400607031,0.0,138,True,True
238,-6242,4500,100,100.0,40.7001877,-73.99325966,0.00125,1.0,0.009043717329571148,0.011855153759827281,30.0,30.0,0.0,84,True,True
239,-6239,4492,99,99.0,40.62813606060606,-73.95876764646464,0.0012375,1.0,0.009043717329571148,0.011855153759827281,207.30980260580822,207.30980260580822,0.0,125,True,True
240,-6229,4498,99,99.0,40.68283203030303,-73.83951432323232,0.0012375,1.0,0.009043717329571148,0.011855153759827281,48.55180508358882,48.55180508358882,0.0,178,True,True
241,-6234,4512,99,99.0,40.81234457575758,-73.90202651515152,0.0012375,1.0,0.009043717329571148,0.011855153759827281,74.80003601225329,74.80003601225329,0.0,77,True,True
242,-6237,4505,99,99.0,40.747618828282825,-73.93667554545455,0.0012375,1.0,0.009043717329571148,0.011855153759827281,167.41090309624198,167.41090309624198,0.0,152,True,True
243,-6249,4493,97,97.0,40.63878953608248,-74.07795312371134,0.0012125,1.0,0.009043717329571148,0.011855153759827281,154.3062131464567,154.3062131464567,0.0,199,True,True
244,-6242,4490,97,97.0,40.610980206185566,-73.9943256701031,0.0012125,1.0,0.009043717329571148,0.011855153759827281,173.67710696720857,173.67710696720857,0.0,132,True,True
245,-6243,4491,97,97.0,40.620214597938144,-74.00586392783505,0.0012125,1.0,0.009043717329571148,0.011855153759827281,109.26157994990392,109.26157994990392,0.0,131,True,True
246,-6240,4488,97,97.0,40.593384,-73.97026403092784,0.0012125,1.0,0.009043717329571148,0.011855153759827281,165.3379886136614,165.3379886136614,0.0,138,True,True
247,-6226,4499,97,97.0,40.69207578350515,-73.80419349484535,0.0012125,1.0,0.009043717329571148,0.011855153759827281,62.15097516808076,62.15097516808076,0.0,183,True,True
248,-6227,4498,96,96.0,40.68348008333333,-73.81634680208333,0.0012,1.0,0.009043717329571148,0.011855153759827281,114.17099348977344,114.17099348977344,0.0,181,True,True
249,-6227,4501,96,96.0,40.71054113541667,-73.81663165625,0.0012,1.0,0.009043717329571148,0.011855153759827281,198.39291170761385,198.39291170761385,0.0,182,True,True
250,-6227,4500,96,96.0,40.70256583333333,-73.81418116666667,0.0012,1.0,0.009043717329571148,0.011855153759827281,135.91319298730912,184.094270351879,-48.18107736456989,277,True,True
251,-6225,4495,95,95.0,40.658344,-73.794405,0.0011875,1.0,0.009043717329571148,0.011855153759827281,307.1336289555542,307.1336289555542,0.0,187,True,True
252,-6223,4501,95,95.0,40.710948252631574,-73.76769797894737,0.0011875,1.0,0.009043717329571148,0.011855153759827281,107.26478730290196,107.26478730290196,0.0,185,True,True
253,-6230,4514,95,95.0,40.82877438947368,-73.8521346736842,0.0011875,1.0,0.009043717329571148,0.011855153759827281,85.3348329397022,85.3348329397022,0.0,78,True,True
254,-6239,4489,95,95.0,40.60153974736842,-73.95884812631579,0.0011875,1.0,0.009043717329571148,0.011855153759827281,87.03041081791514,87.03041081791514,0.0,138,True,True
255,-6242,4491,95,95.0,40.61968337894737,-73.99366571578948,0.0011875,1.0,0.009043717329571148,0.011855153759827281,180.4282365232336,180.4282365232336,0.0,128,True,True
256,-6236,4506,94,94.0,40.75645865957447,-73.92286946808511,0.001175,1.0,0.009043717329571148,0.011855153759827281,162.67835525819538,162.67835525819538,0.0,152,True,True
257,-6230,4499,94,94.0,40.69291337234042,-73.85248712765957,0.001175,1.0,0.009043717329571148,0.011855153759827281,108.51129612642842,108.51129612642842,0.0,177,True,True
258,-6227,4506,94,94.0,40.75667597872341,-73.81815556382979,0.001175,1.0,0.009043717329571148,0.011855153759827281,147.49122743913856,147.49122743913856,0.0,168,True,True
259,-6241,4510,93,93.0,40.79071513978494,-73.97798387096773,0.0011625,1.0,0.009043717329571148,0.011855153759827281,136.55265497089334,136.55265497089334,0.0,23,True,True
260,-6250,4490,93,93.0,40.60879676344086,-74.08826359139785,0.0011625,1.0,0.009043717329571148,0.011855153759827281,45.72260163257252,45.72260163257252,0.0,211,True,True
261,-6230,4502,93,93.0,40.72151901075269,-73.84969193548388,0.0011625,1.0,0.009043717329571148,0.011855153759827281,194.82658809841305,194.82658809841305,0.0,163,True,True
262,-6225,4498,93,93.0,40.682986913978496,-73.79295883870968,0.0011625,1.0,0.009043717329571148,0.011855153759827281,183.70010275820098,183.70010275820098,0.0,187,True,True
263,-6254,4493,92,92.0,40.63723097826087,-74.13474485869565,0.00115,1.0,0.009043717329571148,0.011855153759827281,36.38709170743424,36.38709170743424,0.0,205,True,True
264,-6231,4503,91,91.0,40.72916282417582,-73.86165762637363,0.0011375,1.0,0.009043717329571148,0.011855153759827281,227.52543610852325,227.52543610852325,0.0,159,True,True
265,-6240,4497,91,91.0,40.675055923076926,-73.97014293406593,0.0011375,1.0,0.009043717329571148,0.011855153759827281,107.31307560488823,107.31307560488823,0.0,89,True,True
266,-6228,4520,90,90.0,40.88196677777778,-73.82948527777778,0.001125,1.0,0.009043717329571148,0.011855153759827281,243.78688426301278,243.78688426301278,0.0,70,True,True
267,-6230,4504,90,90.0,40.7362915,-73.85233937777777,0.001125,1.0,0.009043717329571148,0.011855153759827281,45.66459743974113,45.66459743974113,0.0,159,True,True
268,-6235,4493,89,89.0,40.637950056179776,-73.91109184269664,0.0011125,1.0,0.009043717329571148,0.011855153759827281,207.78414833737557,207.78414833737557,0.0,140,True,True
269,-6250,4494,89,89.0,40.64570513483146,-74.0877741235955,0.0011125,1.0,0.009043717329571148,0.011855153759827281,166.62671734000736,166.62671734000736,0.0,199,True,True
270,-6237,4501,88,88.0,40.71042179545454,-73.935214375,0.0011,1.0,0.009043717329571148,0.011855153759827281,120.62855852485197,120.62855852485197,0.0,110,True,True
271,-6239,4503,88,88.0,40.729209625,-73.95541275,0.0011,1.0,0.009043717329571148,0.011855153759827281,81.56503890988537,81.56503890988537,0.0,107,True,True
272,-6227,4507,88,88.0,40.76478313636364,-73.81631710227272,0.0011,1.0,0.009043717329571148,0.011855153759827281,81.86823076291125,81.86823076291125,0.0,169,True,True
273,-6224,4501,87,87.0,40.710848896551724,-73.7818726321839,0.0010875,1.0,0.009043717329571148,0.011855153759827281,288.17647790917766,288.17647790917766,0.0,185,True,True
274,-6228,4516,87,87.0,40.845785781609194,-73.82944028735632,0.0010875,1.0,0.009043717329571148,0.011855153759827281,248.68139642633432,248.68139642633432,0.0,71,True,True
275,-6241,4489,87,87.0,40.60282248275862,-73.98184586206897,0.0010875,1.0,0.009043717329571148,0.011855153759827281,133.4305943381827,133.4305943381827,0.0,136,True,True
276,-6233,4494,87,87.0,40.64810101149425,-73.8862637816092,0.0010875,1.0,0.009043717329571148,0.011855153759827281,260.5938624273045,260.5938624273045,0.0,140,True,True
277,-6221,4489,86,86.0,40.60119469767442,-73.7475121860465,0.001075,1.0,0.009043717329571148,0.011855153759827281,108.71874448313064,108.71874448313064,0.0,196,True,True
278,-6238,4489,86,86.0,40.60084570930233,-73.94474010465116,0.001075,1.0,0.009043717329571148,0.011855153759827281,152.3542943470997,152.3542943470997,0.0,144,True,True
279,-6239,4505,86,86.0,40.74419897674419,-73.95627339534884,0.001075,1.0,0.009043717329571148,0.011855153759827281,80.28249844629065,80.28249844629065,0.0,148,True,True
280,-6240,4487,86,86.0,40.58380838372093,-73.96911513953488,0.001075,1.0,0.009043717329571148,0.011855153759827281,152.21767099415527,152.21767099415527,0.0,143,True,True
281,-6231,4499,85,85.0,40.691827141176475,-73.86286971764706,0.0010625,1.0,0.009043717329571148,0.011855153759827281,129.53986997624145,129.53986997624145,0.0,177,True,True
282,-6245,4493,85,85.0,40.635933635294116,-74.02800661176471,0.0010625,1.0,0.009043717329571148,0.011855153759827281,72.60385823928675,72.60385823928675,0.0,129,True,True
283,-6224,4499,84,84.0,40.69156520238095,-73.78175078571428,0.00105,1.0,0.009043717329571148,0.011855153759827281,51.149506308128714,51.149506308128714,0.0,184,True,True
284,-6235,4518,84,84.0,40.862913154761905,-73.90848930952382,0.00105,1.0,0.009043717329571148,0.011855153759827281,149.4421433128945,151.7633823071742,-2.321238994279696,254,True,True
285,-6230,4518,84,84.0,40.863327999999996,-73.85260532142857,0.00105,1.0,0.009043717329571148,0.011855153759827281,154.8543921872142,154.8543921872142,0.0,66,True,True
286,-6229,4519,83,83.0,40.87276214457831,-73.8399735060241,0.0010375,1.0,0.009043717329571148,0.011855153759827281,148.6578817315639,148.6578817315639,0.0,68,True,True
287,-6226,4497,83,83.0,40.67493624096385,-73.8037840120482,0.0010375,1.0,0.009043717329571148,0.011855153759827281,138.73764581719675,138.73764581719675,0.0,187,True,True
288,-6230,4505,82,82.0,40.747784841463414,-73.85296392682926,0.001025,1.0,0.009043717329571148,0.011855153759827281,191.4916501479639,191.4916501479639,0.0,157,True,True
289,-6243,4486,81,81.0,40.575915049382715,-74.00201404938271,0.0010125,1.0,0.009043717329571148,0.011855153759827281,146.63397492893222,146.63397492893222,0.0,137,True,True
290,-6222,4501,81,81.0,40.71008801234568,-73.75678692592592,0.0010125,1.0,0.009043717329571148,0.011855153759827281,135.3255739619986,135.3255739619986,0.0,185,True,True
291,-6227,4497,81,81.0,40.67476714814814,-73.8161668271605,0.0010125,1.0,0.009043717329571148,0.011855153759827281,212.79877923415503,212.79877923415503,0.0,181,True,True
292,-6243,4506,80,80.0,40.7534173,-74.002221225,0.001,1.0,0.009043717329571148,0.011855153759827281,115.18641017546469,115.18641017546469,0.0,12,True,True
293,-6228,4499,80,80.0,40.690466575,-73.827656575,0.001,1.0,0.009043717329571148,0.011855153759827281,108.21605135508702,108.21605135508702,0.0,180,True,True
294,-6229,4509,80,80.0,40.782729025,-73.841521375,0.001,1.0,0.009043717329571148,0.011855153759827281,115.91526801885186,115.91526801885186,0.0,166,True,True
295,-6236,4490,79,79.0,40.61059664556962,-73.92295573417721,0.0009875,1.0,0.009043717329571148,0.011855153759827281,128.61697739127544,128.61697739127544,0.0,142,True,True
296,-6256,4492,79,79.0,40.62932434177215,-74.16083078481013,0.0009875,1.0,0.009043717329571148,0.011855153759827281,125.9547965145363,125.9547965145363,0.0,206,True,True
297,-6243,4489,79,79.0,40.60203563291139,-74.00387896202533,0.0009875,1.0,0.009043717329571148,0.011855153759827281,89.56425468866203,89.56425468866203,0.0,132,True,True
298,-6236,4494,79,79.0,40.64798781012658,-73.92400062025317,0.0009875,1.0,0.009043717329571148,0.011855153759827281,96.7626492365553,96.7626492365553,0.0,121,True,True
299,-6231,4498,79,79.0,40.68323574683544,-73.8640674050633,0.0009875,1.0,0.009043717329571148,0.011855153759827281,167.08733546248274,167.08733546248274,0.0,177,True,True
300,-6233,4498,78,78.0,40.680900333333334,-73.88566814102565,0.000975,1.0,0.009043717329571148,0.011855153759827281,156.39158681132355,156.39158681132355,0.0,117,True,True
301,-6239,4510,78,78.0,40.791818551282056,-73.95821711538461,0.000975,1.0,0.009043717329571148,0.011855153759827281,168.61903091986827,168.61903091986827,0.0,31,True,True
302,-6222,4499,77,77.0,40.69256512987013,-73.7568587922078,0.0009625,1.0,0.009043717329571148,0.011855153759827281,34.94377195436126,34.94377195436126,0.0,188,True,True
303,-6228,4513,77,77.0,40.82014784415584,-73.82479435064936,0.0009625,1.0,0.009043717329571148,0.011855153759827281,109.5761748874107,109.5761748874107,0.0,72,True,True
304,-6243,4490,77,77.0,40.61050194805195,-74.00522793506494,0.0009625,1.0,0.009043717329571148,0.011855153759827281,101.510327340972,101.510327340972,0.0,132,True,True
305,-6232,4516,77,77.0,40.84247398701299,-73.87911435064935,0.0009625,1.0,0.009043717329571148,0.011855153759827281,77.76381461484397,77.76381461484397,0.0,61,True,True
306,-6232,4513,77,77.0,40.82059941558441,-73.87500025974026,0.0009625,1.0,0.009043717329571148,0.011855153759827281,105.92268844427835,105.92268844427835,0.0,63,True,True
307,-6242,4497,77,77.0,40.67375818181818,-73.99377466233766,0.0009625,1.0,0.009043717329571148,0.011855153759827281,103.46230984036238,103.46230984036238,0.0,86,True,True
308,-6221,4500,77,77.0,40.70138709090909,-73.74457174025974,0.0009625,1.0,0.009043717329571148,0.011855153759827281,233.9967174252538,233.9967174252538,0.0,188,True,True
309,-6240,4486,76,76.0,40.576762671052634,-73.96885589473683,0.00095,1.0,0.009043717329571148,0.011855153759827281,118.10819941059945,118.10819941059945,0.0,139,True,True
310,-6237,4487,76,76.0,40.58526780263158,-73.93355178947368,0.00095,1.0,0.009043717329571148,0.011855153759827281,331.78025508497564,331.78025508497564,0.0,144,True,True
311,-6235,4501,76,76.0,40.710025894736845,-73.91123664473685,0.00095,1.0,0.009043717329571148,0.011855153759827281,100.77735235487135,100.77735235487135,0.0,195,True,True
312,-6232,4495,75,75.0,40.65749697333333,-73.87730713333333,0.0009375,1.0,0.009043717329571148,0.011855153759827281,293.52879751365657,293.52879751365657,0.0,120,True,True
313,-6227,4499,75,75.0,40.691340573333335,-73.81583666666667,0.0009375,1.0,0.009043717329571148,0.011855153759827281,146.81846395783205,146.81846395783205,0.0,183,True,True
314,-6245,4492,75,75.0,40.62868125333334,-74.02843870666666,0.0009375,1.0,0.009043717329571148,0.011855153759827281,197.0775916564622,197.0775916564622,0.0,129,True,True
315,-6252,4492,75,75.0,40.63007270666667,-74.11411472,0.0009375,1.0,0.009043717329571148,0.011855153759827281,55.457559750464135,55.457559750464135,0.0,201,True,True
316,-6241,4494,74,74.0,40.645672162162164,-73.97998072972973,0.000925,1.0,0.009043717329571148,0.011855153759827281,134.6706983548385,134.6706983548385,0.0,126,True,True
317,-6237,4502,74,74.0,40.71850381081081,-73.93845191891891,0.000925,1.0,0.009043717329571148,0.011855153759827281,163.93722632462752,163.93722632462752,0.0,108,True,True
318,-6240,4501,74,74.0,40.7103124054054,-73.96635078378378,0.000925,1.0,0.009043717329571148,0.011855153759827281,105.96861142171385,105.96861142171385,0.0,105,True,True
319,-6239,4486,74,74.0,40.5770534054054,-73.95938271621621,0.000925,1.0,0.009043717329571148,0.011855153759827281,149.2171774438745,149.2171774438745,0.0,143,True,True
320,-6234,4501,74,74.0,40.709899932432435,-73.8995920945946,0.000925,1.0,0.009043717329571148,0.011855153759827281,130.9799103403316,130.9799103403316,0.0,195,True,True
321,-6222,4500,74,74.0,40.700868932432435,-73.75671155405405,0.000925,1.0,0.009043717329571148,0.011855153759827281,159.7565156011697,159.7565156011697,0.0,188,True,True
322,-6253,4493,73,73.0,40.635838986301366,-74.12175983561644,0.0009125,1.0,0.009043717329571148,0.011855153759827281,42.326697017715574,42.326697017715574,0.0,200,True,True
323,-6252,4493,73,73.0,40.63779528767123,-74.11383057534246,0.0009125,1.0,0.009043717329571148,0.011855153759827281,146.99326869572866,146.99326869572866,0.0,200,True,True
324,-6250,4491,72,72.0,40.62029245833333,-74.0864290138889,0.0009,1.0,0.009043717329571148,0.011855153759827281,166.50235022428586,166.50235022428586,0.0,203,True,True
325,-6227,4502,72,72.0,40.71880881944444,-73.81669749999999,0.0009,1.0,0.009043717329571148,0.011855153759827281,143.20682465023393,143.20682465023393,0.0,172,True,True
326,-6222,4490,72,72.0,40.60874515277778,-73.75429736111111,0.0009,1.0,0.009043717329571148,0.011855153759827281,94.11848394530442,94.11848394530442,0.0,196,True,True
327,-6222,4496,72,72.0,40.66582190277778,-73.7556508888889,0.0009,1.0,0.009043717329571148,0.011855153759827281,86.95423447076148,86.95423447076148,0.0,189,True,True
328,-6231,4522,72,72.0,40.89875027777778,-73.861866625,0.0009,1.0,0.009043717329571148,0.011855153759827281,155.6954987288133,155.6954987288133,0.0,69,True,True
329,-6227,4504,72,72.0,40.735363041666666,-73.81327313888889,0.0009,1.0,0.009043717329571148,0.011855153759827281,299.85076550389516,299.85076550389516,0.0,173,True,True
330,-6232,4507,72,72.0,40.764607250000005,-73.87446533333333,0.0009,1.0,0.009043717329571148,0.011855153759827281,101.67930688863898,101.67930688863898,0.0,158,True,True
331,-6223,4497,71,71.0,40.673780112676056,-73.76972232394365,0.0008875,1.0,0.009043717329571148,0.011855153759827281,249.85359138755084,249.85359138755084,0.0,189,True,True
332,-6236,4501,71,71.0,40.70877670422536,-73.92299128169014,0.0008875,1.0,0.009043717329571148,0.011855153759827281,152.10002964513907,152.10002964513907,0.0,112,True,True
333,-6236,4504,71,71.0,40.739303816901405,-73.92312669014083,0.0008875,1.0,0.009043717329571148,0.011855153759827281,166.82695133174968,166.82695133174968,0.0,150,True,True
334,-6223,4498,71,71.0,40.68189476056338,-73.76903502816901,0.0008875,1.0,0.009043717329571148,0.011855153759827281,288.95129200911936,288.95129200911936,0.0,184,True,True
335,-6225,4497,71,71.0,40.67472763380282,-73.79195369014084,0.0008875,1.0,0.009043717329571148,0.011855153759827281,60.85208085909713,60.85208085909713,0.0,187,True,True
336,-6244,4491,71,71.0,40.62021185915493,-74.01746176056338,0.0008875,1.0,0.009043717329571148,0.011855153759827281,84.638153065952,84.638153065952,0.0,131,True,True
337,-6232,4501,70,70.0,40.71010272857143,-73.87418011428572,0.000875,1.0,0.009043717329571148,0.011855153759827281,62.25762594440758,62.25762594440758,0.0,165,True,True
338,-6226,4498,70,70.0,40.68342632857143,-73.80460277142858,0.000875,1.0,0.009043717329571148,0.011855153759827281,205.58822595844708,205.58822595844708,0.0,183,True,True
339,-6226,4502,69,69.0,40.71964588405797,-73.80582342028985,0.0008625,1.0,0.009043717329571148,0.011855153759827281,43.5910265849769,43.5910265849769,0.0,172,True,True
340,-6243,4500,69,69.0,40.70458979710145,-74.0093762173913,0.0008625,1.0,0.009043717329571148,0.011855153759827281,43.69986632876111,43.69986632876111,0.0,0,True,True
341,-6244,4492,69,69.0,40.629745579710146,-74.01831949275362,0.0008625,1.0,0.009043717329571148,0.011855153759827281,198.71217266845184,198.71217266845184,0.0,129,True,True
342,-6224,4500,69,69.0,40.70031353623188,-73.78174610144927,0.0008625,1.0,0.009043717329571148,0.011855153759827281,142.91639195427504,142.91639195427504,0.0,184,True,True
343,-6237,4493,68,68.0,40.63884633823529,-73.93566794117648,0.00085,1.0,0.009043717329571148,0.011855153759827281,230.82630002038275,230.82630002038275,0.0,125,True,True
344,-6238,4516,67,67.0,40.84362004477612,-73.9419347164179,0.0008375,1.0,0.009043717329571148,0.011855153759827281,94.58680820032447,94.58680820032447,0.0,46,True,True
345,-6234,4522,67,67.0,40.90107883582089,-73.89944644776119,0.0008375,1.0,0.009043717329571148,0.011855153759827281,217.5772437139634,217.5772437139634,0.0,74,True,True
346,-6240,4504,67,67.0,40.74048298507463,-73.97554774626866,0.0008375,1.0,0.009043717329571148,0.011855153759827281,66.89826135103027,66.89826135103027,0.0,17,True,True
347,-6221,4501,67,67.0,40.710797164179105,-73.74422225373134,0.0008375,1.0,0.009043717329571148,0.011855153759827281,177.76083123715975,177.76083123715975,0.0,186,True,True
348,-6241,4492,67,67.0,40.62949304477612,-73.98101670149254,0.0008375,1.0,0.009043717329571148,0.011855153759827281,98.19775957891088,98.19775957891088,0.0,133,True,True
349,-6225,4488,66,66.0,40.593463212121215,-73.79284718181817,0.000825,1.0,0.009043717329571148,0.011855153759827281,208.11261715555653,208.11261715555653,0.0,198,True,True
350,-6248,4490,66,66.0,40.61144137878787,-74.06557557575758,0.000825,1.0,0.009043717329571148,0.011855153759827281,84.31387899674615,84.31387899674615,0.0,209,True,True
351,-6241,4493,66,66.0,40.63818271212121,-73.9824500909091,0.000825,1.0,0.009043717329571148,0.011855153759827281,137.83756509217818,137.83756509217818,0.0,127,True,True
352,-6237,4490,65,65.0,40.61157298461538,-73.93413199999999,0.0008125,1.0,0.009043717329571148,0.011855153759827281,123.45832558427743,123.45832558427743,0.0,142,True,True
353,-6223,4488,65,65.0,40.595422276923074,-73.77048623076924,0.0008125,1.0,0.009043717329571148,0.011855153759827281,142.36916300218377,142.36916300218377,0.0,198,True,True
354,-6234,4504,65,65.0,40.739565276923074,-73.89978495384615,0.0008125,1.0,0.009043717329571148,0.011855153759827281,43.08343186925423,43.08343186925423,0.0,160,True,True
355,-6223,4507,65,65.0,40.76379613846154,-73.76982335384615,0.0008125,1.0,0.009043717329571148,0.011855153759827281,30.0,30.0,0.0,171,True,True
356,-6229,4499,65,65.0,40.692835307692306,-73.84113818461539,0.0008125,1.0,0.009043717329571148,0.011855153759827281,95.85456234609559,95.85456234609559,0.0,179,True,True
357,-6242,4494,65,65.0,40.644753015384616,-73.99532067692307,0.0008125,1.0,0.009043717329571148,0.011855153759827281,121.62262925926925,121.62262925926925,0.0,127,True,True
358,-6232,4503,64,64.0,40.7280904375,-73.873746546875,0.0008,1.0,0.009043717329571148,0.011855153759827281,186.47841160526954,186.47841160526954,0.0,162,True,True
359,-6241,4491,64,64.0,40.618913578125,-73.982294359375,0.0008,1.0,0.009043717329571148,0.011855153759827281,148.69107897998674,148.69107897998674,0.0,134,True,True
360,-6243,4498,64,64.0,40.682170171875,-74.00431790625,0.0008,1.0,0.009043717329571148,0.011855153759827281,59.63673410572868,59.63673410572868,0.0,87,True,True
361,-6220,4495,64,64.0,40.655880625,-73.732903,0.0008,1.0,0.009043717329571148,0.011855153759827281,202.19102554213836,202.19102554213836,0.0,190,True,True
362,-6240,4491,64,64.0,40.620149796875,-73.968657328125,0.0008,1.0,0.009043717329571148,0.011855153759827281,186.8296152049286,186.8296152049286,0.0,133,True,True
363,-6238,4491,64,64.0,40.620164953125,-73.946121640625,0.0008,1.0,0.009043717329571148,0.011855153759827281,284.20124614303785,284.20124614303785,0.0,142,True,True
364,-6237,4494,63,63.0,40.64787373015873,-73.93483496825397,0.0007875,1.0,0.009043717329571148,0.011855153759827281,110.70189224932744,110.70189224932744,0.0,121,True,True
365,-6229,4521,63,63.0,40.890664984126985,-73.84060511111112,0.0007875,1.0,0.009043717329571148,0.011855153759827281,226.21413620323796,226.21413620323796,0.0,69,True,True
366,-6228,4501,63,63.0,40.71159884126984,-73.82844984126984,0.0007875,1.0,0.009043717329571148,0.011855153759827281,193.86815313397852,193.86815313397852,0.0,163,True,True
367,-6239,4488,63,63.0,40.59293844444444,-73.95835414285715,0.0007875,1.0,0.009043717329571148,0.011855153759827281,130.44530989233476,130.44530989233476,0.0,138,True,True
368,-6222,4488,63,63.0,40.59505598412699,-73.75521830158729,0.0007875,1.0,0.009043717329571148,0.011855153759827281,201.6100600460894,201.6100600460894,0.0,196,True,True
369,-6236,4491,63,63.0,40.61994292063492,-73.92246915873017,0.0007875,1.0,0.009043717329571148,0.011855153759827281,108.31745157732892,108.31745157732892,0.0,141,True,True
370,-6233,4512,62,62.0,40.811837145161284,-73.88775116129032,0.000775,1.0,0.009043717329571148,0.011855153759827281,140.33806274454747,140.33806274454747,0.0,54,True,True
371,-6254,4492,62,62.0,40.62894437096774,-74.13628167741936,0.000775,1.0,0.009043717329571148,0.011855153759827281,150.26247349602784,150.26247349602784,0.0,205,True,True
372,-6238,4490,62,62.0,40.610976580645165,-73.94647301612903,0.000775,1.0,0.009043717329571148,0.011855153759827281,196.08875134134007,196.08875134134007,0.0,135,True,True
373,-6249,4488,62,62.0,40.59475798387097,-74.07723988709678,0.000775,1.0,0.009043717329571148,0.011855153759827281,125.36052754599565,125.36052754599565,0.0,210,True,True
374,-6253,4492,61,61.0,40.62964870491803,-74.12326337704918,0.0007625,1.0,0.009043717329571148,0.011855153759827281,104.68588124222248,104.68588124222248,0.0,200,True,True
375,-6222,4502,61,61.0,40.71952809836066,-73.75763660655738,0.0007625,1.0,0.009043717329571148,0.011855153759827281,136.33912736059943,136.33912736059943,0.0,185,True,True
376,-6233,4504,61,61.0,40.73834532786885,-73.88514875409837,0.0007625,1.0,0.009043717329571148,0.011855153759827281,109.91503721099046,109.91503721099046,0.0,162,True,True
377,-6238,4503,60,60.0,40.72783818333333,-73.94748885,0.00075,1.0,0.009043717329571148,0.011855153759827281,89.65108050137677,89.65108050137677,0.0,107,True,True
378,-6220,4502,60,60.0,40.719368483333334,-73.73464966666667,0.00075,1.0,0.009043717329571148,0.011855153759827281,64.25236039407042,64.25236039407042,0.0,186,True,True
379,-6229,4518,60,60.0,40.86411833333333,-73.84080608333333,0.00075,1.0,0.009043717329571148,0.011855153759827281,115.44274621842511,115.44274621842511,0.0,66,True,True
380,-6224,4498,59,59.0,40.68348852542373,-73.78101311864407,0.0007375,1.0,0.009043717329571148,0.011855153759827281,200.10592292107643,200.10592292107643,0.0,184,True,True
381,-6220,4504,59,59.0,40.737764288135594,-73.73414062711865,0.0007375,1.0,0.009043717329571148,0.011855153759827281,298.2533888510506,298.2533888510506,0.0,176,True,True
382,-6225,4507,59,59.0,40.764784135593224,-73.79275130508474,0.0007375,1.0,0.009043717329571148,0.011855153759827281,100.5036130475263,100.5036130475263,0.0,170,True,True
383,-6237,4489,59,59.0,40.60022749152542,-73.93579005084746,0.0007375,1.0,0.009043717329571148,0.011855153759827281,53.84554632729957,53.84554632729957,0.0,144,True,True
384,-6252,4485,58,58.0,40.56577975862069,-74.11200746551725,0.000725,1.0,0.009043717329571148,0.011855153759827281,267.8618167082113,267.8618167082113,0.0,204,True,True
385,-6255,4492,58,58.0,40.62837565517241,-74.14766313793103,0.000725,1.0,0.009043717329571148,0.011855153759827281,231.63096531683394,231.63096531683394,0.0,206,True,True
386,-6253,4486,58,58.0,40.57448665517241,-74.12444096551724,0.000725,1.0,0.009043717329571148,0.011855153759827281,46.288109922693764,46.288109922693764,0.0,204,True,True
387,-6218,4505,58,58.0,40.74714734482759,-73.70995484482758,0.000725,1.0,0.009043717329571148,0.011855153759827281,114.52725273128497,114.52725273128497,0.0,176,True,True
388,-6225,4504,58,58.0,40.738366086206895,-73.79161163793104,0.000725,1.0,0.009043717329571148,0.011855153759827281,40.270455279497774,40.270455279497774,0.0,173,True,True
389,-6237,4491,58,58.0,40.61959962068965,-73.93303181034483,0.000725,1.0,0.009043717329571148,0.011855153759827281,120.94060900657792,120.94060900657792,0.0,142,True,True
390,-6223,4500,58,58.0,40.701627620689656,-73.76812050000001,0.000725,1.0,0.009043717329571148,0.011855153759827281,251.37215344908725,251.37215344908725,0.0,188,True,True
391,-6229,4497,57,57.0,40.67266566666667,-73.84131961403509,0.0007125,1.0,0.009043717329571148,0.011855153759827281,198.37969058110116,198.37969058110116,0.0,178,True,True
392,-6256,4493,57,57.0,40.63614805263158,-74.16134742105262,0.0007125,1.0,0.009043717329571148,0.011855153759827281,39.55930534100981,39.55930534100981,0.0,206,True,True
393,-6231,4502,57,57.0,40.72165866666667,-73.86351577192983,0.0007125,1.0,0.009043717329571148,0.011855153759827281,248.20295111454809,248.20295111454809,0.0,165,True,True
394,-6235,4494,57,57.0,40.64699371929825,-73.9106932631579,0.0007125,1.0,0.009043717329571148,0.011855153759827281,115.71432723633863,115.71432723633863,0.0,140,True,True
395,-6239,4514,56,56.0,40.824441892857145,-73.95336425,0.0007,1.0,0.009043717329571148,0.011855153759827281,74.05742564967534,74.05742564967534,0.0,41,True,True
396,-6239,4506,56,56.0,40.757905196428574,-73.95993337499999,0.0007,1.0,0.009043717329571148,0.011855153759827281,169.20826967529155,169.20826967529155,0.0,24,True,True
397,-6233,4493,56,56.0,40.637984,-73.88793916071428,0.0007,1.0,0.009043717329571148,0.011855153759827281,287.56634214552565,287.56634214552565,0.0,140,True,True
398,-6224,4497,55,55.0,40.67440896363637,-73.78014978181818,0.0006875,1.0,0.009043717329571148,0.011855153759827281,225.5976356826006,225.5976356826006,0.0,187,True,True
399,-6256,4490,55,55.0,40.610529,-74.16026387272727,0.0006875,1.0,0.009043717329571148,0.011855153759827281,90.43028267722349,90.43028267722349,0.0,207,True,True
400,-6230,4516,55,55.0,40.84541261818182,-73.85207323636364,0.0006875,1.0,0.009043717329571148,0.011855153759827281,95.14824161575356,95.14824161575356,0.0,65,True,True
401,-6224,4509,55,55.0,40.781432927272725,-73.77876383636364,0.0006875,1.0,0.009043717329571148,0.011855153759827281,237.68223835025356,237.68223835025356,0.0,197,True,True
402,-6221,4499,55,55.0,40.69306507272727,-73.74626830909091,0.0006875,1.0,0.009043717329571148,0.011855153759827281,147.19429702852068,147.19429702852068,0.0,188,True,True
403,-6221,4496,55,55.0,40.6648912,-73.74526018181818,0.0006875,1.0,0.009043717329571148,0.011855153759827281,81.26036613261479,81.26036613261479,0.0,190,True,True
404,-6233,4492,55,55.0,40.63180670909091,-73.88807474545455,0.0006875,1.0,0.009043717329571148,0.011855153759827281,366.3603525322287,366.3603525322287,0.0,140,True,True
405,-6230,4506,55,55.0,40.755462945454546,-73.85516747272727,0.0006875,1.0,0.009043717329571148,0.011855153759827281,239.15711796794008,239.15711796794008,0.0,157,True,True
406,-6227,4513,54,54.0,40.81824292592592,-73.81761516666667,0.000675,1.0,0.009043717329571148,0.011855153759827281,72.71199583096029,72.71199583096029,0.0,72,True,True
407,-6255,4483,54,54.0,40.548595629629624,-74.1483452037037,0.000675,1.0,0.009043717329571148,0.011855153759827281,117.92445509297711,117.92445509297711,0.0,213,True,True
408,-6240,4500,54,54.0,40.701537407407415,-73.96628716666667,0.000675,1.0,0.009043717329571148,0.011855153759827281,71.41084625400967,71.41084625400967,0.0,104,True,True
409,-6229,4486,54,54.0,40.57741546296296,-73.83850492592593,0.000675,1.0,0.009043717329571148,0.011855153759827281,77.2429430106078,77.2429430106078,0.0,192,True,True
410,-6233,4507,54,54.0,40.76474075925926,-73.88682,0.000675,1.0,0.009043717329571148,0.011855153759827281,181.9235947130237,181.9235947130237,0.0,156,True,True
411,-6225,4502,54,54.0,40.716647018518515,-73.79287392592593,0.000675,1.0,0.009043717329571148,0.011855153759827281,234.32681993426883,234.32681993426883,0.0,172,True,True
412,-6227,4487,54,54.0,40.585621296296296,-73.81546894444445,0.000675,1.0,0.009043717329571148,0.011855153759827281,31.403265385158193,31.403265385158193,0.0,194,True,True
413,-6222,4505,53,53.0,40.74681364150943,-73.75618143396227,0.0006625,1.0,0.009043717329571148,0.011855153759827281,30.0,30.0,0.0,174,True,True
414,-6238,4507,53,53.0,40.76494188679246,-73.94920532075471,0.0006625,1.0,0.009043717329571148,0.011855153759827281,176.40234286600904,176.40234286600904,0.0,151,True,True
415,-6227,4510,53,53.0,40.789654603773585,-73.8143229245283,0.0006625,1.0,0.009043717329571148,0.011855153759827281,41.0909977895965,41.0909977895965,0.0,167,True,True
416,-6240,4508,53,53.0,40.77206713207547,-73.96703366037737,0.0006625,1.0,0.009043717329571148,0.011855153759827281,119.7508830273867,119.7508830273867,0.0,39,True,True
417,-6230,4509,52,52.0,40.783119038461535,-73.85058190384615,0.00065,1.0,0.009043717329571148,0.011855153759827281,63.60759074094591,63.60759074094591,0.0,166,True,True
418,-6241,4495,52,52.0,40.657569230769234,-73.98064576923076,0.00065,1.0,0.009043717329571148,0.011855153759827281,152.64495214795872,152.64495214795872,0.0,91,True,True
419,-6234,4508,52,52.0,40.77266051923077,-73.90032751923077,0.00065,1.0,0.009043717329571148,0.011855153759827281,157.98999725173942,157.98999725173942,0.0,155,True,True
420,-6257,4493,51,51.0,40.639047725490194,-74.17025850980392,0.0006375,1.0,0.009043717329571148,0.011855153759827281,175.1986576140241,175.1986576140241,0.0,206,True,True
421,-6234,4523,51,51.0,40.90865294117647,-73.90013382352942,0.0006375,1.0,0.009043717329571148,0.011855153759827281,339.9692716279067,339.9692716279067,0.0,74,True,True
422,-6237,4492,51,51.0,40.62847680392157,-73.935174,0.0006375,1.0,0.009043717329571148,0.011855153759827281,278.6498435480014,278.6498435480014,0.0,125,True,True
423,-6220,4496,51,51.0,40.665086549019605,-73.73357831372549,0.0006375,1.0,0.009043717329571148,0.011855153759827281,117.26009877595743,117.26009877595743,0.0,190,True,True
424,-6224,4496,51,51.0,40.666867901960785,-73.78145203921568,0.0006375,1.0,0.009043717329571148,0.011855153759827281,249.00558652116393,249.00558652116393,0.0,187,True,True
425,-6222,4498,51,51.0,40.68349033333333,-73.75703050980393,0.0006375,1.0,0.009043717329571148,0.011855153759827281,195.06438012596595,195.06438012596595,0.0,188,True,True
426,-6250,4492,51,51.0,40.62962343137255,-74.08775839215687,0.0006375,1.0,0.009043717329571148,0.011855153759827281,162.2657919331098,162.2657919331098,0.0,199,True,True
427,-6231,4507,51,51.0,40.76453288235294,-73.86629954901962,0.0006375,1.0,0.009043717329571148,0.011855153759827281,69.77708329259278,69.77708329259278,0.0,158,True,True
428,-6235,4521,50,50.0,40.8893942,-73.90963216,0.000625,1.0,0.009043717329571148,0.011855153759827281,72.73706769664112,72.73706769664112,0.0,74,True,True
429,-6244,4500,50,50.0,40.70376794,-74.01400198,0.000625,1.0,0.009043717329571148,0.011855153759827281,103.56269487182412,103.56269487182412,0.0,0,True,True
430,-6242,4488,50,50.0,40.59398526,-73.99352898000001,0.000625,1.0,0.009043717329571148,0.011855153759827281,131.35644559610643,131.35644559610643,0.0,136,True,True
431,-6250,4488,50,50.0,40.59341122,-74.08895286,0.000625,1.0,0.009043717329571148,0.011855153759827281,186.95870278093525,186.95870278093525,0.0,212,True,True
432,-6220,4499,50,50.0,40.69291478,-73.73319426,0.000625,1.0,0.009043717329571148,0.011855153759827281,331.4496853307383,331.4496853307383,0.0,188,True,True
433,-6256,4483,50,50.0,40.54750688,-74.16116994,0.000625,1.0,0.009043717329571148,0.011855153759827281,225.92158012908345,225.92158012908345,0.0,213,True,True
434,-6256,4488,49,49.0,40.595207061224485,-74.16165071428571,0.0006125,1.0,0.009043717329571148,0.011855153759827281,286.21810251300167,286.21810251300167,0.0,208,True,True
435,-6235,4509,49,49.0,40.78130353061225,-73.91219785714286,0.0006125,1.0,0.009043717329571148,0.011855153759827281,163.167183602302,163.167183602302,0.0,155,True,True
436,-6258,4483,49,49.0,40.54605442857143,-74.18209485714286,0.0006125,1.0,0.009043717329571148,0.011855153759827281,192.75519951525317,192.75519951525317,0.0,214,True,True
437,-6253,4490,49,49.0,40.60981912244898,-74.1227253877551,0.0006125,1.0,0.009043717329571148,0.011855153759827281,167.32629427193245,167.32629427193245,0.0,202,True,True
438,-6234,4506,49,49.0,40.755263020408165,-73.89947242857143,0.0006125,1.0,0.009043717329571148,0.011855153759827281,210.0133540793811,210.0133540793811,0.0,156,True,True
439,-6220,4500,48,48.0,40.70204820833333,-73.73383341666666,0.0006,1.0,0.009043717329571148,0.011855153759827281,292.7548281660397,292.7548281660397,0.0,186,True,True
440,-6223,4496,48,48.0,40.66476179166667,-73.7678046875,0.0006,1.0,0.009043717329571148,0.011855153759827281,129.3418006894996,129.3418006894996,0.0,189,True,True
441,-6229,4522,47,47.0,40.89997404255319,-73.84324414893617,0.0005875,1.0,0.009043717329571148,0.011855153759827281,228.06969248345857,228.06969248345857,0.0,69,True,True
442,-6232,4500,47,47.0,40.703146319148935,-73.8767984680851,0.0005875,1.0,0.009043717329571148,0.011855153759827281,158.44457838623086,158.44457838623086,0.0,164,True,True
443,-6251,4487,47,47.0,40.58586989361702,-74.10137263829787,0.0005875,1.0,0.009043717329571148,0.011855153759827281,105.67435628231857,105.67435628231857,0.0,212,True,True
444,-6228,4500,47,47.0,40.70143357446808,-73.82860131914893,0.0005875,1.0,0.009043717329571148,0.011855153759827281,135.34234500641912,135.34234500641912,0.0,180,True,True
445,-6236,4493,47,47.0,40.63786636170212,-73.92316519148936,0.0005875,1.0,0.009043717329571148,0.011855153759827281,260.7368932705357,260.7368932705357,0.0,121,True,True
446,-6241,4487,47,47.0,40.58382129787234,-73.98499519148936,0.0005875,1.0,0.009043717329571148,0.011855153759827281,174.66408260735503,174.66408260735503,0.0,137,True,True
447,-6225,4506,47,47.0,40.75629446808511,-73.79093551063829,0.0005875,1.0,0.009043717329571148,0.011855153759827281,156.70275396006508,156.70275396006508,0.0,170,True,True
448,-6221,4502,46,46.0,40.7190745,-73.7446905,0.000575,1.0,0.009043717329571148,0.011855153759827281,144.61222032264885,144.61222032264885,0.0,186,True,True
449,-6229,4506,46,46.0,40.757205326086954,-73.83558565217392,0.000575,1.0,0.009043717329571148,0.011855153759827281,151.2342929009544,151.2342929009544,0.0,168,True,True
450,-6236,4511,46,46.0,40.80454156521739,-73.92333421739131,0.000575,1.0,0.009043717329571148,0.011855153759827281,109.15886053940316,123.1510590372124,-13.992198497809241,221,True,True
451,-6221,4495,46,46.0,40.656471,-73.74331495652174,0.000575,1.0,0.009043717329571148,0.011855153759827281,160.32331610718367,160.32331610718367,0.0,190,True,True
452,-6224,4506,45,45.0,40.756193800000005,-73.78078106666666,0.0005625,1.0,0.009043717329571148,0.011855153759827281,173.60083642537157,173.60083642537157,0.0,170,True,True
453,-6234,4498,45,45.0,40.680724222222224,-73.89858346666666,0.0005625,1.0,0.009043717329571148,0.011855153759827281,143.1438178121098,143.1438178121098,0.0,117,True,True
454,-6230,4497,45,45.0,40.67371328888889,-73.8511375111111,0.0005625,1.0,0.009043717329571148,0.011855153759827281,224.55660422929046,224.55660422929046,0.0,178,True,True
455,-6220,4497,45,45.0,40.67453395555555,-73.73350304444445,0.0005625,1.0,0.009043717329571148,0.011855153759827281,234.92999356693343,234.92999356693343,0.0,190,True,True
456,-6229,4496,45,45.0,40.66467771111111,-73.84003655555556,0.0005625,1.0,0.009043717329571148,0.011855153759827281,116.23670134539522,116.23670134539522,0.0,191,True,True
457,-6229,4513,44,44.0,40.81925127272727,-73.84278377272727,0.00055,1.0,0.009043717329571148,0.011855153759827281,285.1988449700338,285.1988449700338,0.0,78,True,True
458,-6257,4483,43,43.0,40.54700434883721,-74.1722944883721,0.0005375,1.0,0.009043717329571148,0.011855153759827281,155.9345831819802,155.9345831819802,0.0,214,True,True
459,-6234,4521,43,43.0,40.890897930232555,-73.90024618604652,0.0005375,1.0,0.009043717329571148,0.011855153759827281,121.54634687898766,121.54634687898766,0.0,74,True,True
460,-6256,4491,43,43.0,40.62003195348837,-74.15984923255814,0.0005375,1.0,0.009043717329571148,0.011855153759827281,124.78031667963408,124.78031667963408,0.0,207,True,True
461,-6234,4492,43,43.0,40.63064646511628,-73.89977123255814,0.0005375,1.0,0.009043717329571148,0.011855153759827281,314.4651810785788,314.4651810785788,0.0,141,True,True
462,-6251,4488,43,43.0,40.59097713953488,-74.09940720930233,0.0005375,1.0,0.009043717329571148,0.011855153759827281,32.638689188490446,32.638689188490446,0.0,212,True,True
463,-6245,4490,43,43.0,40.61393239534884,-74.03074246511628,0.0005375,1.0,0.009043717329571148,0.011855153759827281,81.51726643800939,81.51726643800939,0.0,130,True,True
464,-6254,4489,43,43.0,40.60245195348837,-74.13472188372093,0.0005375,1.0,0.009043717329571148,0.011855153759827281,259.1070594921249,259.1070594921249,0.0,202,True,True
465,-6222,4497,43,43.0,40.673245511627904,-73.75571895348837,0.0005375,1.0,0.009043717329571148,0.011855153759827281,203.29414578658762,203.29414578658762,0.0,189,True,True
466,-6249,4494,43,43.0,40.64465795348837,-74.07901388372093,0.0005375,1.0,0.009043717329571148,0.011855153759827281,195.14243003610653,195.14243003610653,0.0,199,True,True
467,-6232,4502,43,43.0,40.71920097674418,-73.87636941860465,0.0005375,1.0,0.009043717329571148,0.011855153759827281,139.70416029000663,139.70416029000663,0.0,165,True,True
468,-6226,4488,42,42.0,40.59180669047619,-73.80228121428571,0.000525,1.0,0.009043717329571148,0.011855153759827281,237.12832307659002,237.12832307659002,0.0,194,True,True
469,-6220,4501,42,42.0,40.710892928571425,-73.73372357142857,0.000525,1.0,0.009043717329571148,0.011855153759827281,131.0722758156466,131.0722758156466,0.0,186,True,True
470,-6227,4509,42,42.0,40.78287397619048,-73.8164064047619,0.000525,1.0,0.009043717329571148,0.011855153759827281,128.66551785428743,128.66551785428743,0.0,167,True,True
471,-6257,4484,42,42.0,40.55641861904762,-74.17064971428572,0.000525,1.0,0.009043717329571148,0.011855153759827281,94.77728820975338,94.77728820975338,0.0,214,True,True
472,-6231,4495,42,42.0,40.65632995238095,-73.86754726190476,0.000525,1.0,0.009043717329571148,0.011855153759827281,260.669634140342,260.669634140342,0.0,120,True,True
473,-6237,4504,42,42.0,40.73777838095238,-73.93501616666667,0.000525,1.0,0.009043717329571148,0.011855153759827281,51.19600770036982,51.19600770036982,0.0,150,True,True
474,-6228,4508,42,42.0,40.77199280952381,-73.82780885714286,0.000525,1.0,0.009043717329571148,0.011855153759827281,241.00010383449586,241.00010383449586,0.0,168,True,True
475,-6255,4490,42,42.0,40.61034166666667,-74.14887892857143,0.000525,1.0,0.009043717329571148,0.011855153759827281,165.01681260997566,165.01681260997566,0.0,207,True,True
476,-6240,4495,41,41.0,40.65408424390244,-73.9712033902439,0.0005125,1.0,0.009043717329571148,0.011855153759827281,96.98402458027942,96.98402458027942,0.0,126,True,True
477,-6263,4479,41,41.0,40.51164490243902,-74.24305748780488,0.0005125,1.0,0.009043717329571148,0.011855153759827281,76.49749789488752,76.49749789488752,0.0,216,True,True
478,-6228,4505,41,41.0,40.746962609756096,-73.82576880487805,0.0005125,1.0,0.009043717329571148,0.011855153759827281,255.13598798017676,255.13598798017676,0.0,168,True,True
479,-6256,4484,41,41.0,40.556203951219516,-74.1598775609756,0.0005125,1.0,0.009043717329571148,0.011855153759827281,238.45945111371594,238.45945111371594,0.0,214,True,True
480,-6221,4503,41,41.0,40.72914643902439,-73.74440675609756,0.0005125,1.0,0.009043717329571148,0.011855153759827281,271.8084747962339,271.8084747962339,0.0,186,True,True
481,-6248,4488,41,41.0,40.59469121951219,-74.0661448292683,0.0005125,1.0,0.009043717329571148,0.011855153759827281,80.26621784175974,80.26621784175974,0.0,210,True,True
482,-6228,4503,41,41.0,40.7289022195122,-73.8267283902439,0.0005125,1.0,0.009043717329571148,0.011855153759827281,267.1497094048929,267.1497094048929,0.0,163,True,True
483,-6223,4502,41,41.0,40.71764814634146,-73.76936175609757,0.0005125,1.0,0.009043717329571148,0.011855153759827281,121.44733958702868,121.44733958702868,0.0,185,True,True
484,-6226,4503,40,40.0,40.728229299999995,-73.80567185,0.0005,1.0,0.009043717329571148,0.011855153759827281,168.75589556950573,168.75589556950573,0.0,172,True,True
485,-6254,4491,40,40.0,40.620115,-74.136453725,0.0005,1.0,0.009043717329571148,0.011855153759827281,135.4724162234009,135.4724162234009,0.0,202,True,True
486,-6221,4497,40,40.0,40.674318075,-73.74419825,0.0005,1.0,0.009043717329571148,0.011855153759827281,212.40029483090478,212.40029483090478,0.0,190,True,True
487,-6250,4489,39,39.0,40.60282923076923,-74.08779823076922,0.0004875,1.0,0.009043717329571148,0.011855153759827281,100.9131993480681,100.9131993480681,0.0,211,True,True
488,-6251,4493,39,39.0,40.6389772051282,-74.09850169230769,0.0004875,1.0,0.009043717329571148,0.011855153759827281,169.72457659872373,169.72457659872373,0.0,199,True,True
489,-6240,4512,39,39.0,40.80663664102564,-73.96549417948718,0.0004875,1.0,0.009043717329571148,0.011855153759827281,62.817311091844005,62.817311091844005,0.0,32,True,True
490,-6236,4492,38,38.0,40.62947636842105,-73.92381355263157,0.000475,1.0,0.009043717329571148,0.011855153759827281,221.74910478607632,221.74910478607632,0.0,141,True,True
491,-6228,4497,38,38.0,40.67637481578947,-73.82756628947368,0.000475,1.0,0.009043717329571148,0.011855153759827281,166.98546735339883,166.98546735339883,0.0,181,True,True
492,-6218,4504,38,38.0,40.73752826315789,-73.71023755263158,0.000475,1.0,0.009043717329571148,0.011855153759827281,168.11606992225995,168.11606992225995,0.0,176,True,True
493,-6235,4502,38,38.0,40.71863623684211,-73.9096742105263,0.000475,1.0,0.009043717329571148,0.011855153759827281,126.54471018833819,126.54471018833819,0.0,195,True,True
494,-6255,4493,38,38.0,40.63573134210527,-74.14821134210527,0.000475,1.0,0.009043717329571148,0.011855153759827281,182.22413565683368,182.22413565683368,0.0,206,True,True
495,-6230,4523,38,38.0,40.90563839473684,-73.84951476315788,0.000475,1.0,0.009043717329571148,0.011855153759827281,263.1068278925073,263.1068278925073,0.0,69,True,True
496,-6251,4492,38,38.0,40.629188815789476,-74.10053307894736,0.000475,1.0,0.009043717329571148,0.011855153759827281,245.730748794476,245.730748794476,0.0,201,True,True
497,-6229,4500,38,38.0,40.700170684210526,-73.83918800000001,0.000475,1.0,0.009043717329571148,0.011855153759827281,155.4438516410459,155.4438516410459,0.0,179,True,True
498,-6249,4490,38,38.0,40.61033228947368,-74.07630310526316,0.000475,1.0,0.009043717329571148,0.011855153759827281,101.15672933659823,101.15672933659823,0.0,209,True,True
499,-6255,4482,38,38.0,40.539178,-74.14942521052632,0.000475,1.0,0.009043717329571148,0.011855153759827281,93.3468915902145,93.3468915902145,0.0,213,True,True
500,-6220,4503,37,37.0,40.72767283783784,-73.7325824054054,0.0004625,1.0,0.009043717329571148,0.011855153759827281,220.61730668264082,220.61730668264082,0.0,186,True,True
501,-6228,4487,37,37.0,40.58173602702703,-73.827971,0.0004625,1.0,0.009043717329571148,0.011855153759827281,158.52115046905982,158.52115046905982,0.0,192,True,True
502,-6223,4506,37,37.0,40.756120513513515,-73.7681137027027,0.0004625,1.0,0.009043717329571148,0.011855153759827281,162.06105837093867,162.06105837093867,0.0,171,True,True
503,-6238,4504,37,37.0,40.73882137837838,-73.94904248648649,0.0004625,1.0,0.009043717329571148,0.011855153759827281,135.77134861363066,135.77134861363066,0.0,148,True,True
504,-6249,4489,37,37.0,40.60170932432432,-74.07640581081081,0.0004625,1.0,0.009043717329571148,0.011855153759827281,145.13105820317728,145.13105820317728,0.0,210,True,True
505,-6240,4503,37,37.0,40.72593645945946,-73.97489932432433,0.0004625,1.0,0.009043717329571148,0.011855153759827281,146.24927515987645,146.24927515987645,0.0,6,True,True
506,-6220,4498,36,36.0,40.68237997222222,-73.73265169444444,0.00045,1.0,0.009043717329571148,0.011855153759827281,374.3372337719824,374.3372337719824,0.0,190,True,True
507,-6250,4487,36,36.0,40.58377875,-74.08972730555556,0.00045,1.0,0.009043717329571148,0.011855153759827281,215.49410729071096,215.49410729071096,0.0,212,True,True
508,-6229,4487,36,36.0,40.58037363888889,-73.83757,0.00045,1.0,0.009043717329571148,0.011855153759827281,30.0,30.0,0.0,192,True,True
509,-6221,4498,36,36.0,40.68246761111111,-73.74547286111111,0.00045,1.0,0.009043717329571148,0.011855153759827281,259.4936695177134,259.4936695177134,0.0,188,True,True
510,-6231,4501,36,36.0,40.70934694444444,-73.86112683333334,0.00045,1.0,0.009043717329571148,0.011855153759827281,218.68618792036878,218.68618792036878,0.0,165,True,True
511,-6254,4490,36,36.0,40.61037427777777,-74.13549936111112,0.00045,1.0,0.009043717329571148,0.011855153759827281,127.1130158389442,127.1130158389442,0.0,202,True,True
512,-6226,4507,36,36.0,40.76427708333333,-73.80347522222222,0.00045,1.0,0.009043717329571148,0.011855153759827281,148.2900507781262,148.2900507781262,0.0,169,True,True
513,-6224,4507,36,36.0,40.765168083333336,-73.78021847222222,0.00045,1.0,0.009043717329571148,0.011855153759827281,116.46949361880033,116.46949361880033,0.0,170,True,True
514,-6226,4496,35,35.0,40.66742474285714,-73.80307785714285,0.0004375,1.0,0.009043717329571148,0.011855153759827281,181.97665961232235,181.97665961232235,0.0,187,True,True
515,-6253,4491,35,35.0,40.619556828571426,-74.12427885714285,0.0004375,1.0,0.009043717329571148,0.011855153759827281,137.14217231393994,137.14217231393994,0.0,202,True,True
516,-6225,4496,35,35.0,40.668358257142856,-73.79453942857143,0.0004375,1.0,0.009043717329571148,0.011855153759827281,121.13482689600939,121.13482689600939,0.0,187,True,True
517,-6225,4503,35,35.0,40.727398914285715,-73.79240217142858,0.0004375,1.0,0.009043717329571148,0.011855153759827281,215.44080269863025,215.44080269863025,0.0,173,True,True
518,-6224,4505,35,35.0,40.74649462857143,-73.78175211428571,0.0004375,1.0,0.009043717329571148,0.011855153759827281,240.47468060233015,240.47468060233015,0.0,173,True,True
519,-6230,4517,35,35.0,40.85555828571429,-73.85215877142858,0.0004375,1.0,0.009043717329571148,0.011855153759827281,147.6432316481419,147.6432316481419,0.0,66,True,True
520,-6252,4486,34,34.0,40.573551941176476,-74.11230961764706,0.000425,1.0,0.009043717329571148,0.011855153759827281,182.6928197368017,182.6928197368017,0.0,204,True,True
521,-6224,4503,34,34.0,40.72869338235294,-73.78038467647059,0.000425,1.0,0.009043717329571148,0.011855153759827281,268.8950793925908,268.8950793925908,0.0,173,True,True
522,-6226,4506,34,34.0,40.75652535294118,-73.80452955882353,0.000425,1.0,0.009043717329571148,0.011855153759827281,174.3230905892304,174.3230905892304,0.0,169,True,True
523,-6230,4501,34,34.0,40.71081335294118,-73.85193264705882,0.000425,1.0,0.009043717329571148,0.011855153759827281,257.76627415795986,257.76627415795986,0.0,163,True,True
524,-6230,4496,34,34.0,40.66593497058824,-73.85097032352941,0.000425,1.0,0.009043717329571148,0.011855153759827281,218.81708129775225,218.81708129775225,0.0,191,True,True
525,-6228,4509,34,34.0,40.78296467647059,-73.82552882352942,0.000425,1.0,0.009043717329571148,0.011855153759827281,190.13370053088897,190.13370053088897,0.0,167,True,True
526,-6221,4490,34,34.0,40.608110205882355,-73.74905702941177,0.000425,1.0,0.009043717329571148,0.011855153759827281,89.97765317856765,89.97765317856765,0.0,196,True,True
527,-6227,4488,34,34.0,40.58944664705882,-73.8118290882353,0.000425,1.0,0.009043717329571148,0.011855153759827281,100.61189884034476,100.61189884034476,0.0,194,True,True
528,-6228,4521,33,33.0,40.88891309090909,-73.83118345454545,0.0004125,1.0,0.009043717329571148,0.011855153759827281,311.0679696934902,311.0679696934902,0.0,68,True,True
529,-6229,4517,33,33.0,40.857183484848484,-73.84213490909092,0.0004125,1.0,0.009043717329571148,0.011855153759827281,64.28242347253835,64.28242347253835,0.0,66,True,True
530,-6221,4508,33,33.0,40.77348218181818,-73.74447466666668,0.0004125,1.0,0.009043717329571148,0.011855153759827281,143.35588067516778,143.35588067516778,0.0,175,True,True
531,-6232,4508,33,33.0,40.77066481818182,-73.87555642424243,0.0004125,1.0,0.009043717329571148,0.011855153759827281,193.60831704566075,193.60831704566075,0.0,158,True,True
532,-6235,4492,33,33.0,40.62973278787879,-73.91000454545454,0.0004125,1.0,0.009043717329571148,0.011855153759827281,211.60219720183449,211.60219720183449,0.0,141,True,True
533,-6255,4491,32,32.0,40.6197514375,-74.147801375,0.0004,1.0,0.009043717329571148,0.011855153759827281,193.3448317033814,193.3448317033814,0.0,207,True,True
534,-6226,4487,32,32.0,40.58721371875,-73.80765475,0.0004,1.0,0.009043717329571148,0.011855153759827281,137.374298386379,137.374298386379,0.0,194,True,True
535,-6252,4490,32,32.0,40.61077103125,-74.1145116875,0.0004,1.0,0.009043717329571148,0.011855153759827281,259.59828392094204,259.59828392094204,0.0,202,True,True
536,-6223,4499,32,32.0,40.6931941875,-73.7685118125,0.0004,1.0,0.009043717329571148,0.011855153759827281,192.5499159006419,192.5499159006419,0.0,184,True,True
537,-6232,4494,32,32.0,40.64627565625,-73.87960425,0.0004,1.0,0.009043717329571148,0.011855153759827281,352.9983283119524,352.9983283119524,0.0,140,True,True
538,-6256,4482,32,32.0,40.5398290625,-74.15878146874999,0.0004,1.0,0.009043717329571148,0.011855153759827281,186.8202372142421,186.8202372142421,0.0,213,True,True
539,-6232,4522,32,32.0,40.89798403125,-73.872608375,0.0004,1.0,0.009043717329571148,0.011855153759827281,274.89198649946144,274.89198649946144,0.0,69,True,True
540,-6246,4491,31,31.0,40.61991435483871,-74.03830961290322,0.0003875,1.0,0.009043717329571148,0.011855153759827281,147.5844609497918,147.5844609497918,0.0,130,True,True
541,-6227,4496,31,31.0,40.66688696774194,-73.81466493548388,0.0003875,1.0,0.009043717329571148,0.011855153759827281,321.4950370052407,321.4950370052407,0.0,187,True,True
542,-6230,4500,31,31.0,40.69892867741936,-73.8517975483871,0.0003875,1.0,0.009043717329571148,0.011855153759827281,124.28217045527222,124.28217045527222,0.0,179,True,True
543,-6235,4522,31,31.0,40.901860774193544,-73.90849625806452,0.0003875,1.0,0.009043717329571148,0.011855153759827281,196.458084434794,196.458084434794,0.0,74,True,True
544,-6228,4517,31,31.0,40.85411348387097,-73.82964319354838,0.0003875,1.0,0.009043717329571148,0.011855153759827281,241.0847228275298,241.0847228275298,0.0,66,True,True
545,-6229,4515,31,31.0,40.837843,-73.84031648387096,0.0003875,1.0,0.009043717329571148,0.011855153759827281,173.8425633442231,173.8425633442231,0.0,65,True,True
546,-6230,4495,30,30.0,40.658496066666665,-73.8496952,0.000375,1.0,0.009043717329571148,0.011855153759827281,159.20353018530525,159.20353018530525,0.0,191,True,True
547,-6253,4489,30,30.0,40.60168253333333,-74.12506763333334,0.000375,1.0,0.009043717329571148,0.011855153759827281,279.82310334641556,279.82310334641556,0.0,202,True,True
548,-6230,4512,30,30.0,40.81003716666667,-73.85385473333334,0.000375,1.0,0.009043717329571148,0.011855153759827281,339.74948564295335,339.74948564295335,0.0,63,True,True
549,-6258,4484,30,30.0,40.55634766666667,-74.18123666666666,0.000375,1.0,0.009043717329571148,0.011855153759827281,105.64654053579063,105.64654053579063,0.0,214,True,True
550,-6228,4515,30,30.0,40.837719799999995,-73.82868813333333,0.000375,1.0,0.009043717329571148,0.011855153759827281,99.47090362388195,99.47090362388195,0.0,71,True,True
551,-6221,4488,29,29.0,40.596124137931035,-73.74449210344828,0.0003625,1.0,0.009043717329571148,0.011855153759827281,209.24342113544392,209.24342113544392,0.0,196,True,True
552,-6224,4504,29,29.0,40.73733803448276,-73.78105048275862,0.0003625,1.0,0.009043717329571148,0.011855153759827281,189.36524607118912,189.36524607118912,0.0,173,True,True
553,-6251,4486,29,29.0,40.57599286206897,-74.101208,0.0003625,1.0,0.009043717329571148,0.011855153759827281,288.7298343506599,288.7298343506599,0.0,212,True,True
554,-6254,4484,29,29.0,40.55595403448276,-74.13606879310345,0.0003625,1.0,0.009043717329571148,0.011855153759827281,302.51624491970273,302.51624491970273,0.0,213,True,True
555,-6219,4503,28,28.0,40.72763275,-73.72187517857142,0.00035,1.0,0.009043717329571148,0.011855153759827281,296.09303538840646,296.09303538840646,0.0,186,True,True
556,-6227,4515,28,28.0,40.836616928571424,-73.81955542857143,0.00035,1.0,0.009043717329571148,0.011855153759827281,137.19089372793596,137.19089372793596,0.0,71,True,True
557,-6229,4495,28,28.0,40.65603810714286,-73.83957746428572,0.00035,1.0,0.009043717329571148,0.011855153759827281,74.6080139578848,74.6080139578848,0.0,191,True,True
558,-6251,4491,28,28.0,40.61816707142857,-74.0989960357143,0.00035,1.0,0.009043717329571148,0.011855153759827281,259.0900482729819,259.0900482729819,0.0,211,True,True
559,-6220,4507,28,28.0,40.765797678571424,-73.73276478571428,0.00035,1.0,0.009043717329571148,0.011855153759827281,150.82152799132203,150.82152799132203,0.0,175,True,True
560,-6263,4478,28,28.0,40.50291428571428,-74.24219864285715,0.00035,1.0,0.009043717329571148,0.011855153759827281,203.27874638674186,203.27874638674186,0.0,216,True,True
561,-6223,4489,28,28.0,40.600469857142855,-73.76508389285713,0.00035,1.0,0.009043717329571148,0.011855153759827281,214.86460954470445,214.86460954470445,0.0,196,True,True
562,-6221,4493,28,28.0,40.63876928571428,-73.7432474642857,0.00035,1.0,0.009043717329571148,0.011855153759827281,485.9298693101568,485.9298693101568,0.0,190,False,False
563,-6226,4508,28,28.0,40.77332885714286,-73.8045060357143,0.00035,1.0,0.009043717329571148,0.011855153759827281,246.63452246397188,246.63452246397188,0.0,169,True,True
564,-6219,4504,28,28.0,40.73747225,-73.72160582142858,0.00035,1.0,0.009043717329571148,0.011855153759827281,166.6450281771684,166.6450281771684,0.0,176,True,True
565,-6244,4502,28,28.0,40.7180945,-74.01343835714286,0.00035,1.0,0.009043717329571148,0.011855153759827281,114.90386754069063,114.90386754069063,0.0,3,True,True
566,-6222,4495,28,28.0,40.65947432142857,-73.75650735714285,0.00035,1.0,0.009043717329571148,0.011855153759827281,105.03999626605037,105.03999626605037,0.0,189,True,True
567,-6254,4485,27,27.0,40.56456292592593,-74.13517466666666,0.0003375,1.0,0.009043717329571148,0.011855153759827281,283.2759368429563,283.2759368429563,0.0,204,True,True
568,-6242,4495,26,26.0,40.658730846153844,-73.99437257692308,0.000325,1.0,0.009043717329571148,0.011855153759827281,215.952453203632,215.952453203632,0.0,88,True,True
569,-6244,4497,26,26.0,40.67523226923077,-74.01406896153846,0.000325,1.0,0.009043717329571148,0.011855153759827281,159.02558951136933,159.02558951136933,0.0,87,True,True
570,-6234,4499,26,26.0,40.694578923076925,-73.90114111538462,0.000325,1.0,0.009043717329571148,0.011855153759827281,163.61978175881129,163.61978175881129,0.0,114,True,True
571,-6219,4507,26,26.0,40.76395115384616,-73.72461857692308,0.000325,1.0,0.009043717329571148,0.011855153759827281,269.73092109276956,269.73092109276956,0.0,175,True,True
572,-6232,4499,26,26.0,40.689514576923074,-73.87333057692308,0.000325,1.0,0.009043717329571148,0.011855153759827281,233.81624279472933,233.81624279472933,0.0,119,True,True
573,-6222,4506,26,26.0,40.754817461538465,-73.75810226923078,0.000325,1.0,0.009043717329571148,0.011855153759827281,163.2691463372188,163.2691463372188,0.0,174,True,True
574,-6234,4502,25,25.0,40.71868868,-73.90109672,0.0003125,1.0,0.009043717329571148,0.011855153759827281,145.50244714655753,145.50244714655753,0.0,195,True,True
575,-6235,4503,25,25.0,40.725902839999996,-73.90764936000001,0.0003125,1.0,0.009043717329571148,0.011855153759827281,175.80856953867027,175.80856953867027,0.0,161,True,True
576,-6219,4505,25,25.0,40.74509304,-73.72089856000001,0.0003125,1.0,0.009043717329571148,0.011855153759827281,83.79754622413455,83.79754622413455,0.0,176,True,True
577,-6229,4510,25,25.0,40.78980796,-73.84181303999999,0.0003125,1.0,0.009043717329571148,0.011855153759827281,141.57852638950988,141.57852638950988,0.0,166,True,True
578,-6258,4482,25,25.0,40.53851356,-74.18377644,0.0003125,1.0,0.009043717329571148,0.011855153759827281,197.77806206365014,197.77806206365014,0.0,215,True,True
579,-6227,4505,25,25.0,40.748316439999996,-73.81851028,0.0003125,1.0,0.009043717329571148,0.011855153759827281,257.8494357038316,257.8494357038316,0.0,168,True,True
580,-6230,4510,25,25.0,40.79037772,-73.84899075999999,0.0003125,1.0,0.009043717329571148,0.011855153759827281,117.18346036398542,117.18346036398542,0.0,166,True,True
581,-6260,4482,25,25.0,40.5403768,-74.2066088,0.0003125,1.0,0.009043717329571148,0.011855153759827281,190.20810941026133,190.20810941026133,0.0,215,True,True
582,-6222,4504,25,25.0,40.73819244,-73.75766107999999,0.0003125,1.0,0.009043717329571148,0.011855153759827281,180.5072665269416,180.5072665269416,0.0,174,True,True
583,-6227,4519,25,25.0,40.86866,-73.813507,0.0003125,1.0,0.009043717329571148,0.011855153759827281,264.40914821855665,264.40914821855665,0.0,70,True,True
584,-6233,4503,24,24.0,40.72809633333333,-73.887595625,0.0003,1.0,0.009043717329571148,0.011855153759827281,142.23411949752503,142.23411949752503,0.0,161,True,True
585,-6233,4501,24,24.0,40.71205883333333,-73.88694216666666,0.0003,1.0,0.009043717329571148,0.011855153759827281,184.33037444504794,184.33037444504794,0.0,165,True,True
586,-6226,4509,24,24.0,40.78207583333333,-73.80553579166667,0.0003,1.0,0.009043717329571148,0.011855153759827281,209.77708560232082,209.77708560232082,0.0,167,True,True
587,-6227,4508,24,24.0,40.77376579166667,-73.81642983333333,0.0003,1.0,0.009043717329571148,0.011855153759827281,231.07662719157395,231.07662719157395,0.0,169,True,True
588,-6226,4510,24,24.0,40.79267004166667,-73.80402804166667,0.0003,1.0,0.009043717329571148,0.011855153759827281,196.21842314244915,196.21842314244915,0.0,167,True,True
589,-6233,4502,24,24.0,40.71869341666667,-73.88731266666666,0.0003,1.0,0.009043717329571148,0.011855153759827281,201.34030459789565,201.34030459789565,0.0,161,True,True
590,-6251,4490,24,24.0,40.61075866666667,-74.10097120833333,0.0003,1.0,0.009043717329571148,0.011855153759827281,192.40440874206814,192.40440874206814,0.0,211,True,True
591,-6232,4517,23,23.0,40.857485913043476,-73.87662856521739,0.0002875,1.0,0.009043717329571148,0.011855153759827281,203.6181577414379,203.6181577414379,0.0,75,True,True
592,-6235,4484,23,23.0,40.558946,-73.909767,0.0002875,1.0,0.009043717329571148,0.011855153759827281,434.7949531440872,434.7949531440872,0.0,193,True,True
593,-6220,4506,23,23.0,40.75623004347826,-73.73328934782609,0.0002875,1.0,0.009043717329571148,0.011855153759827281,248.586415577681,248.586415577681,0.0,175,True,True
594,-6253,4484,23,23.0,40.558299652173915,-74.12547652173913,0.0002875,1.0,0.009043717329571148,0.011855153759827281,346.3355206410484,346.3355206410484,0.0,204,True,True
595,-6229,4507,23,23.0,40.764460434782606,-73.83755626086956,0.0002875,1.0,0.009043717329571148,0.011855153759827281,191.6350427345788,191.6350427345788,0.0,168,True,True
596,-6261,4481,22,22.0,40.52960586363636,-74.21863363636363,0.000275,1.0,0.009043717329571148,0.011855153759827281,351.6802201099289,351.6802201099289,0.0,215,True,True
597,-6235,4490,22,22.0,40.609315,-73.91227,0.000275,1.0,0.009043717329571148,0.011855153759827281,222.3352086619567,222.3352086619567,0.0,141,True,True
598,-6229,4501,22,22.0,40.70898986363637,-73.83620136363636,0.000275,1.0,0.009043717329571148,0.011855153759827281,187.22530270259657,187.22530270259657,0.0,163,True,True
599,-6225,4508,22,22.0,40.77434418181818,-73.79353927272727,0.000275,1.0,0.009043717329571148,0.011855153759827281,239.78476207569832,239.78476207569832,0.0,170,True,True
600,-6235,4491,22,22.0,40.61874045454545,-73.912352,0.000275,1.0,0.009043717329571148,0.011855153759827281,70.83485608735057,70.83485608735057,0.0,141,True,True
601,-6228,4502,22,22.0,40.716936272727274,-73.82973513636364,0.000275,1.0,0.009043717329571148,0.011855153759827281,129.6728950992351,129.6728950992351,0.0,163,True,True
602,-6237,4518,22,22.0,40.86422727272727,-73.92989081818182,0.000275,1.0,0.009043717329571148,0.011855153759827281,82.73138126494342,82.73138126494342,0.0,36,True,True
603,-6261,4483,22,22.0,40.547943727272724,-74.21663795454546,0.000275,1.0,0.009043717329571148,0.011855153759827281,137.2626787384794,137.2626787384794,0.0,217,True,True
604,-6248,4489,21,21.0,40.60052366666667,-74.06642995238096,0.0002625,1.0,0.009043717329571148,0.011855153759827281,100.17082028344306,100.17082028344306,0.0,210,True,True
605,-6225,4505,21,21.0,40.74578495238095,-73.79122066666666,0.0002625,1.0,0.009043717329571148,0.011855153759827281,159.98954405273847,159.98954405273847,0.0,173,True,True
606,-6253,4485,21,21.0,40.56631123809524,-74.12489833333333,0.0002625,1.0,0.009043717329571148,0.011855153759827281,197.26944275033338,197.26944275033338,0.0,204,True,True
607,-6227,4514,21,21.0,40.8274799047619,-73.81883057142856,0.0002625,1.0,0.009043717329571148,0.011855153759827281,129.94417452862712,129.94417452862712,0.0,72,True,True
608,-6231,4500,21,21.0,40.70407480952381,-73.86458233333333,0.0002625,1.0,0.009043717329571148,0.011855153759827281,230.13513022654863,230.13513022654863,0.0,165,True,True
609,-6235,4504,21,21.0,40.7372790952381,-73.90928428571429,0.0002625,1.0,0.009043717329571148,0.011855153759827281,148.6561538953781,148.6561538953781,0.0,160,True,True
610,-6227,4516,21,21.0,40.84536,-73.8189050952381,0.0002625,1.0,0.009043717329571148,0.011855153759827281,266.3021718521102,266.3021718521102,0.0,71,True,True
611,-6244,4490,21,21.0,40.61075438095238,-74.01406471428571,0.0002625,1.0,0.009043717329571148,0.011855153759827281,187.35050726279334,187.35050726279334,0.0,131,True,True
612,-6224,4508,21,21.0,40.77408752380953,-73.78065833333334,0.0002625,1.0,0.009043717329571148,0.011855153759827281,234.2603088278103,234.2603088278103,0.0,170,True,True
613,-6236,4519,21,21.0,40.87168857142857,-73.91837161904762,0.0002625,1.0,0.009043717329571148,0.011855153759827281,173.1745200541464,173.1745200541464,0.0,36,True,True
614,-6235,4488,20,20.0,40.59639,-73.90783,0.00025,1.0,0.009043717329571148,0.011855153759827281,416.2172785792601,416.2172785792601,0.0,144,True,True
615,-6237,4503,20,20.0,40.72689145,-73.9356495,0.00025,1.0,0.009043717329571148,0.011855153759827281,195.01166206357024,195.01166206357024,0.0,150,True,True
616,-6262,4480,20,20.0,40.5186556,-74.2329534,0.00025,1.0,0.009043717329571148,0.011855153759827281,153.8179929811268,153.8179929811268,0.0,216,True,True
617,-6234,4503,20,20.0,40.7274459,-73.8996795,0.00025,1.0,0.009043717329571148,0.011855153759827281,69.61755651921547,69.61755651921547,0.0,161,True,True
618,-6259,4481,20,20.0,40.5306746,-74.1953898,0.00025,1.0,0.009043717329571148,0.011855153759827281,103.66350675977355,103.66350675977355,0.0,215,True,True
619,-6226,4513,20,20.0,40.81826795,-73.80751024999999,0.00025,1.0,0.009043717329571148,0.011855153759827281,176.2676608467324,176.2676608467324,0.0,72,True,True
620,-6234,4507,19,19.0,40.76520421052631,-73.89866389473684,0.0002375,1.0,0.009043717329571148,0.011855153759827281,168.96779223518257,168.96779223518257,0.0,154,True,True
621,-6255,4485,19,19.0,40.56414794736842,-74.15001110526316,0.0002375,1.0,0.009043717329571148,0.011855153759827281,407.83855063439523,407.83855063439523,0.0,213,True,True
622,-6257,4486,19,19.0,40.57644605263158,-74.16942278947369,0.0002375,1.0,0.009043717329571148,0.011855153759827281,437.36556549914417,437.36556549914417,0.0,214,True,True
623,-6257,4482,19,19.0,40.538982210526314,-74.1728752631579,0.0002375,1.0,0.009043717329571148,0.011855153759827281,300.0438014808413,300.0438014808413,0.0,214,True,True
624,-6252,4487,19,19.0,40.58077789473685,-74.10959836842105,0.0002375,1.0,0.009043717329571148,0.011855153759827281,232.56822301482893,232.56822301482893,0.0,204,True,True
625,-6259,4483,19,19.0,40.54747026315789,-74.19646494736841,0.0002375,1.0,0.009043717329571148,0.011855153759827281,239.0699528281685,239.0699528281685,0.0,215,True,True
626,-6225,4509,19,19.0,40.78160968421053,-73.79580894736843,0.0002375,1.0,0.009043717329571148,0.011855153759827281,329.7819166802269,329.7819166802269,0.0,167,True,True
627,-6226,4504,19,19.0,40.737072999999995,-73.80428763157894,0.0002375,1.0,0.009043717329571148,0.011855153759827281,169.85270412553734,169.85270412553734,0.0,173,True,True
628,-6255,4484,19,19.0,40.556961736842105,-74.14982057894737,0.0002375,1.0,0.009043717329571148,0.011855153759827281,274.80138424724055,274.80138424724055,0.0,213,True,True
629,-6261,4482,19,19.0,40.5380447368421,-74.22055026315789,0.0002375,1.0,0.009043717329571148,0.011855153759827281,328.71435181883123,328.71435181883123,0.0,217,True,True
630,-6223,4495,19,19.0,40.65896584210526,-73.77109089473686,0.0002375,1.0,0.009043717329571148,0.011855153759827281,195.59049289143758,195.59049289143758,0.0,189,True,True
631,-6220,4508,18,18.0,40.77136383333333,-73.73527533333333,0.000225,1.0,0.009043717329571148,0.011855153759827281,145.93571422829592,145.93571422829592,0.0,175,True,True
632,-6218,4506,18,18.0,40.75291061111111,-73.7083256111111,0.000225,1.0,0.009043717329571148,0.011855153759827281,206.04358835635125,206.04358835635125,0.0,176,True,True
633,-6259,4482,18,18.0,40.53884272222222,-74.19519022222222,0.000225,1.0,0.009043717329571148,0.011855153759827281,79.82206091486091,79.82206091486091,0.0,215,True,True
634,-6230,4486,18,18.0,40.57509594444444,-73.85142922222222,0.000225,1.0,0.009043717329571148,0.011855153759827281,231.03900515834363,231.03900515834363,0.0,192,True,True
635,-6246,4492,17,17.0,40.627269000000005,-74.03792217647059,0.0002125,1.0,0.009043717329571148,0.011855153759827281,233.55529028493137,233.55529028493137,0.0,130,True,True
636,-6230,4508,17,17.0,40.77442941176471,-73.84692764705882,0.0002125,1.0,0.009043717329571148,0.011855153759827281,210.70221822392637,210.70221822392637,0.0,166,True,True
637,-6228,4504,17,17.0,40.738234235294115,-73.8253445882353,0.0002125,1.0,0.009043717329571148,0.011855153759827281,389.62556179318216,389.62556179318216,0.0,159,True,True
638,-6264,4479,17,17.0,40.51033094117647,-74.25122647058822,0.0002125,1.0,0.009043717329571148,0.011855153759827281,194.14751822923108,194.14751822923108,0.0,216,True,True
639,-6263,4481,16,16.0,40.528386875,-74.239234625,0.0002,1.0,0.009043717329571148,0.011855153759827281,305.85040609216713,305.85040609216713,0.0,216,True,True
640,-6224,4502,16,16.0,40.717965125,-73.7795360625,0.0002,1.0,0.009043717329571148,0.011855153759827281,255.78518890376898,255.78518890376898,0.0,185,True,True
641,-6260,4483,16,16.0,40.546508375,-74.20954175,0.0002,1.0,0.009043717329571148,0.011855153759827281,161.92964240676096,161.92964240676096,0.0,217,True,True
642,-6221,4504,16,16.0,40.73647425,-73.7463849375,0.0002,1.0,0.009043717329571148,0.011855153759827281,252.74573359229396,252.74573359229396,0.0,174,True,True
643,-6255,4488,16,16.0,40.5909576875,-74.1471968125,0.0002,1.0,0.009043717329571148,0.011855153759827281,446.6842715229652,446.6842715229652,0.0,204,True,True
644,-6228,4510,16,16.0,40.790147250000004,-73.8266473125,0.0002,1.0,0.009043717329571148,0.011855153759827281,167.09421854742678,167.09421854742678,0.0,167,True,True
645,-6251,4489,16,16.0,40.601675625,-74.0982914375,0.0002,1.0,0.009043717329571148,0.011855153759827281,180.25679410832225,180.25679410832225,0.0,211,True,True
646,-6260,4480,15,15.0,40.519524733333334,-74.2070298,0.0001875,1.0,0.009043717329571148,0.011855153759827281,348.5722388682631,348.5722388682631,0.0,215,True,True
647,-6223,4508,15,15.0,40.7721752,-73.77089333333333,0.0001875,1.0,0.009043717329571148,0.011855153759827281,168.93396001220162,168.93396001220162,0.0,171,True,True
648,-6225,4510,15,15.0,40.790410666666666,-73.79342273333333,0.0001875,1.0,0.009043717329571148,0.011855153759827281,261.7551611043784,261.7551611043784,0.0,197,True,True
649,-6229,4494,15,15.0,40.65017186666667,-73.83905193333334,0.0001875,1.0,0.009043717329571148,0.011855153759827281,183.7545096272197,183.7545096272197,0.0,191,True,True
650,-6222,4507,15,15.0,40.76363526666667,-73.76026346666666,0.0001875,1.0,0.009043717329571148,0.011855153759827281,147.65025327436803,147.65025327436803,0.0,171,True,True
651,-6258,4489,14,14.0,40.60164185714286,-74.18638292857143,0.000175,1.0,0.009043717329571148,0.011855153759827281,122.59235338170245,122.59235338170245,0.0,208,True,True
652,-6258,4492,14,14.0,40.62638485714285,-74.17981414285714,0.000175,1.0,0.009043717329571148,0.011855153759827281,338.9384458058083,338.9384458058083,0.0,206,True,True
653,-6236,4488,14,14.0,40.59228507142857,-73.92687485714285,0.000175,1.0,0.009043717329571148,0.011855153759827281,234.4991463769099,234.4991463769099,0.0,144,True,True
654,-6219,4506,14,14.0,40.75377342857143,-73.71970614285715,0.000175,1.0,0.009043717329571148,0.011855153759827281,195.17758749647317,195.17758749647317,0.0,176,True,True
655,-6223,4505,14,14.0,40.74605192857143,-73.76889671428572,0.000175,1.0,0.009043717329571148,0.011855153759827281,197.87334230006266,197.87334230006266,0.0,174,True,True
656,-6256,4486,14,14.0,40.57758092857143,-74.16141692857143,0.000175,1.0,0.009043717329571148,0.011855153759827281,479.56318690853345,479.56318690853345,0.0,208,True,True
657,-6250,4486,14,14.0,40.57392757142857,-74.09088907142858,0.000175,1.0,0.009043717329571148,0.011855153759827281,355.81208601414994,355.81208601414994,0.0,212,True,True
658,-6232,4521,14,14.0,40.891775714285714,-73.87854428571428,0.000175,1.0,0.009043717329571148,0.011855153759827281,342.2583295819418,342.2583295819418,0.0,69,True,True
659,-6262,4479,14,14.0,40.51097692857143,-74.23296549999999,0.000175,1.0,0.009043717329571148,0.011855153759827281,105.68091142034677,105.68091142034677,0.0,216,True,True
660,-6259,4484,14,14.0,40.55719557142857,-74.19851271428571,0.000175,1.0,0.009043717329571148,0.011855153759827281,229.4456212874966,229.4456212874966,0.0,217,True,True
661,-6243,4507,14,14.0,40.76150928571428,-74.00130785714285,0.000175,1.0,0.009043717329571148,0.011855153759827281,82.6300834165302,82.6300834165302,0.0,38,True,True
662,-6254,4487,14,14.0,40.58070042857143,-74.13135085714285,0.000175,1.0,0.009043717329571148,0.011855153759827281,152.8581174732755,152.8581174732755,0.0,204,True,True
663,-6252,4491,14,14.0,40.62043214285715,-74.11243457142858,0.000175,1.0,0.009043717329571148,0.011855153759827281,220.22981459972257,220.22981459972257,0.0,201,True,True
664,-6226,4505,14,14.0,40.746647571428575,-73.80491192857143,0.000175,1.0,0.009043717329571148,0.011855153759827281,241.36499505267665,241.36499505267665,0.0,173,True,True
665,-6223,4503,14,14.0,40.72684057142857,-73.76819542857142,0.000175,1.0,0.009043717329571148,0.011855153759827281,256.00088638431123,256.00088638431123,0.0,185,True,True
666,-6221,4507,13,13.0,40.76526061538462,-73.74365261538462,0.0001625,1.0,0.009043717329571148,0.011855153759827281,48.68393802153777,48.68393802153777,0.0,175,True,True
667,-6249,4487,13,13.0,40.580545692307695,-74.07885530769231,0.0001625,1.0,0.009043717329571148,0.011855153759827281,341.9490878124132,341.9490878124132,0.0,210,True,True
668,-6256,4487,13,13.0,40.58326338461538,-74.15923515384615,0.0001625,1.0,0.009043717329571148,0.011855153759827281,420.76517645955613,420.76517645955613,0.0,208,True,True
669,-6254,4483,13,13.0,40.548397461538464,-74.140403,0.0001625,1.0,0.009043717329571148,0.011855153759827281,154.49098446276614,154.49098446276614,0.0,213,True,True
670,-6220,4505,13,13.0,40.74735246153846,-73.73171853846154,0.0001625,1.0,0.009043717329571148,0.011855153759827281,241.5820921650058,241.5820921650058,0.0,176,True,True
671,-6260,4479,13,13.0,40.5122326923077,-74.20977038461538,0.0001625,1.0,0.009043717329571148,0.011855153759827281,427.410867558748,427.410867558748,0.0,216,True,True
672,-6256,4481,13,13.0,40.530333999999996,-74.1616376153846,0.0001625,1.0,0.009043717329571148,0.011855153759827281,326.03416761676067,326.03416761676067,0.0,213,True,True
673,-6232,4512,13,13.0,40.80836938461538,-73.87675076923077,0.0001625,1.0,0.009043717329571148,0.011855153759827281,260.1098229439312,260.1098229439312,0.0,54,True,True
674,-6260,4481,13,13.0,40.528327999999995,-74.20487107692307,0.0001625,1.0,0.009043717329571148,0.011855153759827281,196.26811010657772,196.26811010657772,0.0,215,True,True
675,-6257,4485,13,13.0,40.56158584615385,-74.1714706923077,0.0001625,1.0,0.009043717329571148,0.011855153759827281,163.6343109133639,163.6343109133639,0.0,214,True,True
676,-6233,4508,13,13.0,40.772252307692305,-73.89118053846154,0.0001625,1.0,0.009043717329571148,0.011855153759827281,274.7101802050804,274.7101802050804,0.0,154,True,True
677,-6244,4495,13,13.0,40.653782846153845,-74.01424592307693,0.0001625,1.0,0.009043717329571148,0.011855153759827281,145.97433116875848,145.97433116875848,0.0,88,True,True
678,-6225,4516,12,12.0,40.84735416666667,-73.78783750000001,0.00015,1.0,0.009043717329571148,0.011855153759827281,70.19602910024446,70.19602910024446,0.0,73,True,True
679,-6228,4495,12,12.0,40.65471025,-73.83085125000001,0.00015,1.0,0.009043717329571148,0.011855153759827281,163.4068612936852,163.4068612936852,0.0,191,True,True
680,-6231,4512,12,12.0,40.81284125,-73.85889683333333,0.00015,1.0,0.009043717329571148,0.011855153759827281,254.154575835056,254.154575835056,0.0,63,True,True
681,-6222,4503,12,12.0,40.72813075,-73.75364508333332,0.00015,1.0,0.009043717329571148,0.011855153759827281,301.60657466803997,301.60657466803997,0.0,185,True,True
682,-6261,4480,12,12.0,40.522959,-74.21746641666667,0.00015,1.0,0.009043717329571148,0.011855153759827281,373.06729427308966,373.06729427308966,0.0,216,True,True
683,-6223,4504,12,12.0,40.7367955,-73.76803758333334,0.00015,1.0,0.009043717329571148,0.011855153759827281,269.71545635193434,269.71545635193434,0.0,174,True,True
684,-6256,4489,12,12.0,40.603514583333336,-74.16309166666666,0.00015,1.0,0.009043717329571148,0.011855153759827281,226.49801473351482,226.49801473351482,0.0,207,True,True
685,-6254,4486,11,11.0,40.573083090909094,-74.1369199090909,0.0001375,1.0,0.009043717329571148,0.011855153759827281,209.55147743311267,209.55147743311267,0.0,204,True,True
686,-6251,4494,11,11.0,40.64379727272728,-74.097549,0.0001375,1.0,0.009043717329571148,0.011855153759827281,196.1363817659348,196.1363817659348,0.0,199,True,True
687,-6236,4520,11,11.0,40.88082354545455,-73.91958763636363,0.0001375,1.0,0.009043717329571148,0.011855153759827281,250.02190579760426,250.02190579760426,0.0,76,True,True
688,-6236,4503,11,11.0,40.730627727272726,-73.92232318181819,0.0001375,1.0,0.009043717329571148,0.011855153759827281,202.02444619482102,202.02444619482102,0.0,150,True,True
689,-6219,4495,11,11.0,40.65519445454545,-73.72662172727273,0.0001375,1.0,0.009043717329571148,0.011855153759827281,272.63529233145624,272.63529233145624,0.0,190,True,True
690,-6236,4509,11,11.0,40.78126136363637,-73.91836645454545,0.0001375,1.0,0.009043717329571148,0.011855153759827281,198.22804932002575,198.22804932002575,0.0,155,True,True
691,-6240,4496,11,11.0,40.66779218181818,-73.97329272727274,0.0001375,1.0,0.009043717329571148,0.011855153759827281,141.57359600427725,141.57359600427725,0.0,91,True,True
692,-6224,4515,11,11.0,40.84122,-73.78424,0.0001375,1.0,0.009043717329571148,0.011855153759827281,96.17347067733824,96.17347067733824,0.0,73,True,True
693,-6257,4490,11,11.0,40.61003072727272,-74.16729418181818,0.0001375,1.0,0.009043717329571148,0.011855153759827281,165.8464018172868,165.8464018172868,0.0,207,True,True
694,-6229,4508,10,10.0,40.775134599999994,-73.83988339999999,0.000125,1.0,0.009043717329571148,0.011855153759827281,230.41853685548676,230.41853685548676,0.0,166,True,True
695,-6236,4502,10,10.0,40.7196427,-73.92177469999999,0.000125,1.0,0.009043717329571148,0.011855153759827281,135.8270583405897,135.8270583405897,0.0,109,True,True
696,-6231,4486,10,10.0,40.5722047,-73.8615097,0.000125,1.0,0.009043717329571148,0.011855153759827281,320.14852659839295,320.14852659839295,0.0,193,True,True
697,-6229,4514,10,10.0,40.8260702,-73.8404793,0.000125,1.0,0.009043717329571148,0.011855153759827281,203.09196144264257,203.09196144264257,0.0,78,True,True
698,-6244,4498,10,10.0,40.679574,-74.013837,0.000125,1.0,0.009043717329571148,0.011855153759827281,120.37144749310477,120.37144749310477,0.0,87,True,True
699,-6221,4506,10,10.0,40.7554652,-73.7428908,0.000125,1.0,0.009043717329571148,0.011855153759827281,225.25398010866536,225.25398010866536,0.0,175,True,True
700,-6242,4509,10,10.0,40.778884,-73.988311,0.000125,1.0,0.009043717329571148,0.011855153759827281,113.78916047929175,113.78916047929175,0.0,21,True,True
701,-6229,4503,9,9.0,40.726131555555554,-73.84041022222223,0.0001125,1.0,0.009043717329571148,0.011855153759827281,167.50155408419567,167.50155408419567,0.0,163,True,True
702,-6218,4503,9,9.0,40.729061888888886,-73.71124811111112,0.0001125,1.0,0.009043717329571148,0.011855153759827281,309.4514904783225,309.4514904783225,0.0,176,True,True
703,-6228,4496,9,9.0,40.66642933333333,-73.82525066666668,0.0001125,1.0,0.009043717329571148,0.011855153759827281,256.3917072669701,256.3917072669701,0.0,191,True,True
704,-6233,4499,9,9.0,40.69484411111111,-73.88713555555556,0.0001125,1.0,0.009043717329571148,0.011855153759827281,133.63552659410738,133.63552659410738,0.0,164,True,True
705,-6254,4488,9,9.0,40.594705222222224,-74.13585266666666,0.0001125,1.0,0.009043717329571148,0.011855153759827281,401.2876804315738,401.2876804315738,0.0,204,True,True
706,-6235,4523,9,9.0,40.91043922222222,-73.90764155555556,0.0001125,1.0,0.009043717329571148,0.011855153759827281,355.50799537368516,355.50799537368516,0.0,74,True,True
707,-6257,4491,9,9.0,40.620837,-74.16807555555555,0.0001125,1.0,0.009043717329571148,0.011855153759827281,200.5914871249769,200.5914871249769,0.0,207,True,True
708,-6227,4489,9,9.0,40.60307488888889,-73.81994,0.0001125,1.0,0.009043717329571148,0.011855153759827281,331.42738665829376,331.42738665829376,0.0,194,True,True
709,-6246,4493,9,9.0,40.636576777777776,-74.03650044444444,0.0001125,1.0,0.009043717329571148,0.011855153759827281,177.60018203817302,177.60018203817302,0.0,129,True,True
710,-6259,4479,9,9.0,40.51419677777778,-74.19647377777777,0.0001125,1.0,0.009043717329571148,0.011855153759827281,409.4492303923766,409.4492303923766,0.0,215,True,True
711,-6243,4488,9,9.0,40.59598,-73.99992,0.0001125,1.0,0.009043717329571148,0.011855153759827281,185.15119516273973,185.15119516273973,0.0,136,True,True
712,-6238,4486,9,9.0,40.57751066666667,-73.94738066666667,0.0001125,1.0,0.009043717329571148,0.011855153759827281,226.30821818879662,226.30821818879662,0.0,143,True,True
713,-6257,4481,8,8.0,40.529415375,-74.171048625,0.0001,1.0,0.009043717329571148,0.011855153759827281,385.48367818316376,385.48367818316376,0.0,215,True,True
714,-6230,4487,8,8.0,40.58048375,-73.848682875,0.0001,1.0,0.009043717329571148,0.011855153759827281,165.0973274376958,165.0973274376958,0.0,192,True,True
715,-6246,4490,8,8.0,40.614198125,-74.037074375,0.0001,1.0,0.009043717329571148,0.011855153759827281,136.96603415609718,136.96603415609718,0.0,130,True,True
716,-6252,4484,8,8.0,40.5581955,-74.112538625,0.0001,1.0,0.009043717329571148,0.011855153759827281,382.88673484492665,382.88673484492665,0.0,204,True,True
717,-6243,4499,8,8.0,40.688576125,-74.001007375,0.0001,1.0,0.009043717329571148,0.011855153759827281,115.22482049210008,115.22482049210008,0.0,85,True,True
718,-6257,4492,8,8.0,40.6272425,-74.16795225,0.0001,1.0,0.009043717329571148,0.011855153759827281,201.14042742480206,201.14042742480206,0.0,206,True,True
719,-6257,4489,8,8.0,40.602600375,-74.166993125,0.0001,1.0,0.009043717329571148,0.011855153759827281,224.84545312243227,224.84545312243227,0.0,208,True,True
720,-6233,4510,8,8.0,40.791868,-73.883332,0.0001,1.0,0.009043717329571148,0.011855153759827281,515.3971119378632,515.3971119378632,0.0,54,False,False
721,-6248,4491,8,8.0,40.617913125,-74.06787725,0.0001,1.0,0.009043717329571148,0.011855153759827281,135.8667816330585,135.8667816330585,0.0,209,True,True
722,-6258,4485,8,8.0,40.5631505,-74.18144275,0.0001,1.0,0.009043717329571148,0.011855153759827281,201.5979046274911,201.5979046274911,0.0,214,True,True
723,-6237,4486,8,8.0,40.578376,-73.938868,0.0001,1.0,0.009043717329571148,0.011855153759827281,325.0316710994206,325.0316710994206,0.0,143,True,True
724,-6221,4505,8,8.0,40.74773125,-73.74666325,0.0001,1.0,0.009043717329571148,0.011855153759827281,146.73453691359097,146.73453691359097,0.0,174,True,True
725,-6251,4485,8,8.0,40.564232375,-74.1016215,0.0001,1.0,0.009043717329571148,0.011855153759827281,396.7578276296759,396.7578276296759,0.0,204,True,True
726,-6259,4480,8,8.0,40.519368375,-74.19766025,0.0001,1.0,0.009043717329571148,0.011855153759827281,314.1457706021282,314.1457706021282,0.0,215,True,True
727,-6225,4517,7,7.0,40.852532857142855,-73.78944,8.75e-05,1.0,0.009043717329571148,0.011855153759827281,160.52369858091407,160.52369858091407,0.0,73,True,True
728,-6223,4490,7,7.0,40.610668857142855,-73.76839142857143,8.75e-05,1.0,0.009043717329571148,0.011855153759827281,268.9003918934095,268.9003918934095,0.0,196,True,True
729,-6229,4505,7,7.0,40.74529457142857,-73.835316,8.75e-05,1.0,0.009043717329571148,0.011855153759827281,286.36778002760366,286.36778002760366,0.0,159,True,True
730,-6234,4490,7,7.0,40.61157014285714,-73.90200042857143,8.75e-05,1.0,0.009043717329571148,0.011855153759827281,267.09914206518886,267.09914206518886,0.0,141,True,True
731,-6257,4488,7,7.0,40.59105242857142,-74.16712300000002,8.75e-05,1.0,0.009043717329571148,0.011855153759827281,243.36068614309752,243.36068614309752,0.0,208,True,True
732,-6262,4478,7,7.0,40.50493171428571,-74.23388371428572,8.75e-05,1.0,0.009043717329571148,0.011855153759827281,176.80120410020226,176.80120410020226,0.0,216,True,True
733,-6244,4489,7,7.0,40.604290428571424,-74.01516042857143,8.75e-05,1.0,0.009043717329571148,0.011855153759827281,182.77290915065183,182.77290915065183,0.0,132,True,True
734,-6234,4509,7,7.0,40.778847999999996,-73.90025742857144,8.75e-05,1.0,0.009043717329571148,0.011855153759827281,189.9318619805243,189.9318619805243,0.0,155,True,True
735,-6224,4510,7,7.0,40.789211,-73.78300300000001,8.75e-05,1.0,0.009043717329571148,0.011855153759827281,135.78529672942142,135.78529672942142,0.0,197,True,True
736,-6228,4486,6,6.0,40.578632,-73.833469,7.5e-05,1.0,0.009043717329571148,0.011855153759827281,90.73433156067172,90.73433156067172,0.0,192,True,True
737,-6224,4516,6,6.0,40.84634333333333,-73.78546,7.5e-05,1.0,0.009043717329571148,0.011855153759827281,32.89197177674417,32.89197177674417,0.0,73,True,True
738,-6227,4490,6,6.0,40.610474,-73.81922033333333,7.5e-05,1.0,0.009043717329571148,0.011855153759827281,466.5658020422084,466.5658020422084,0.0,194,True,True
739,-6226,4512,6,6.0,40.811272,-73.804477,7.5e-05,1.0,0.009043717329571148,0.011855153759827281,283.943562241067,283.943562241067,0.0,72,True,True
740,-6220,4494,6,6.0,40.6498565,-73.736018,7.5e-05,1.0,0.009043717329571148,0.011855153759827281,286.6314779591373,286.6314779591373,0.0,190,True,True
741,-6227,4518,6,6.0,40.862084,-73.820278,7.5e-05,1.0,0.009043717329571148,0.011855153759827281,224.09221573156552,224.09221573156552,0.0,70,True,True
742,-6263,4480,6,6.0,40.519091,-74.23933583333333,7.5e-05,1.0,0.009043717329571148,0.011855153759827281,133.18050189023205,133.18050189023205,0.0,216,True,True
743,-6227,4511,6,6.0,40.797299333333335,-73.81729399999999,7.5e-05,1.0,0.009043717329571148,0.011855153759827281,170.7723225342869,170.7723225342869,0.0,167,True,True
744,-6222,4508,6,6.0,40.7735105,-73.75445683333334,7.5e-05,1.0,0.009043717329571148,0.011855153759827281,226.75128352469622,226.75128352469622,0.0,175,True,True
745,-6217,4505,6,6.0,40.74662683333333,-73.70272166666666,7.5e-05,1.0,0.009043717329571148,0.011855153759827281,207.30817448938322,207.30817448938322,0.0,176,True,True
746,-6255,4489,6,6.0,40.60507583333334,-74.14336466666667,7.5e-05,1.0,0.009043717329571148,0.011855153759827281,274.0114503153423,274.0114503153423,0.0,202,True,True
747,-6259,4487,5,5.0,40.586984,-74.198459,6.25e-05,1.0,0.009043717329571148,0.011855153759827281,339.649072127196,339.649072127196,0.0,208,True,True
748,-6256,4485,5,5.0,40.5630402,-74.1585858,6.25e-05,1.0,0.009043717329571148,0.011855153759827281,304.73719035147514,304.73719035147514,0.0,214,True,True
749,-6263,4482,5,5.0,40.537394,-74.237751,6.25e-05,1.0,0.009043717329571148,0.011855153759827281,473.5369313169867,473.5369313169867,0.0,216,True,True
750,-6227,4512,5,5.0,40.8138698,-73.81747759999999,6.25e-05,1.0,0.009043717329571148,0.011855153759827281,153.72182004336952,153.72182004336952,0.0,72,True,True
751,-6227,4521,4,4.0,40.888988250000004,-73.82022275,5e-05,1.0,0.009043717329571148,0.011855153759827281,404.816663510673,404.816663510673,0.0,70,True,True
752,-6258,4481,4,4.0,40.5269225,-74.18524725,5e-05,1.0,0.009043717329571148,0.011855153759827281,234.67074911614603,234.67074911614603,0.0,215,True,True
753,-6243,4496,4,4.0,40.66349925,-74.00180900000001,5e-05,1.0,0.009043717329571148,0.011855153759827281,178.00710307892166,178.00710307892166,0.0,86,True,True
754,-6242,4487,4,4.0,40.587237,-73.989007,5e-05,1.0,0.009043717329571148,0.011855153759827281,199.97946399524756,199.97946399524756,0.0,137,True,True
755,-6217,4506,4,4.0,40.75175,-73.70312,5e-05,1.0,0.009043717329571148,0.011855153759827281,242.11174951696492,242.11174951696492,0.0,176,True,True
756,-6228,4512,4,4.0,40.8131835,-73.824816,5e-05,1.0,0.009043717329571148,0.011855153759827281,192.06337035191817,192.06337035191817,0.0,72,True,True
757,-6235,4489,4,4.0,40.60556,-73.91244,5e-05,1.0,0.009043717329571148,0.011855153759827281,290.1076033068849,290.1076033068849,0.0,141,True,True
758,-6252,4489,4,4.0,40.60128375,-74.11488475,5e-05,1.0,0.009043717329571148,0.011855153759827281,296.3946300725923,296.3946300725923,0.0,212,True,True
759,-6255,4481,3,3.0,40.53333,-74.1515,3.75e-05,1.0,0.009043717329571148,0.011855153759827281,205.64000104519462,205.64000104519462,0.0,213,True,True
760,-6223,4509,3,3.0,40.779933666666665,-73.77133099999999,3.75e-05,1.0,0.009043717329571148,0.011855153759827281,272.4884903886706,272.4884903886706,0.0,197,True,True
761,-6260,4484,3,3.0,40.55275266666667,-74.21239966666667,3.75e-05,1.0,0.009043717329571148,0.011855153759827281,39.118711646589134,39.118711646589134,0.0,217,True,True
762,-6226,4489,3,3.0,40.59824,-73.79872,3.75e-05,1.0,0.009043717329571148,0.011855153759827281,304.4790447334135,304.4790447334135,0.0,198,True,True
763,-6252,4488,3,3.0,40.595378000000004,-74.10980066666667,3.75e-05,1.0,0.009043717329571148,0.011855153759827281,171.02874561688407,171.02874561688407,0.0,212,True,True
764,-6233,4485,3,3.0,40.566153,-73.88442633333334,3.75e-05,1.0,0.009043717329571148,0.011855153759827281,56.03585880617941,56.03585880617941,0.0,193,True,True
765,-6259,4488,3,3.0,40.588955999999996,-74.19209866666667,3.75e-05,1.0,0.009043717329571148,0.011855153759827281,248.37531629138624,248.37531629138624,0.0,208,True,True
766,-6258,4490,3,3.0,40.609049,-74.178368,3.75e-05,1.0,0.009043717329571148,0.011855153759827281,223.89530627959292,223.89530627959292,0.0,208,True,True
767,-6250,4485,3,3.0,40.569929,-74.091071,3.75e-05,1.0,0.009043717329571148,0.011855153759827281,424.0830234924236,424.0830234924236,0.0,212,True,True
768,-6255,4486,3,3.0,40.57201,-74.14699,3.75e-05,1.0,0.009043717329571148,0.011855153759827281,352.1660888477729,352.1660888477729,0.0,204,True,True
769,-6253,4487,3,3.0,40.58048766666667,-74.12704666666667,3.75e-05,1.0,0.009043717329571148,0.011855153759827281,109.51395077449953,109.51395077449953,0.0,204,True,True
770,-6261,4479,3,3.0,40.50861533333333,-74.22446333333333,3.75e-05,1.0,0.009043717329571148,0.011855153759827281,233.57667698760105,233.57667698760105,0.0,216,True,True
771,-6252,4494,3,3.0,40.64438233333333,-74.11042833333333,3.75e-05,1.0,0.009043717329571148,0.011855153759827281,262.67541975252016,262.67541975252016,0.0,200,True,True
772,-6225,4489,3,3.0,40.59867333333333,-73.79513666666666,3.75e-05,1.0,0.009043717329571148,0.011855153759827281,259.7758532551195,259.7758532551195,0.0,198,True,True
773,-6217,4504,3,3.0,40.738711,-73.701912,3.75e-05,1.0,0.009043717329571148,0.011855153759827281,241.4693256109409,241.4693256109409,0.0,176,True,True
774,-6231,4485,3,3.0,40.569681,-73.863308,3.75e-05,1.0,0.009043717329571148,0.011855153759827281,281.1049559486878,281.1049559486878,0.0,193,True,True
775,-6262,4481,2,2.0,40.5309415,-74.23572250000001,2.5e-05,1.0,0.009043717329571148,0.011855153759827281,356.36052752098533,356.36052752098533,0.0,216,True,True
776,-6264,4478,2,2.0,40.505003,-74.251609,2.5e-05,1.0,0.009043717329571148,0.011855153759827281,244.49867379508552,244.49867379508552,0.0,216,True,True
777,-6231,4508,2,2.0,40.7711045,-73.86487600000001,2.5e-05,1.0,0.009043717329571148,0.011855153759827281,186.50951766806892,186.50951766806892,0.0,158,True,True
778,-6243,4487,2,2.0,40.58015,-74.007045,2.5e-05,1.0,0.009043717329571148,0.011855153759827281,218.02043938681766,218.02043938681766,0.0,137,True,True
779,-6257,4487,2,2.0,40.582581,-74.168727,2.5e-05,1.0,0.009043717329571148,0.011855153759827281,345.35799100618135,345.35799100618135,0.0,208,True,True
780,-6228,4511,2,2.0,40.796213,-73.82297,2.5e-05,1.0,0.009043717329571148,0.011855153759827281,181.8247269042645,181.8247269042645,0.0,167,True,True
781,-6258,4488,2,2.0,40.5933485,-74.185626,2.5e-05,1.0,0.009043717329571148,0.011855153759827281,126.43735182584429,126.43735182584429,0.0,208,True,True
782,-6236,4521,2,2.0,40.888902,-73.916958,2.5e-05,1.0,0.009043717329571148,0.011855153759827281,158.71132992595616,158.71132992595616,0.0,74,True,True
783,-6234,4485,2,2.0,40.562128,-73.902306,2.5e-05,1.0,0.009043717329571148,0.011855153759827281,317.1287009558599,317.1287009558599,0.0,193,True,True
784,-6255,4487,2,2.0,40.584342,-74.1504805,2.5e-05,1.0,0.009043717329571148,0.011855153759827281,422.8563747326753,422.8563747326753,0.0,204,True,True
785,-6233,4511,1,1.0,40.804673,-73.88582,1.25e-05,1.0,0.009043717329571148,0.011855153759827281,274.9494890517874,274.9494890517874,0.0,54,True,True
786,-6262,4482,1,1.0,40.537617,-74.232734,1.25e-05,1.0,0.009043717329571148,0.011855153759827281,426.1904690438044,426.1904690438044,0.0,217,True,True
787,-6232,4493,1,1.0,40.641652,-73.879192,1.25e-05,1.0,0.009043717329571148,0.011855153759827281,370.90670682189443,370.90670682189443,0.0,140,True,True
788,-6261,4484,1,1.0,40.554715,-74.217213,1.25e-05,1.0,0.009043717329571148,0.011855153759827281,75.06330909643788,75.06330909643788,0.0,217,True,True
789,-6259,4485,1,1.0,40.563784,-74.197028,1.25e-05,1.0,0.009043717329571148,0.011855153759827281,306.29161753738214,306.29161753738214,0.0,217,True,True
790,-6234,4489,1,1.0,40.60565,-73.90398,1.25e-05,1.0,0.009043717329571148,0.011855153759827281,332.08477773090607,332.08477773090607,0.0,141,True,True
791,-6258,4480,1,1.0,40.52251,-74.17934,1.25e-05,1.0,0.009043717329571148,0.011855153759827281,351.6494567419028,351.6494567419028,0.0,215,True,True
792,-6237,4509,1,1.0,40.785597,-73.940207,1.25e-05,1.0,0.009043717329571148,0.011855153759827281,117.08621095432339,128.6581869195755,-11.571975965252122,252,True,True
793,-6236,4489,1,1.0,40.60579,-73.92444,1.25e-05,1.0,0.009043717329571148,0.011855153759827281,180.19064739896254,180.19064739896254,0.0,144,True,True
794,-6257,4480,1,1.0,40.52444,-74.17398,1.25e-05,1.0,0.009043717329571148,0.011855153759827281,387.699703592563,387.699703592563,0.0,215,True,True
795,-6253,4488,1,1.0,40.590711,-74.126202,1.25e-05,1.0,0.009043717329571148,0.011855153759827281,289.2371259991543,289.2371259991543,0.0,204,True,True
796,-6222,4509,1,1.0,40.778611,-73.752627,1.25e-05,1.0,0.009043717329571148,0.011855153759827281,278.5212311330191,278.5212311330191,0.0,175,True,True
797,-6219,4499,1,1.0,40.689314,-73.727166,1.25e-05,1.0,0.009043717329571148,0.011855153759827281,422.57744828488273,422.57744828488273,0.0,188,True,True
798,-6262,4483,1,1.0,40.545831,-74.229824,1.25e-05,1.0,0.009043717329571148,0.011855153759827281,295.3870976658778,295.3870976658778,0.0,217,True,True
799,-6259,4489,1,1.0,40.601202,-74.194312,1.25e-05,1.0,0.009043717329571148,0.011855153759827281,218.74312966643717,218.74312966643717,0.0,208,True,True
800,-6219,4497,1,1.0,40.675096,-73.727141,1.25e-05,1.0,0.009043717329571148,0.011855153759827281,295.6968506853745,295.6968506853745,0.0,190,True,True
801,-6258,4493,1,1.0,40.634487,-74.181842,1.25e-05,1.0,0.009043717329571148,0.011855153759827281,322.6666647843539,322.6666647843539,0.0,206,True,True
802,-6226,4514,1,1.0,40.82415,-73.80972,1.25e-05,1.0,0.009043717329571148,0.011855153759827281,146.03306038349334,146.03306038349334,0.0,72,True,True
803,-6228,4494,1,1.0,40.649941,-73.831796,1.25e-05,1.0,0.009043717329571148,0.011855153759827281,219.3193616927797,219.3193616927797,0.0,191,True,True
804,-6234,4491,1,1.0,40.6154,-73.90128,1.25e-05,1.0,0.009043717329571148,0.011855153759827281,238.69651895160837,238.69651895160837,0.0,141,True,True
805,-6238,4517,1,1.0,40.851816,-73.941724,1.25e-05,1.0,0.009043717329571148,0.011855153759827281,167.69707410983054,167.69707410983054,0.0,42,True,True
806,-6249,4486,1,1.0,40.578872,-74.07892,1.25e-05,1.0,0.009043717329571148,0.011855153759827281,371.1560567549855,371.1560567549855,0.0,210,True,True
